SALE TITLE,SESSION,HIP,COLOR,NAME,SEX,SIRE,DAM,SIRE OF DAM,PROPERTY LINE,PURCHASER,PRICE,PRIVATE SALE,YEAR OF BIRTH,FOALED,COVER DATE,SOLD AS CODE,SOLD AS DESCRIPTION,VIRTUAL INSPECTION
California Fall Yearlings (2026),2026-09-30,1,B,SOVIET BALLET,F,HALLADAY,QUEEN OF POMPEII,TEMPLE CITY,MCCARTHY BLOODSTOCK AGENT,J & S RACING & IJJ & SIERRA,55000,,03/03/2025,CA,,Y,,https://vimeo.com/1230567877,[object Object]
California Fall Yearlings (2026),2026-09-30,2,CH,2025-R D'ORO,F,LEXITONIAN,R D'ORO,MEDAGLIA D'ORO,MILKY WAY FARM AGENT,NOT SOLD,17000,,01/31/2025,CA,,Y,,https://vimeo.com/1223874217,[object Object]
California Fall Yearlings (2026),2026-09-30,3,DK B/,2025-R NAJA,F,ACCLAMATION,R NAJA,EXCHANGE RATE,HARRIS FARMS INC.,OUT,0,,02/15/2025,CA,,Y,,,[object Object]
California Fall Yearlings (2026),2026-09-30,4,DK B/,2025-RAPID REPAIR,F,STAY THIRSTY,RAPID REPAIR,ARCH,LOVACRES RANCH LLC AGENT,JEFF STINSON,2500,,04/15/2025,CA,,Y,,https://vimeo.com/1222355343?share=copy,[object Object]
California Fall Yearlings (2026),2026-09-30,5,CH,2025-REARRANGE,C,FLAMEAWAY,REARRANGE,SPEIGHTSTOWN,MILKY WAY FARM AGENT,OUT,0,,05/03/2025,CA,,Y,,https://vimeo.com/1223874220,[object Object]
California Fall Yearlings (2026),2026-09-30,6,GR/RO,2025-RECOILING,C,HALLADAY,RECOILING,COIL,WOODBRIDGE FARM LLC AGENT,OUT,0,,04/10/2025,CA,,Y,,https://vimeo.com/1226349327/2a73f11e2c,[object Object]
California Fall Yearlings (2026),2026-09-30,7,GR/RO,2025-RENEWED ENERGY,C,VOLATILE,RENEWED ENERGY,TAPIT,BARTON THOROUGHBREDS AGENT,NOT SOLD,47000,,02/05/2025,CA,,Y,,https://vimeo.com/reviews/4e9b95e9-4683-470e-8b57-5b178e290320/videos/1228792376,[object Object]
California Fall Yearlings (2026),2026-09-30,8,CH,2025-REUNION,C,ARCANGELO,REUNION,SPEIGHTSTOWN,LOVACRES RANCH LLC AGENT,VICKY JO ELISON,30000,,04/03/2025,CA,,Y,,https://vimeo.com/1222356910?share=copy,[object Object]
California Fall Yearlings (2026),2026-09-30,9,DK B/,2025-RINGMISTRESS,C,OMAHA BEACH,RINGMISTRESS,BANDINI,BARTON THOROUGHBREDS AGENT,NOT SOLD,80000,,04/06/2025,CA,,Y,,https://vimeo.com/reviews/4e9b95e9-4683-470e-8b57-5b178e290320/videos/1228792391,[object Object]
California Fall Yearlings (2026),2026-09-30,10,CH,2025-ROBERTSON,C,PASSION FOR GOLD,ROBERTSON,TAPIT,MILKY WAY FARM AGENT,RECENDEZ RANCH,3000,,04/10/2025,CA,,Y,,https://vimeo.com/1223818133,[object Object]
California Fall Yearlings (2026),2026-09-30,11,DK B/,2025-ROSE GARDEN,C,LEXITONIAN,ROSE GARDEN,PIONEEROF THE NILE,BARTON THOROUGHBREDS AGENT,DANIEL WELLS (WELLS RACING LLC),28000,,03/09/2025,CA,,Y,,https://vimeo.com/reviews/4e9b95e9-4683-470e-8b57-5b178e290320/videos/1228792375,[object Object]
California Fall Yearlings (2026),2026-09-30,12,DK B/,2025-SAMANTHA DILLON,C,MAXFIELD,SAMANTHA DILLON,UNBRIDLED'S SONG,HARRIS FARMS INC. AGENT FOR HANSON'S RIVER RANCH,NOT SOLD,23000,,04/19/2025,CA,,Y,,https://vimeo.com/1230605264,[object Object]
California Fall Yearlings (2026),2026-09-30,13,CH,2025-SASSY SIS,F,OM,SASSY SIS,SMILING TIGER,WOODBRIDGE FARM LLC AGENT,NOT SOLD,15000,,04/01/2025,CA,,Y,,https://vimeo.com/1226300498,[object Object]
California Fall Yearlings (2026),2026-09-30,14,DK B/,2025-SECRET THORN,F,HALLADAY,SECRET THORN,THORN SONG,HARRIS FARMS INC.,RANDY SPARAGE,20000,,04/03/2025,CA,,Y,,https://vimeo.com/1228993180,[object Object]
California Fall Yearlings (2026),2026-09-30,15,DK B/,2025-SECTOR ROTATION,F,CAT BURGLAR,SECTOR ROTATION,STREET SENSE,BARTON THOROUGHBREDS AGENT,OUT,0,,04/09/2025,CA,,Y,,,[object Object]
California Fall Yearlings (2026),2026-09-30,16,CH,OM LUPE,C,OM,SEEMS LOGICAL,GRAZEN,HARRIS FARMS INC. AGENT,NOT SOLD,11000,,03/23/2025,CA,,Y,,https://vimeo.com/1230605932,[object Object]
California Fall Yearlings (2026),2026-09-30,17,B,COLDRUSH,F,FROSTED,SEN SEN,SMILING TIGER,WOODBRIDGE FARM LLC AGENT,NOT SOLD,2500,,01/20/2025,CA,,Y,,https://vimeo.com/1226299112,[object Object]
California Fall Yearlings (2026),2026-09-30,18,B,MOANING MYRTLE,F,VISITANT,SENECA DESTINY,SENECA JONES,MILKY WAY FARM AGENT,JORGE PERIBAN,8000,,01/21/2025,CA,,Y,,https://vimeo.com/1230519429?share=copy&fl=sv&fe=ci,[object Object]
California Fall Yearlings (2026),2026-09-30,19,GR/RO,SHE BEDAZZLED,F,HALLADAY,SENSIBLE GIRL,STREET SENSE,RANCHO SAN MIGUEL AGENT,NOT SOLD,2500,,03/25/2025,CA,,Y,,https://youtu.be/MT_YV7wESQI,[object Object]
California Fall Yearlings (2026),2026-09-30,20,CH,2025-SEPTEMBER SECRET,C,TAIBA,SEPTEMBER SECRET,GRAZEN,CHECKMATE THOROUGHBREDS LLC,HANSON RACING,80000,,04/16/2025,CA,,Y,,,[object Object]
California Fall Yearlings (2026),2026-09-30,21,DK B/,2025-SHARED EMPIRE,F,PAPPACAP,SHARED EMPIRE,PIONEEROF THE NILE,MILKY WAY FARM AGENT,NOT SOLD,2500,,04/01/2025,CA,,Y,,https://vimeo.com/1223874219,[object Object]
California Fall Yearlings (2026),2026-09-30,22,DK B/,2025-SHARED IMAGE,C,SHAAZ,SHARED IMAGE,ROCKY BAR,BARTON THOROUGHBREDS AGENT,NOT SOLD,17000,,04/02/2025,CA,,Y,,https://vimeo.com/reviews/4e9b95e9-4683-470e-8b57-5b178e290320/videos/1228792374,[object Object]
California Fall Yearlings (2026),2026-09-30,23,DK B/,2025-SHAZARA,C,FINNEUS,SHAZARA,EL CORREDOR,LOVACRES RANCH LLC AGENT,EDWIN ALVAREZ,5000,,03/14/2025,CA,,Y,,https://vimeo.com/1222359673?share=copy,[object Object]
California Fall Yearlings (2026),2026-09-30,24,CH,2025-SHE'LL DO,F,CAT BURGLAR,SHE'LL DO,HARD SPUN,BARTON THOROUGHBREDS AGENT,JUAN GARCIA,35000,,03/14/2025,CA,,Y,,https://vimeo.com/reviews/4e9b95e9-4683-470e-8b57-5b178e290320/videos/1228793631,[object Object]
California Fall Yearlings (2026),2026-09-30,25,CH,2025-SHE'S SO VAIN,F,SMILING TIGER,SHE'S SO VAIN,GOTHAM CITY,WOODBRIDGE FARM LLC AGENT,OUT,0,,03/22/2025,CA,,Y,,,[object Object]
California Fall Yearlings (2026),2026-09-30,26,B,2025-SHIITAKE SHIITAKE,C,SHAAZ,SHIITAKE SHIITAKE,TIZNOW,BARTON THOROUGHBREDS AGENT,NICK J HINES AGENT,13000,,01/16/2025,CA,,Y,,https://vimeo.com/reviews/4e9b95e9-4683-470e-8b57-5b178e290320/videos/1228793828,[object Object]
California Fall Yearlings (2026),2026-09-30,27,GR/RO,2025-SIENNA SKY,C,HALLADAY,SIENNA SKY,SKY MESA,WOODBRIDGE FARM LLC AGENT,OUT,0,,04/22/2025,CA,,Y,,https://vimeo.com/1226297463,[object Object]
California Fall Yearlings (2026),2026-09-30,28,GR/RO,2025-SILENT STORY,F,KNOWN AGENDA,SILENT STORY,KITTEN'S JOY,BARTON THOROUGHBREDS AGENT,FRANCOISE DUPUIS AGENT,40000,,01/20/2025,CA,,Y,,https://vimeo.com/reviews/4e9b95e9-4683-470e-8b57-5b178e290320/videos/1228793989,[object Object]
California Fall Yearlings (2026),2026-09-30,29,GR/RO,2025-SILVERENIECHARM,F,MOQUEST,SILVERENIECHARM,SILVER CHARM,HAVENS BLOODSTOCK AGENCY INC. AGENT,HALSTON BLOODSTOCK,5000,,04/02/2025,CA,,Y,,https://vimeo.com/1230794799,[object Object]
California Fall Yearlings (2026),2026-09-30,30,B,2025-SIP SIP HOORAY,C,SMOKEM,SIP SIP HOORAY,STAY THIRSTY,LOVACRES RANCH LLC AGENT,FIRSTHOME THOROUGHBREDS,10000,,01/14/2025,CA,,Y,,https://vimeo.com/1222361513,[object Object]
California Fall Yearlings (2026),2026-09-30,31,DK B/,2025-SKYLAR'S PASS,C,SHAAZ,SKYLAR'S PASS,THE FACTOR,BARTON THOROUGHBREDS AGENT,MIGUEL CARRANZA,5000,,03/14/2025,CA,,Y,,https://vimeo.com/reviews/4e9b95e9-4683-470e-8b57-5b178e290320/videos/1228793990,[object Object]
California Fall Yearlings (2026),2026-09-30,32,DK B/,2025-SMOKIN KISSES,F,STAY THIRSTY,SMOKIN KISSES,SMOKEM,LOVACRES RANCH LLC AGENT,JEFF STINSON,3000,,04/15/2025,CA,,Y,,https://vimeo.com/1222363637?share=copy,[object Object]
California Fall Yearlings (2026),2026-09-30,33,GR/RO,2025-SNIP,C,CAT BURGLAR,SNIP,GHOSTZAPPER,BARTON THOROUGHBREDS AGENT,OUT,0,,01/12/2025,CA,,Y,,,[object Object]
California Fall Yearlings (2026),2026-09-30,34,DK B/,2025-SOME EXCESS,F,SIR PRANCEALOT (IRE),SOME EXCESS,IN EXCESS (IRE),HAVENS BLOODSTOCK AGENCY INC. AGENT,NICK J HINES AGENT,20000,,02/09/2025,CA,,Y,,https://youtu.be/T3uThJ0Qgs8?si=rYDQrto6lEq7pLsf,[object Object]
California Fall Yearlings (2026),2026-09-30,35,B,2025-SOUL FLYER,F,MO FORZA,SOUL FLYER,BERTRANDO,HAVENS BLOODSTOCK AGENCY INC. AGENT FOR LIBERTY ROAD STABLES LLC,SERGIO MORFIN,5000,,04/11/2025,CA,,Y,,https://vimeo.com/1230795942,[object Object]
California Fall Yearlings (2026),2026-09-30,36,DK B/,2025-SPECTER,C,CAT BURGLAR,SPECTER,GHOSTZAPPER,BARTON THOROUGHBREDS AGENT,NOT SOLD,4000,,03/13/2025,CA,,Y,,https://vimeo.com/reviews/4e9b95e9-4683-470e-8b57-5b178e290320/videos/1228796446,[object Object]
California Fall Yearlings (2026),2026-09-30,37,DK B/,2025-SPIRITWALKER,F,MOQUEST,SPIRITWALKER,BERTRANDO,HAVENS BLOODSTOCK AGENCY INC. AGENT,OUT,0,,02/05/2025,CA,,Y,,https://vimeo.com/1230797147,[object Object]
California Fall Yearlings (2026),2026-09-30,38,DK B/,KEALOHA,C,RUMPUS CAT,SPLASHING,TAPIZAR,MILKY WAY FARM AGENT,NOT SOLD,2500,,03/24/2025,CA,,Y,,https://vimeo.com/1223818132,[object Object]
California Fall Yearlings (2026),2026-09-30,39,B,2025-ST HELENA,F,MO FORZA,ST HELENA,BLUEGRASS CAT,RANCHO SAN MIGUEL AGENT,OUT,0,,01/02/2025,CA,,Y,,,[object Object]
California Fall Yearlings (2026),2026-09-30,40,B,2025-STAR AFFAIR,C,YAUPON,STAR AFFAIR,TIZNOW,RANCHO SAN MIGUEL AGENT,SLUGO RACING,170000,,03/18/2025,CA,,Y,,https://www.youtube.com/watch?v=0UXOU4dFCYA,[object Object]
California Fall Yearlings (2026),2026-09-30,41,B,2025-STAR KISSED,C,SIR PRANCEALOT (IRE),STAR KISSED,ASTROLOGY,MCCARTHY BLOODSTOCK AGENT,NOT SOLD,27000,,04/10/2025,CA,,Y,,https://vimeo.com/1231148334,[object Object]
California Fall Yearlings (2026),2026-09-30,42,B,2025-STAR VALLEY,F,STAY THIRSTY,STAR VALLEY,LUCKY PULPIT,LOVACRES RANCH LLC AGENT,JORGE PERIBAN,3200,,03/03/2025,CA,,Y,,https://vimeo.com/1222367171?share=copy,[object Object]
California Fall Yearlings (2026),2026-09-30,43,DK B/,2025-STRAIGHT N STRONG,F,TAP BACK,STRAIGHT N STRONG,QUALITY ROAD,BARTON THOROUGHBREDS AGENT,NOT SOLD,4500,,04/01/2025,CA,,Y,,https://vimeo.com/reviews/4e9b95e9-4683-470e-8b57-5b178e290320/videos/1228796565,[object Object]
California Fall Yearlings (2026),2026-09-30,44,B,2025-STUNNING GHOST,F,STAY THIRSTY,STUNNING GHOST,GHOSTZAPPER,LOVACRES RANCH LLC AGENT,CHRIS MITCHELL,7000,,01/29/2025,CA,,Y,,https://vimeo.com/1222369030?share=copy,[object Object]
California Fall Yearlings (2026),2026-09-30,45,CH,2025-SUGAR APPLE,C,MO FORZA,SUGAR APPLE,DANZING CANDY,HAVENS BLOODSTOCK AGENCY INC. AGENT FOR LIBERTY ROAD STABLES LLC,RECENDEZ RANCH,3000,,01/20/2025,CA,,Y,,https://vimeo.com/1230619225,[object Object]
California Fall Yearlings (2026),2026-09-30,46,B,2025-SUGAR SPIKE,C,BOLDEN,SUGAR SPIKE,BERTRANDO,HAVENS BLOODSTOCK AGENCY INC. AGENT FOR LIBERTY ROAD STABLES LLC,OUT,0,,02/04/2025,CA,,Y,,,[object Object]
California Fall Yearlings (2026),2026-09-30,47,B,2025-SUNDAE SMILE,C,MO FORZA,SUNDAE SMILE,CURLIN,RANCHO SAN MIGUEL AGENT,NOT SOLD,14000,,02/14/2025,CA,,Y,,https://youtu.be/Ijja9uH_6Ag,[object Object]
California Fall Yearlings (2026),2026-09-30,48,B,2025-SUNSET STAR,C,DADS CAPS,SUNSET STAR,EXAGGERATOR,BARTON THOROUGHBREDS AGENT,NOT SOLD,24000,,01/26/2025,CA,,Y,,https://vimeo.com/reviews/4e9b95e9-4683-470e-8b57-5b178e290320/videos/1228796784,[object Object]
California Fall Yearlings (2026),2026-09-30,49,B,2025-SUNSHINE STATE,C,SHAAZ,SUNSHINE STATE,GRAZEN,MCCARTHY BLOODSTOCK AGENT,NOT SOLD,9000,,04/25/2025,CA,,Y,,https://vimeo.com/1231166009,[object Object]
California Fall Yearlings (2026),2026-09-30,50,DK B/,2025-SWEET DUCK,C,SURF CAT,SWEET DUCK,U S RANGER,HAVENS BLOODSTOCK AGENCY INC. AGENT FOR LIBERTY ROAD STABLES LLC,NOT SOLD,2500,,03/02/2025,CA,,Y,,https://vimeo.com/1230620188,[object Object]
California Fall Yearlings (2026),2026-09-30,51,CH,2025-SWEET LIPS POOH,C,STAY THIRSTY,SWEET LIPS POOH,RIO VERDE,LOVACRES RANCH LLC AGENT,MICHAEL RYAN,40000,,01/17/2025,CA,,Y,,https://vimeo.com/1222370427?share=copy,[object Object]
California Fall Yearlings (2026),2026-09-30,52,B,2025-SWIFT VENGEANCE,F,MAXIMUS MISCHIEF,SWIFT VENGEANCE,PIONEEROF THE NILE,BARTON THOROUGHBREDS AGENT,BILL MCLEAN,35000,,05/13/2025,CA,,Y,,https://vimeo.com/reviews/4e9b95e9-4683-470e-8b57-5b178e290320/videos/1228796975,[object Object]
California Fall Yearlings (2026),2026-09-30,53,DK B/,2025-T. R. INDY,C,EIGHT RINGS,T. R. INDY,DIXIE UNION,MILKY WAY FARM AGENT,NOT SOLD,2500,,03/10/2025,CA,,Y,,https://vimeo.com/1223818137,[object Object]
California Fall Yearlings (2026),2026-09-30,54,B,2025-TAKETHEDIAMONDLANE,C,PRACTICAL JOKE,TAKETHEDIAMONDLANE,BODEMEISTER,HAVENS BLOODSTOCK AGENCY INC. AGENT,OUT,0,,01/08/2025,CA,,Y,,,[object Object]
California Fall Yearlings (2026),2026-09-30,55,B,2025-TART'S KNICKERS,C,SHAAZ,TART'S KNICKERS,GHOSTZAPPER,BARTON THOROUGHBREDS AGENT,DCI RACING,5000,,03/11/2025,CA,,Y,,https://vimeo.com/reviews/4e9b95e9-4683-470e-8b57-5b178e290320/videos/1228803614,[object Object]
California Fall Yearlings (2026),2026-09-30,56,B,2025-THAT'S AMARE,F,MO FORZA,THAT'S AMARE,UNUSUAL HEAT,HAVENS BLOODSTOCK AGENCY INC. AGENT FOR LIBERTY ROAD STABLES LLC & PARTNERS,NOT SOLD,3500,,02/06/2025,CA,,Y,,https://vimeo.com/1230798175,[object Object]
California Fall Yearlings (2026),2026-09-30,57,CH,2025-THE GIANT IS LIT,C,VEKOMA,THE GIANT IS LIT,GIANT'S CAUSEWAY,LOVACRES RANCH LLC AGENT,NOT SOLD,39000,,01/12/2025,CA,,Y,,https://vimeo.com/1222372634?share=copy,[object Object]
California Fall Yearlings (2026),2026-09-30,58,CH,2025-THIRD DAWN,C,SIR PRANCEALOT (IRE),THIRD DAWN,SKY MESA,CHECKMATE THOROUGHBREDS LLC AGENT,ANDY MATHIS AGENT,25000,,04/25/2025,CA,,Y,,https://vimeo.com/1230264018,[object Object]
California Fall Yearlings (2026),2026-09-30,59,B,2025-THREE POINT OH,F,YAUPON,THREE POINT OH,SQUARE EDDIE,BARTON THOROUGHBREDS AGENT,NOT SOLD,87000,,04/13/2025,CA,,Y,,https://vimeo.com/reviews/4e9b95e9-4683-470e-8b57-5b178e290320/videos/1228803616,[object Object]
California Fall Yearlings (2026),2026-09-30,60,GR/RO,2025-TIGER SPICE,C,FROSTED,TIGER SPICE,SMILING TIGER,WOODBRIDGE FARM LLC AGENT,DAPITAN STAR RACING LLC,3000,,02/08/2025,CA,,Y,,https://vimeo.com/1226295885,[object Object]
California Fall Yearlings (2026),2026-09-30,61,DK B/,2025-TIZ FAKE NEWS,F,SHAAZ,TIZ FAKE NEWS,TIZNOW,BARTON THOROUGHBREDS AGENT,ZAP/MURPHY AGENT FOR CA RACING PARTNERS & CIAGLIA,20000,,04/04/2025,CA,,Y,,https://vimeo.com/reviews/4e9b95e9-4683-470e-8b57-5b178e290320/videos/1228803615,[object Object]
California Fall Yearlings (2026),2026-09-30,62,B,NO MO MO,F,UNCLE MO,TOMLIN,DISTORTED HUMOR,HAVENS BLOODSTOCK AGENCY INC. AGENT FOR FAIRVIEW LLC,MIKE REPOLE MICHAEL MCCARTHY AGENT,300000,,05/11/2025,CA,,Y,,https://vimeo.com/1230799434,[object Object]
California Fall Yearlings (2026),2026-09-30,63,B,2025-TRINA,C,BOLDEN,TRINA,PEPPERED CAT,THOROUGHBRED INVESTMENT POSSIBILITIES,NOT SOLD,14000,,01/02/2025,CA,,Y,,,[object Object]
California Fall Yearlings (2026),2026-09-30,64,B,2025-TRISKAIDEKA,C,SIR PRANCEALOT (IRE),TRISKAIDEKA,SMILING TIGER,WOODBRIDGE FARM LLC AGENT,NOT SOLD,17000,,02/09/2025,CA,,Y,,https://vimeo.com/1226294070,[object Object]
California Fall Yearlings (2026),2026-09-30,65,CH,2025-VALERIA,C,BOLDEN,VALERIA,ELUSIVE QUALITY,RANCHO SAN MIGUEL AGENT,JOHN CRESPY,20000,,05/08/2025,CA,,Y,,https://youtu.be/94DYLYBie2c,[object Object]
California Fall Yearlings (2026),2026-09-30,66,B,2025-VAROMA,F,SIR PRANCEALOT (IRE),VAROMA,VANCOUVER (AUS),HAVENS BLOODSTOCK AGENCY INC. AGENT,NOT SOLD,3700,,03/02/2025,CA,,Y,,https://vimeo.com/1230236431,[object Object]
California Fall Yearlings (2026),2026-09-30,68,B,2025-VERY FEW DETAILS,F,STAY THIRSTY,VERY FEW DETAILS,GREAT NOTION,LOVACRES RANCH LLC AGENT,NICK J HINES AGENT,26000,,04/09/2025,CA,,Y,,https://vimeo.com/1222374057?share=copy,[object Object]
California Fall Yearlings (2026),2026-09-30,69,CH,STAY DREAMING,F,STAY THIRSTY,WE ALL HAVE DREAMS,SHACKLEFORD,LOVACRES RANCH LLC AGENT,STEVE E SWANSON,20000,,04/18/2025,CA,,Y,,https://vimeo.com/1222377311?share=copy,[object Object]
California Fall Yearlings (2026),2026-09-30,70,DK B/,2025-WELL BLESSED,C,MAXFIELD,WELL BLESSED,EXCHANGE RATE,DEHESA FARMS LLC AGENT,REED CARTER,40000,,02/24/2025,CA,,Y,,https://vimeo.com/1230917365,[object Object]
California Fall Yearlings (2026),2026-09-30,71,B,2025-WESTERN KITTY,C,CLUBHOUSE RIDE,WESTERN KITTY,WESTERN FAME,HAVENS BLOODSTOCK AGENCY INC. AGENT,MARK GLATT AGENT,75000,,02/16/2025,CA,,Y,,https://vimeo.com/1230800564,[object Object]
California Fall Yearlings (2026),2026-09-30,72,GR/RO,2025-WHAT A FAMILY,F,PAVEL,WHAT A FAMILY,SQUARE EDDIE,BARTON THOROUGHBREDS AGENT,NOT SOLD,67000,,01/27/2025,CA,,Y,,https://vimeo.com/reviews/4e9b95e9-4683-470e-8b57-5b178e290320/videos/1228803617,[object Object]
California Fall Yearlings (2026),2026-09-30,73,DK B/,2025-WICKED TEMPER,C,FINNEUS,WICKED TEMPER,TAPIT,LOVACRES RANCH LLC AGENT,DCI RACING,7000,,03/22/2025,CA,,Y,,https://vimeo.com/1222379078?share=copy,[object Object]
California Fall Yearlings (2026),2026-09-30,74,DK B/,2025-WICKED WAHINE,C,SHAAZ,WICKED WAHINE,INTO MISCHIEF,BARTON THOROUGHBREDS AGENT,JUAN GARCIA,80000,,01/19/2025,CA,,Y,,https://vimeo.com/reviews/4e9b95e9-4683-470e-8b57-5b178e290320/videos/1228806749,[object Object]
California Fall Yearlings (2026),2026-09-30,75,CH,2025-WIKI WAHINE,F,THE STREET FIGHTER,WIKI WAHINE,UPSTART,HAVENS BLOODSTOCK AGENCY INC. AGENT,OUT,0,,02/15/2025,CA,,Y,,,[object Object]
California Fall Yearlings (2026),2026-09-30,76,B,2025-WITCH MOON,C,SIR PRANCEALOT (IRE),WITCH MOON,MALIBU MOON,MCCARTHY BLOODSTOCK AGENT,NOT SOLD,57000,,01/24/2025,CA,,Y,,https://vimeo.com/1231154050,[object Object]
California Fall Yearlings (2026),2026-09-30,77,DK B/,2025-WITHHOLDING INFO,C,CORNICHE,WITHHOLDING INFO,MIDNIGHT LUTE,LOVACRES RANCH LLC AGENT,SLUGO RACING,97000,,03/05/2025,CA,,Y,,https://vimeo.com/1222380706?share=copy,[object Object]
California Fall Yearlings (2026),2026-09-30,78,B,2025-Z Z TIGER,C,HALLADAY,Z Z TIGER,SMILING TIGER,WOODBRIDGE FARM LLC AGENT,VAL BRINKERHOFF,15000,,03/13/2025,CA,,Y,,https://vimeo.com/1226292572,[object Object]
California Fall Yearlings (2026),2026-09-30,79,CH,2025-ZAMARA,F,CYBERKNIFE,ZAMARA,DISCREET CAT,H & E RANCH,DJ STABLE LLC,40000,,02/14/2025,KY,,Y,,,[object Object]
California Fall Yearlings (2026),2026-09-30,80,DK B/,2025-ZAP DANCE,F,MIDNIGHT STORM,ZAP DANCE,GHOSTZAPPER,HAVENS BLOODSTOCK AGENCY INC. AGENT,OUT,0,,03/16/2025,CA,,Y,,,[object Object]
California Fall Yearlings (2026),2026-09-30,81,DK B/,2025-ZAPATTACK,F,STAY THIRSTY,ZAPATTACK,GHOSTZAPPER,LOVACRES RANCH LLC AGENT,JORGE PERIBAN,2500,,03/26/2025,CA,,Y,,https://vimeo.com/1222382221?share=copy,[object Object]
California Fall Yearlings (2026),2026-09-30,82,DK B/,2025-ZILLINDA,F,SURF CAT,ZILLINDA,CYCLOTRON,HAVENS BLOODSTOCK AGENCY INC. AGENT FOR LIBERTY ROAD STABLES LLC,OUT,0,,04/30/2025,CA,,Y,,,[object Object]
California Fall Yearlings (2026),2026-09-30,83,DK B/,2025-ZO LO'S LOV,C,STAY THIRSTY,ZO LO'S LOV,EMPIRE WAY,LOVACRES RANCH LLC AGENT,ARMANDO  CARDENAS,3000,,01/24/2025,CA,,Y,,https://vimeo.com/1222383719?share=copy,[object Object]
California Fall Yearlings (2026),2026-09-30,84,B,2025-AFTER MIDNIGHT,C,SMILING TIGER,AFTER MIDNIGHT,GERVINHO,MCCARTHY BLOODSTOCK AGENT,TIM YAKTEEN,40000,,02/13/2025,CA,,Y,,https://vimeo.com/1230387912,[object Object]
California Fall Yearlings (2026),2026-09-30,85,B,2025-AINDA MELHOR (BRZ),F,MO FORZA,AINDA MELHOR (BRZ),ELUSIVE QUALITY,RANCHO SAN MIGUEL AGENT,NOT SOLD,23000,,03/31/2025,CA,,Y,,https://youtu.be/hKGIfPv9jKI,[object Object]
California Fall Yearlings (2026),2026-09-30,86,DK B/,2025-ALL STAR KITTEN,F,SHAAZ,ALL STAR KITTEN,KITTEN'S JOY,BARTON THOROUGHBREDS AGENT,OUT,0,,03/25/2025,CA,,Y,,,[object Object]
California Fall Yearlings (2026),2026-09-30,87,B,2025-AMERICAN HEIGHTS,C,VISITANT,AMERICAN HEIGHTS,AMERICAN PHAROAH,HAVENS BLOODSTOCK AGENCY INC. AGENT,OUT,0,,01/18/2025,CA,,Y,,,[object Object]
California Fall Yearlings (2026),2026-09-30,88,GR/RO,2025-ANNIE GRAHAM,F,MO FORZA,ANNIE GRAHAM,GRAZEN,THOROUGHBRED INVESTMENT POSSIBILITIES,RAYMOND SALVATORE RACING INC,2500,,02/26/2025,CA,,Y,,,[object Object]
California Fall Yearlings (2026),2026-09-30,89,DK B/,2025-ANTRIM COLLEEN,C,MIDNIGHT STORM,ANTRIM COLLEEN,GIANT'S CAUSEWAY,MILKY WAY FARM AGENT,NOT SOLD,2800,,05/16/2025,CA,,Y,,https://vimeo.com/1223818138,[object Object]
California Fall Yearlings (2026),2026-09-30,90,DK B/,2025-APART OF MY CHARM,C,CAT BURGLAR,APART OF MY CHARM,STREET SENSE,BARTON THOROUGHBREDS AGENT,NOT SOLD,2800,,01/29/2025,CA,,Y,,https://vimeo.com/reviews/4e9b95e9-4683-470e-8b57-5b178e290320/videos/1228949868,[object Object]
California Fall Yearlings (2026),2026-09-30,91,B,2025-ARCTIC ROLL (GB),F,TIZAMAGICIAN,ARCTIC ROLL (GB),CHAMPS ELYSEES (GB),MCCARTHY BLOODSTOCK AGENT,OUT,0,,04/13/2025,CA,,Y,,,[object Object]
California Fall Yearlings (2026),2026-09-30,92,B,2025-ASSURE,C,SIR PRANCEALOT (IRE),ASSURE,BROKEN VOW,MCCARTHY BLOODSTOCK AGENT,NOT SOLD,47000,,04/12/2025,CA,,Y,,https://vimeo.com/1231156242,[object Object]
California Fall Yearlings (2026),2026-09-30,93,DK B/,SKYTIME,C,MO FORZA,ATHINA LEE,ENGLISH CHANNEL,CRITTER CREEK FARM AGENT FOR KEN MILES & SHERIDAN JONES,ANDY MATHIS AGENT,20000,,02/09/2025,CA,,Y,,,[object Object]
California Fall Yearlings (2026),2026-09-30,94,GR/RO,2025-AVERY ON POINTE,F,DADS CAPS,AVERY ON POINTE,LIAM'S MAP,BARTON THOROUGHBREDS AGENT,OUT,0,,03/07/2025,CA,,Y,,,[object Object]
California Fall Yearlings (2026),2026-09-30,95,CH,2025-AWESOME DEBATE,C,GRAZEN,AWESOME DEBATE,HONORABLE DILLON,H & E RANCH,RICHARD BALTAS AGENT,18000,,05/17/2025,AZ,,Y,,,[object Object]
California Fall Yearlings (2026),2026-09-30,96,GR/RO,2025-AWESOME DRIVE,F,ESSENTIAL QUALITY,AWESOME DRIVE,SUMMER FRONT,RANCHO SAN MIGUEL AGENT,NOT SOLD,68000,,02/16/2025,CA,,Y,,https://youtu.be/u00SJtqfAuU,[object Object]
California Fall Yearlings (2026),2026-09-30,97,CH,2025-AWESOME LADY,C,CAT BURGLAR,AWESOME LADY,MASTERY,BARTON THOROUGHBREDS AGENT,NICK J HINES AGENT,5000,,03/09/2025,CA,,Y,,https://vimeo.com/reviews/4e9b95e9-4683-470e-8b57-5b178e290320/videos/1228806751,[object Object]
California Fall Yearlings (2026),2026-09-30,98,DK B/,2025-BABY BEA SCATTIN,C,FINNEUS,BABY BEA SCATTIN,SCAT DADDY,LOVACRES RANCH LLC AGENT,STEVE MIYADI,60000,,03/01/2025,CA,,Y,,https://vimeo.com/1222420714?share=copy,[object Object]
California Fall Yearlings (2026),2026-09-30,99,DK B/,2025-BABY BOO,C,STAY THIRSTY,BABY BOO,GHOSTZAPPER,LOVACRES RANCH LLC AGENT,STEVE MIYADI,9500,,04/07/2025,CA,,Y,,https://vimeo.com/1222419456,[object Object]
California Fall Yearlings (2026),2026-09-30,100,DK B/,2025-BALLAD,C,KNICKS GO,BALLAD,TAPIT,H & E RANCH,SCEPTRE BLOODSTOCK,15000,,06/02/2025,KY,,Y,,,[object Object]
California Fall Yearlings (2026),2026-09-30,101,DK B/,2025-BALLSTON,C,STAY THIRSTY,BALLSTON,GIANT'S CAUSEWAY,LOVACRES RANCH LLC AGENT,STEVE MIYADI,7000,,03/26/2025,CA,,Y,,https://vimeo.com/1222423139?share=copy,[object Object]
California Fall Yearlings (2026),2026-09-30,102,DK B/,2025-BANNER ELK LADY,C,MO FORZA,BANNER ELK LADY,PLEASANTLY PERFECT,RANCHO SAN MIGUEL AGENT,NOT SOLD,9000,,01/20/2025,CA,,Y,,https://youtu.be/S2xJIXlu3MY,[object Object]
California Fall Yearlings (2026),2026-09-30,103,CH,2025-BAR HOPPER,C,BASIN,BAR HOPPER,GIANT'S CAUSEWAY,BARTON THOROUGHBREDS AGENT,DENNIS O'NEILL,40000,,03/01/2025,CA,,Y,,https://vimeo.com/reviews/4e9b95e9-4683-470e-8b57-5b178e290320/videos/1228806753,[object Object]
California Fall Yearlings (2026),2026-09-30,104,B,2025-BARRETT,C,CORNICHE,BARRETT,VANCOUVER (AUS),BARTON THOROUGHBREDS AGENT,NOT SOLD,67000,,02/17/2025,CA,,Y,,https://vimeo.com/reviews/4e9b95e9-4683-470e-8b57-5b178e290320/videos/1228809010,[object Object]
California Fall Yearlings (2026),2026-09-30,105,DK B/,2025-BEACH RANGER,F,SURF CAT,BEACH RANGER,U S RANGER,HAVENS BLOODSTOCK AGENCY INC. AGENT FOR LIBERTY ROAD STABLES LLC,OUT,0,,04/10/2025,CA,,Y,,,[object Object]
California Fall Yearlings (2026),2026-09-30,106,GR/RO,2025-BEAUTIFUL ME,F,CAT BURGLAR,BEAUTIFUL ME,MASTERY,BARTON THOROUGHBREDS AGENT,OUT,0,,04/05/2025,CA,,Y,,,[object Object]
California Fall Yearlings (2026),2026-09-30,107,CH,TIGER'S FINALE,C,SMILING TIGER,BEAUTIFUL THUNDER,BROKEN VOW,RANCHO SAN MIGUEL AGENT,CARLA GAINES AGENT,20000,,02/12/2025,CA,,Y,,https://youtu.be/3lfNv6ADaxU,[object Object]
California Fall Yearlings (2026),2026-09-30,108,B,2025-BECOMES A QUEEN,F,CLUBHOUSE RIDE,BECOMES A QUEEN,STORM WOLF,CRITTER CREEK FARM AGENT FOR BILL GREENSTEIN,NOT SOLD,9000,,03/19/2025,CA,,Y,,,[object Object]
California Fall Yearlings (2026),2026-09-30,109,CH,2025-BENGAL TIGER,F,MO FORZA,BENGAL TIGER,SMILING TIGER,RANCHO SAN MIGUEL AGENT,OUT,0,,01/30/2025,CA,,Y,,,[object Object]
California Fall Yearlings (2026),2026-09-30,110,DK B/,2025-BIG BREAK,F,TAP BACK,BIG BREAK,MR. BIG,BARTON THOROUGHBREDS AGENT,NOT SOLD,7000,,01/15/2025,CA,,Y,,https://vimeo.com/reviews/4e9b95e9-4683-470e-8b57-5b178e290320/videos/1228809006,[object Object]
California Fall Yearlings (2026),2026-09-30,111,GR/RO,2025-BIG FASHION,F,HALLADAY,BIG FASHION,MR. BIG,HARRIS FARMS INC.,NOT SOLD,3700,,02/12/2025,CA,,Y,,https://vimeo.com/1228994845,[object Object]
California Fall Yearlings (2026),2026-09-30,112,GR/RO,2025-BITZKA,F,HALLADAY,BITZKA,TIAGO,CHECKMATE THOROUGHBREDS LLC AGENT,SAMANTHA SIEGEL,130000,,03/29/2025,CA,,Y,,https://vimeo.com/1230269057,[object Object]
California Fall Yearlings (2026),2026-09-30,113,CH,2025-BLAME IT ON ROSE,F,CARACARO,BLAME IT ON ROSE,BLAME,RANCHO SAN MIGUEL AGENT,ANDY MATHIS AGENT,40000,,04/28/2025,CA,,Y,,https://youtu.be/c0W_8Qa69rA,[object Object]
California Fall Yearlings (2026),2026-09-30,114,B,BLONDYS PRINCESS,F,SIR PRANCEALOT (IRE),BLONDY'S REWARD,GOOD REWARD,MCCARTHY BLOODSTOCK AGENT,NOT SOLD,14000,,02/04/2025,CA,,Y,,https://vimeo.com/1230497366,[object Object]
California Fall Yearlings (2026),2026-09-30,115,B,2025-BOIS ROUND HERE,F,SIR PRANCEALOT (IRE),BOIS ROUND HERE,BOISTEROUS,MCCARTHY BLOODSTOCK AGENT,NOT SOLD,9000,,02/23/2025,CA,,Y,,https://vimeo.com/1230569797,[object Object]
California Fall Yearlings (2026),2026-09-30,116,B,2025-BONUS SPIN,C,CITY OF LIGHT,BONUS SPIN,HARD SPUN,BARTON THOROUGHBREDS AGENT,JPM BLOODSTOCK AGENT FOR BLINKERS ON RACING STABLE,245000,,02/13/2025,CA,,Y,,https://vimeo.com/reviews/4e9b95e9-4683-470e-8b57-5b178e290320/videos/1228809007,[object Object]
California Fall Yearlings (2026),2026-09-30,117,B,2025-BOOTLEG ANNIE,F,SMILING TIGER,BOOTLEG ANNIE,GO FOR GIN,HARRIS FARMS INC. AGENT,NOT SOLD,18000,,03/10/2025,CA,,Y,,https://vimeo.com/1230606372,[object Object]
California Fall Yearlings (2026),2026-09-30,119,DK B/,2025-BOSS CHICK,C,SURF CAT,BOSS CHICK,STREET BOSS,HAVENS BLOODSTOCK AGENCY INC. AGENT FOR LIBERTY ROAD STABLES LLC,OUT,0,,04/25/2025,CA,,Y,,,[object Object]
California Fall Yearlings (2026),2026-09-30,120,CH,2025-BRITANICA,C,MOQUEST,BRITANICA,ENGLISH CHANNEL,HAVENS BLOODSTOCK AGENCY INC. AGENT,CHRIS ZENNEDJIAN,2500,,04/13/2025,CA,,Y,,https://vimeo.com/1230802321,[object Object]
California Fall Yearlings (2026),2026-09-30,121,B,2025-BROADBEACH (IRE),C,SIR PRANCEALOT (IRE),BROADBEACH (IRE),DANDY MAN (IRE),HAVENS BLOODSTOCK AGENCY INC. AGENT FOR LIBERTY ROAD STABLES LLC,SCEPTRE BLOODSTOCK,22000,,03/24/2025,CA,,Y,,https://vimeo.com/1230620886,[object Object]
California Fall Yearlings (2026),2026-09-30,122,B,2025-BRUNETTE PRINCESS,F,EPICENTER,BRUNETTE PRINCESS,BODEMEISTER,LOVACRES RANCH LLC AGENT,NOT SOLD,9500,,03/28/2025,CA,,Y,,https://vimeo.com/1222423140?share=copy,[object Object]
California Fall Yearlings (2026),2026-09-30,123,GR/RO,2025-BURNING BROW,C,YAUPON,BURNING BROW,WAR FRONT,BARTON THOROUGHBREDS AGENT,OUT,0,,03/04/2025,CA,,Y,,,[object Object]
California Fall Yearlings (2026),2026-09-30,124,DK B/,2025-C'MON KAREN,F,MO FORZA,C'MON KAREN,FIRST DUDE,HARRIS FARMS INC. AGENT,JOHN CRESPY,2500,,01/29/2025,CA,,Y,,https://vimeo.com/1231139107,[object Object]
California Fall Yearlings (2026),2026-09-30,125,DK B/,2025-CALIFORNIA MOON,C,SURF CAT,CALIFORNIA MOON,AWESOME AGAIN,HAVENS BLOODSTOCK AGENCY INC. AGENT FOR LIBERTY ROAD STABLES LLC,NOT SOLD,2600,,02/08/2025,CA,,Y,,https://vimeo.com/1230621700,[object Object]
California Fall Yearlings (2026),2026-09-30,126,DK B/,2025-CALIFORNIASUNSHINE,F,STAY THIRSTY,CALIFORNIASUNSHINE,LUCKY PULPIT,MCCARTHY BLOODSTOCK AGENT,NOT SOLD,47000,,02/08/2025,CA,,Y,,https://vimeo.com/1230394095,[object Object]
California Fall Yearlings (2026),2026-09-30,127,CH,PACIFIC STORM,C,UPTOWN RYTHEM,CAMPIONESSA DOLCE,HARD SPUN,RANCHO SAN MIGUEL AGENT,JOHN CRESPY,21000,,05/10/2025,CA,,Y,,https://youtu.be/fpZV810DHXQ,[object Object]
California Fall Yearlings (2026),2026-09-30,128,B,2025-CARAGATE,C,JACKIE'S WARRIOR,CARAGATE,ARROGATE,CHECKMATE THOROUGHBREDS LLC AGENT,ECLIPSE THOROUGHBRED PARTNERS,100000,,04/24/2025,CA,,Y,,,[object Object]
California Fall Yearlings (2026),2026-09-30,129,B,2025-CARMELITA,F,TAP BACK,CARMELITA,NORTH LIGHT (IRE),BARTON THOROUGHBREDS AGENT,NOT SOLD,35000,,02/20/2025,KY,,Y,,https://vimeo.com/reviews/4e9b95e9-4683-470e-8b57-5b178e290320/videos/1228951490,[object Object]
California Fall Yearlings (2026),2026-09-30,130,GR/RO,2025-CARPATHIA,C,GRAZEN,CARPATHIA,EXCHANGE RATE,CHECKMATE THOROUGHBREDS LLC,DCI RACING,5000,,03/21/2025,CA,,Y,,,[object Object]
California Fall Yearlings (2026),2026-09-30,131,B,2025-CAT LORE,C,STAY THIRSTY,CAT LORE,DISCREET CAT,LOVACRES RANCH LLC AGENT,NICK J HINES AGENT,17000,,01/12/2025,CA,,Y,,https://vimeo.com/1222424284?share=copy,[object Object]
California Fall Yearlings (2026),2026-09-30,132,DK B/,2025-CAXAMBAS PASS,F,PASSION FOR GOLD,CAXAMBAS PASS,TIZNOW,MILKY WAY FARM AGENT,NOT SOLD,10000,,02/09/2025,CA,,Y,,https://vimeo.com/1223874218,[object Object]
California Fall Yearlings (2026),2026-09-30,133,GR/RO,2025-CAYMANBIRD,F,VEKOMA,CAYMANBIRD,UNCLE MO,BARTON THOROUGHBREDS AGENT,NOT SOLD,145000,,01/24/2025,CA,,Y,,https://vimeo.com/reviews/4e9b95e9-4683-470e-8b57-5b178e290320/videos/1228813532,[object Object]
California Fall Yearlings (2026),2026-09-30,134,DK B/,2025-CEDAR HALL,F,STAY THIRSTY,CEDAR HALL,BAYERN,LOVACRES RANCH LLC AGENT,NOT SOLD,2500,,02/15/2025,CA,,Y,,https://vimeo.com/1222507891?share=copy,[object Object]
California Fall Yearlings (2026),2026-09-30,135,DK B/,2025-CHALULA ONE,F,MO FORZA,CHALULA ONE,BERTRANDO,HAVENS BLOODSTOCK AGENCY INC. AGENT FOR LIBERTY ROAD STABLES LLC,NOT SOLD,2500,,04/07/2025,CA,,Y,,https://vimeo.com/1230803202,[object Object]
California Fall Yearlings (2026),2026-09-30,136,DK B/,2025-CHARLOTTE HARBOR,F,SILVER STATE,CHARLOTTE HARBOR,MUNNINGS,BARTON THOROUGHBREDS AGENT,FLICKA RACING LLC,5000,,03/22/2025,CA,,Y,,https://vimeo.com/reviews/4e9b95e9-4683-470e-8b57-5b178e290320/videos/1228813531,[object Object]
California Fall Yearlings (2026),2026-09-30,137,B,2025-CHOPIN DRIVE,C,DADS CAPS,CHOPIN DRIVE,SUPER SAVER,BARTON THOROUGHBREDS AGENT,OUT,0,,02/15/2025,KY,,Y,,,[object Object]
California Fall Yearlings (2026),2026-09-30,138,DK B/,2025-CLEAR WIN,C,PASSION FOR GOLD,CLEAR WIN,WINNING CAUSE,MILKY WAY FARM AGENT,NOT SOLD,2500,,02/02/2025,CA,,Y,,https://vimeo.com/1223818583,[object Object]
California Fall Yearlings (2026),2026-09-30,139,B,2025-COLORFUL CHARADES,C,STAY THIRSTY,COLORFUL CHARADES,DISCREET CAT,LOVACRES RANCH LLC AGENT,STEVE MIYADI,27000,,04/12/2025,CA,,Y,,https://vimeo.com/1222510012?share=copy,[object Object]
California Fall Yearlings (2026),2026-09-30,140,DK B/,2025-COME ON KAT,F,TIZAMAGICIAN,COME ON KAT,MUNNINGS,MILKY WAY FARM AGENT,NOT SOLD,9000,,03/07/2025,CA,,Y,,https://vimeo.com/1223874649,[object Object]
California Fall Yearlings (2026),2026-09-30,141,CH,2025-COMEALONGWITHME,F,MO FORZA,COMEALONGWITHME,GRAND SLAM,HAVENS BLOODSTOCK AGENCY INC. AGENT,NOT SOLD,17000,,03/03/2025,CA,,Y,,https://vimeo.com/1230564295,[object Object]
California Fall Yearlings (2026),2026-09-30,142,CH,2025-COPPER FEVER,C,SIR PRANCEALOT (IRE),COPPER FEVER,STREET CRY (IRE),DEHESA FARMS LLC AGENT,NOT SOLD,9000,,03/12/2025,CA,,Y,,https://vimeo.com/1230921238,[object Object]
California Fall Yearlings (2026),2026-09-30,143,B,2025-COWBOYS DAUGHTER,F,BOLDEN,COWBOYS DAUGHTER,HAMPTON COURT (AUS),RANCHO SAN MIGUEL AGENT,NOT SOLD,2500,,03/23/2025,CA,,Y,,https://youtu.be/92m0YZyjQMw,[object Object]
California Fall Yearlings (2026),2026-09-30,144,GR/RO,2025-CREATIVE INSTINCT,F,STAY THIRSTY,CREATIVE INSTINCT,CREATIVE CAUSE,LOVACRES RANCH LLC AGENT,NICK J HINES AGENT,40000,,02/18/2025,CA,,Y,,https://vimeo.com/1222512435?share=copy,[object Object]
California Fall Yearlings (2026),2026-09-30,145,CH,2025-CROSS YOUR HEART,C,MO FORZA,CROSS YOUR HEART,CURLIN,RANCHO SAN MIGUEL AGENT,AMBER ACOSTA,5000,,02/07/2025,CA,,Y,,https://youtu.be/1gHQMhGPfJc,[object Object]
California Fall Yearlings (2026),2026-09-30,146,B,2025-CROWN KITTEN,C,SIR PRANCEALOT (IRE),CROWN KITTEN,WILDCAT HEIR,BLUE SKY TRAINING CENTER LLC AGENT FOR TWO SHADES OF BLUE RACING LLC,NOT SOLD,12000,,02/03/2025,CA,,Y,,,[object Object]
California Fall Yearlings (2026),2026-09-30,147,B,2025-CURLED,C,OMAHA BEACH,CURLED,CURLIN,HARRIS FARMS INC.,RYAN HANSON AGENT,30000,,02/07/2025,CA,,Y,,https://vimeo.com/1228997950,[object Object]
California Fall Yearlings (2026),2026-09-30,148,DK B/,KALAHARI SUNSET,C,PAVEL,CURVY CAT,MINISTERS WILD CAT,BLUE SKY TRAINING CENTER LLC AGENT,NOT SOLD,4000,,05/12/2025,CA,,Y,,,[object Object]
California Fall Yearlings (2026),2026-09-30,149,DK B/,2025-DARING CAT,C,MIDNIGHT STORM,DARING CAT,DAREDEVIL,MILKY WAY FARM AGENT,NOT SOLD,2500,,01/31/2025,CA,,Y,,https://vimeo.com/1223818588,[object Object]
California Fall Yearlings (2026),2026-09-30,150,GR/RO,2025-DAWN TRAVELLER (IRE),C,MO FORZA,DAWN TRAVELLER (IRE),DRAGON PULSE (IRE),HAVENS BLOODSTOCK AGENCY INC. AGENT FOR LIBERTY ROAD STABLES LLC,NOT SOLD,2500,,04/11/2025,CA,,Y,,https://vimeo.com/1230622665,[object Object]
California Fall Yearlings (2026),2026-09-30,151,B,2025-DEBBIES CUTE GHOST,F,EIGHT RINGS,DEBBIES CUTE GHOST,GHOSTZAPPER,HARRIS FARMS INC.,NICK J HINES AGENT,50000,,03/13/2025,CA,,Y,,https://vimeo.com/1229290668,[object Object]
California Fall Yearlings (2026),2026-09-30,152,B,2025-DECCAN QUEEN,F,ACCLAMATION,DECCAN QUEEN,FLATTER,HARRIS FARMS INC.,EDWIN ALVAREZ,4000,,03/04/2025,CA,,Y,,https://vimeo.com/1228999765,[object Object]
California Fall Yearlings (2026),2026-09-30,153,CH,2025-DEE WAY TO GO,C,STAY THIRSTY,DEE WAY TO GO,EMPIRE WAY,LOVACRES RANCH LLC AGENT,TEXAS ONE STABLE,17000,,02/03/2025,CA,,Y,,https://vimeo.com/1222515025?share=copy,[object Object]
California Fall Yearlings (2026),2026-09-30,154,GR/RO,2025-DESERT STEEL,F,SMILING TIGER,DESERT STEEL,DESERT CODE,MCCARTHY BLOODSTOCK AGENT,DRYSDALE AGENT,75000,,04/02/2025,CA,,Y,,https://vimeo.com/1230396519,[object Object]
California Fall Yearlings (2026),2026-09-30,155,CH,2025-DEYONCE,F,DADS CAPS,DEYONCE,AWESOME AGAIN,BARTON THOROUGHBREDS AGENT,MCLEAN RACING STABLES,5000,,02/13/2025,CA,,Y,,https://vimeo.com/reviews/4e9b95e9-4683-470e-8b57-5b178e290320/videos/1228813534,[object Object]
California Fall Yearlings (2026),2026-09-30,156,CH,FORCE OF POWER,C,GRAZEN,DIM LIGHTS,MUNNINGS,CRITTER CREEK FARM,OUT,0,,04/09/2025,CA,,Y,,,[object Object]
California Fall Yearlings (2026),2026-09-30,157,CH,2025-DISCLUDE,F,VINO ROSSO,DISCLUDE,OVERANALYZE,BARTON THOROUGHBREDS AGENT,RICHARD PEARSON,82000,,02/24/2025,CA,,Y,,https://vimeo.com/reviews/4e9b95e9-4683-470e-8b57-5b178e290320/videos/1228815568,[object Object]
California Fall Yearlings (2026),2026-09-30,158,DK B/,2025-DISCO DIVA,F,HALLADAY,DISCO DIVA,ARROGATE,MCCARTHY BLOODSTOCK AGENT,NOT SOLD,9000,,03/18/2025,CA,,Y,,https://vimeo.com/1230590259,[object Object]
California Fall Yearlings (2026),2026-09-30,159,DK B/,2025-DISTANT MEMORIES,F,SHAAZ,DISTANT MEMORIES,WILDCAT HEIR,BARTON THOROUGHBREDS AGENT,OUT,0,,02/28/2025,CA,,Y,,,[object Object]
California Fall Yearlings (2026),2026-09-30,160,B,2025-DO DAT BLUES,C,MO FORZA,DO DAT BLUES,LYDGATE,MCCARTHY BLOODSTOCK AGENT,NICK J HINES AGENT,75000,,04/21/2025,CA,,Y,,https://vimeo.com/1230591871,[object Object]
California Fall Yearlings (2026),2026-09-30,161,DK B/,2025-DONITA'S RULER,F,FINNEUS,DONITA'S RULER,ROMAN RULER,LOVACRES RANCH LLC AGENT,NOT SOLD,6000,,03/12/2025,CA,,Y,,https://vimeo.com/1222517027?share=copy,[object Object]
California Fall Yearlings (2026),2026-09-30,162,B,2025-DOUBLE WHOPPER,F,OM,DOUBLE WHOPPER,MACLEAN'S MUSIC,HARRIS FARMS INC.,STEVE HENDRICK,10000,,03/18/2025,CA,,Y,,https://vimeo.com/1229002152,[object Object]
California Fall Yearlings (2026),2026-09-30,163,DK B/,2025-DOUTZEN,F,MO FORZA,DOUTZEN,ANIMAL KINGDOM,RANCHO SAN MIGUEL AGENT,JOHN CRESPY,2500,,02/23/2025,CA,,Y,,https://youtu.be/ofIFeCYhTcA?si=Wicp-rbnnenBadMg,[object Object]
California Fall Yearlings (2026),2026-09-30,164,CH,2025-DREAM COLLECTOR,F,STAY THIRSTY,DREAM COLLECTOR,COLLECTED,LOVACRES RANCH LLC AGENT,STEVE MIYADI,10000,,03/27/2025,CA,,Y,,https://vimeo.com/1222529153?share=copy,[object Object]
California Fall Yearlings (2026),2026-09-30,165,B,2025-DUTCH PAINTING (GB),F,EDITORIAL,DUTCH PAINTING (GB),DUTCH ART (GB),HARRIS FARMS INC. AGENT,JOHN CRESPY,2500,,02/25/2025,CA,,Y,,https://vimeo.com/1231141710,[object Object]
California Fall Yearlings (2026),2026-09-30,166,CH,2025-E Z PHARIS,F,STAY THIRSTY,E Z PHARIS,AMERICAN PHAROAH,LOVACRES RANCH LLC AGENT,NOT SOLD,2500,,03/24/2025,CA,,Y,,https://vimeo.com/1222578484,[object Object]
California Fall Yearlings (2026),2026-09-30,167,B,2025-ECCENTRIC SPINSTER,C,MCKINZIE,ECCENTRIC SPINSTER,DISTORTED HUMOR,LOVACRES RANCH LLC AGENT,NOT SOLD,29000,,01/21/2025,CA,,Y,,https://vimeo.com/1222580744?share=copy,[object Object]
California Fall Yearlings (2026),2026-09-30,168,B,2025-ELEGANTLY,C,OM,ELEGANTLY,ARCH,HARRIS FARMS INC.,STEVE HENDRICK,17000,,04/14/2025,CA,,Y,,https://vimeo.com/1229003570,[object Object]
California Fall Yearlings (2026),2026-09-30,169,B,2025-ELGOFRANCO,F,SHAAZ,ELGOFRANCO,SQUARE EDDIE,BARTON THOROUGHBREDS AGENT,EDWIN ALVAREZ,3000,,03/01/2025,CA,,Y,,https://vimeo.com/reviews/4e9b95e9-4683-470e-8b57-5b178e290320/videos/1228815567,[object Object]
California Fall Yearlings (2026),2026-09-30,170,DK B/,2025-EMERALD QUALITY,C,STAY THIRSTY,EMERALD QUALITY,QUALITY ROAD,LOVACRES RANCH LLC AGENT,JAMES D MADDEN,20000,,03/12/2025,CA,,Y,,https://vimeo.com/1222582937,[object Object]
California Fall Yearlings (2026),2026-09-30,171,DK B/,2025-EMPIRE KATE,F,HALLADAY,EMPIRE KATE,EMPIRE MAKER,RANCHO SAN MIGUEL AGENT,CHRIS MITCHELL AND BRAD E. BINGHAM,3000,,02/11/2025,CA,,Y,,https://vimeo.com/1230812859,[object Object]
California Fall Yearlings (2026),2026-09-30,172,CH,2025-ENGLISH ROYAL,F,SMILING TIGER,ENGLISH ROYAL,CITY ZIP,WOODBRIDGE FARM LLC AGENT,MOJARRO RACING LLC,4500,,03/10/2025,CA,,Y,,https://vimeo.com/1226289477,[object Object]
California Fall Yearlings (2026),2026-09-30,173,B,2025-EXAMINATION,C,MO DONEGAL,EXAMINATION,PIONEEROF THE NILE,MILKY WAY FARM AGENT,DENNIS O'NEILL,90000,,02/20/2025,CA,,Y,,https://vimeo.com/1223818587,[object Object]
California Fall Yearlings (2026),2026-09-30,174,DK B/,2025-EXIT SOUL,F,TIZAMAGICIAN,EXIT SOUL,ANIMAL KINGDOM,MCCARTHY BLOODSTOCK AGENT,NOT SOLD,7000,,04/20/2025,CA,,Y,,https://vimeo.com/1230593146,[object Object]
California Fall Yearlings (2026),2026-09-30,175,CH,2025-EYE ON TIGER,C,STANFORD,EYE ON TIGER,SMILING TIGER,WOODBRIDGE FARM LLC AGENT,FIRSTHOME THOROUGHBREDS,12000,,01/28/2025,CA,,Y,,https://vimeo.com/1226283795,[object Object]
California Fall Yearlings (2026),2026-09-30,176,GR/RO,2025-FAR FLUNG,F,MAXFIELD,FAR FLUNG,NYQUIST,HAVENS BLOODSTOCK AGENCY INC. AGENT,OUT,0,,01/14/2025,CA,,Y,,,[object Object]
California Fall Yearlings (2026),2026-09-30,177,DK B/,2025-FARMERS WIFE,C,SIR PRANCEALOT (IRE),FARMERS WIFE,QUIET AMERICAN,WOODBRIDGE FARM LLC AGENT,NOT SOLD,29000,,04/10/2025,CA,,Y,,https://vimeo.com/1230218894,[object Object]
California Fall Yearlings (2026),2026-09-30,178,B,2025-FEEL FREELY,F,SIR PRANCEALOT (IRE),FEEL FREELY,BOLD WARRIOR,DEHESA FARMS LLC AGENT,CYNDI KELLEY,8000,,04/16/2025,CA,,Y,,https://vimeo.com/1230924733,[object Object]
California Fall Yearlings (2026),2026-09-30,179,CH,2025-FI FI PHAROAH,C,STAY THIRSTY,FI FI PHAROAH,AMERICAN PHAROAH,LOVACRES RANCH LLC AGENT,NOT SOLD,29000,,04/25/2025,CA,,Y,,https://vimeo.com/1222584682?share=copy,[object Object]
California Fall Yearlings (2026),2026-09-30,180,GR/RO,2025-FIREPROOF,C,GRAZEN,FIREPROOF,UNUSUAL HEAT,MCCARTHY BLOODSTOCK AGENT,OUT,0,,03/05/2025,CA,,Y,,,[object Object]
California Fall Yearlings (2026),2026-09-30,181,CH,2025-FLAT OUT CHARMING,C,GOLDEN PAL,FLAT OUT CHARMING,FLATTER,CHECKMATE THOROUGHBREDS LLC AGENT,MOON S HAN,20000,,02/20/2025,CA,,Y,,,[object Object]
California Fall Yearlings (2026),2026-09-30,182,DK B/,2025-FOREVER WIFE,F,MIDNIGHT STORM,FOREVER WIFE,MEDAGLIA D'ORO,MILKY WAY FARM AGENT,ARMANDO  CARDENAS,4500,,01/21/2025,CA,,Y,,https://vimeo.com/1223874652,[object Object]
California Fall Yearlings (2026),2026-09-30,183,GR/RO,2025-FORGOTTEN HERO,F,SHAAZ,FORGOTTEN HERO,MISSION IMPAZIBLE,BARTON THOROUGHBREDS AGENT,OUT OF THE BLUE STABLES,28000,,02/23/2025,CA,,Y,,https://vimeo.com/reviews/4e9b95e9-4683-470e-8b57-5b178e290320/videos/1228815566,[object Object]
California Fall Yearlings (2026),2026-09-30,184,B,2025-FORTY PIECES,F,MCKINZIE,FORTY PIECES,SHACKLEFORD,BARTON THOROUGHBREDS AGENT,NOT SOLD,77000,,02/07/2025,CA,,Y,,https://vimeo.com/reviews/4e9b95e9-4683-470e-8b57-5b178e290320/videos/1228815565,[object Object]
California Fall Yearlings (2026),2026-09-30,185,DK B/,2025-FRACAS,F,SHAAZ,FRACAS,VIOLENCE,BARTON THOROUGHBREDS AGENT,NOT SOLD,37000,,02/17/2025,CA,,Y,,https://vimeo.com/reviews/4e9b95e9-4683-470e-8b57-5b178e290320/videos/1228820277,[object Object]
California Fall Yearlings (2026),2026-09-30,186,CH,2025-FRAULEIN (JPN),F,MO FORZA,FRAULEIN (JPN),DEEP IMPACT (JPN),RANCHO SAN MIGUEL AGENT,TOTHEWHIP RACING LLC,17000,,01/23/2025,CA,,Y,,https://youtu.be/b5tSDRvOZIk,[object Object]
California Fall Yearlings (2026),2026-09-30,187,GR/RO,2025-FRESIA,F,GOLDEN PAL,FRESIA,EL PRADO (IRE),CRITTER CREEK FARM AGENT FOR NEAL & PAM CHRISTOPHERSON,ROZAMUND BARCLAY,5000,,01/28/2025,CA,,Y,,,[object Object]
California Fall Yearlings (2026),2026-09-30,188,B,BRIEF SILENCE,F,KARAKONTIE (JPN),GEODE,UNUSUAL HEAT,RANCHO SAN MIGUEL AGENT,RB SHAPIRO RACING LLC,25000,,04/14/2025,CA,,Y,,https://youtu.be/cgkZIqQpknE,[object Object]
California Fall Yearlings (2026),2026-09-30,189,DK B/,2025-GIRL RANGER,F,SURF CAT,GIRL RANGER,U S RANGER,HAVENS BLOODSTOCK AGENCY INC. AGENT FOR LIBERTY ROAD STABLES LLC,EDWIN ALVAREZ,3000,,02/26/2025,CA,,Y,,https://vimeo.com/1230804657,[object Object]
California Fall Yearlings (2026),2026-09-30,190,DK B/,2025-GIVEN STAR,C,AUTHENTIC,GIVEN STAR,ANY GIVEN SATURDAY,BARTON THOROUGHBREDS AGENT,NOT SOLD,39000,,03/27/2025,KY,,Y,,https://vimeo.com/reviews/4e9b95e9-4683-470e-8b57-5b178e290320/videos/1228948217,[object Object]
California Fall Yearlings (2026),2026-09-30,191,CH,2025-GOODBYE ROSELINA,F,SPUN INTENDED,GOODBYE ROSELINA,PURE PRIZE,HAVENS BLOODSTOCK AGENCY INC. AGENT,FREE REIGN STABLES LLC DAN & TANYA FREEMAN,13000,,03/29/2025,CA,,Y,,https://vimeo.com/1230254336,[object Object]
California Fall Yearlings (2026),2026-09-30,192,CH,2025-GRAND ADVICE,F,BOLDEN,GRAND ADVICE,MR. GREELEY,RANCHO SAN MIGUEL AGENT,ANDY MATHIS AGENT,40000,,02/20/2025,CA,,Y,,https://youtu.be/gZM6km3bx9w,[object Object]
California Fall Yearlings (2026),2026-09-30,194,CH,2025-GRAZEN ROAD,C,SIR PRANCEALOT (IRE),GRAZEN ROAD,GRAZEN,RANCHO SAN MIGUEL AGENT,STEVE ZOLOTAS,2500,,04/12/2025,CA,,Y,,https://youtu.be/KP6Q8wO-vsE,[object Object]
California Fall Yearlings (2026),2026-09-30,195,B,2025-GRINNINGEARTOEAR,F,SIR PRANCEALOT (IRE),GRINNINGEARTOEAR,SMILING TIGER,WOODBRIDGE FARM LLC AGENT,NOT SOLD,2500,,03/19/2025,CA,,Y,,https://vimeo.com/1226280939,[object Object]
California Fall Yearlings (2026),2026-09-30,196,B,2025-HAVRE DREAM (FR),F,BOLDEN,HAVRE DREAM (FR),LE HAVRE (IRE),THOROUGHBRED INVESTMENT POSSIBILITIES,OUT,0,,04/15/2025,CA,,Y,,,[object Object]
California Fall Yearlings (2026),2026-09-30,197,DK B/,2025-HEAT DU JOUR,C,CONQUEST FARENHEIT,HEAT DU JOUR,UNUSUAL HEAT,HARRIS FARMS INC. AGENT FOR HANSON'S RIVER RANCH,NICK J HINES AGENT,2500,,02/13/2025,CA,,Y,,https://vimeo.com/1230607035,[object Object]
California Fall Yearlings (2026),2026-09-30,198,DK B/,2025-HEAVENLY PRIDE,F,SMOKEM,HEAVENLY PRIDE,SKY MESA,LOVACRES RANCH LLC AGENT,CHRIS MITCHELL,3000,,02/12/2025,CA,,Y,,https://vimeo.com/1222586839,[object Object]
California Fall Yearlings (2026),2026-09-30,199,DK B/,2025-HONOLULU,F,STAY THIRSTY,HONOLULU,MACLEAN'S MUSIC,LOVACRES RANCH LLC AGENT,OUT,0,,03/21/2025,CA,,Y,,,[object Object]
California Fall Yearlings (2026),2026-09-30,200,GR/RO,2025-I GIVE UP,F,HALLADAY,I GIVE UP,CANDY RIDE (ARG),RANCHO SAN MIGUEL AGENT,OUT,0,,05/02/2025,CA,,Y,,,[object Object]
California Fall Yearlings (2026),2026-09-30,201,DK B/,2025-I'LL TAKE THE SOUP,C,SHAAZ,I'LL TAKE THE SOUP,SQUARE EDDIE,BARTON THOROUGHBREDS AGENT,OUT,0,,01/23/2025,CA,,Y,,,[object Object]
California Fall Yearlings (2026),2026-09-30,202,CH,2025-IMPERIAL PIPPIN,C,ARABIAN LION,IMPERIAL PIPPIN,EMPIRE MAKER,BARTON THOROUGHBREDS AGENT,MWG ENTERPRISES LLC MICHAEL MCCARTHY AGENT,525000,,03/27/2025,CA,,Y,,https://vimeo.com/reviews/4e9b95e9-4683-470e-8b57-5b178e290320/videos/1228820276,[object Object]
California Fall Yearlings (2026),2026-09-30,203,B,2025-INDA,F,MO FORZA,INDA,A.P. INDY,RANCHO SAN MIGUEL AGENT,NOT SOLD,4500,,02/17/2025,CA,,Y,,https://youtu.be/OmN2j1X8Gus,[object Object]
California Fall Yearlings (2026),2026-09-30,204,DK B/,2025-ISLAND CANDY,C,MIDNIGHT STORM,ISLAND CANDY,CANDY RIDE (ARG),BLUE SKY TRAINING CENTER LLC AGENT FOR TWO SHADES OF BLUE RACING LLC,NOT SOLD,2700,,03/11/2025,CA,,Y,,,[object Object]
California Fall Yearlings (2026),2026-09-30,205,B,2025-IT'S GREEK TO ME,F,STAY THIRSTY,IT'S GREEK TO ME,OUTWORK,LOVACRES RANCH LLC AGENT,SALOMON AGUILAR RAMIREZ,3500,,01/18/2025,CA,,Y,,https://vimeo.com/1222589393?share=copy,[object Object]
California Fall Yearlings (2026),2026-09-30,206,GR/RO,2025-IT'S VENGEANCE,C,HALLADAY,IT'S VENGEANCE,CURLIN,RANCHO SAN MIGUEL AGENT,NOT SOLD,2500,,04/11/2025,CA,,Y,,https://youtu.be/v3BvktalX58,[object Object]
California Fall Yearlings (2026),2026-09-30,207,DK B/,2025-JET RANGER,C,SURF CAT,JET RANGER,U S RANGER,HAVENS BLOODSTOCK AGENCY INC. AGENT FOR LIBERTY ROAD STABLES LLC,BRIAN KORINER,3000,,05/03/2025,CA,,Y,,https://vimeo.com/1230623442,[object Object]
California Fall Yearlings (2026),2026-09-30,208,B,2025-JETTIE ANN,F,MO FORZA,JETTIE ANN,BERTRANDO,HAVENS BLOODSTOCK AGENCY INC. AGENT FOR LIBERTY ROAD STABLES LLC,NOT SOLD,2700,,02/11/2025,CA,,Y,,https://vimeo.com/1230805690,[object Object]
California Fall Yearlings (2026),2026-09-30,209,DK B/,2025-JIMMYSSMOKEDCARROT,F,MO FORZA,JIMMYSSMOKEDCARROT,TURBO COMPRESSOR,MCCARTHY BLOODSTOCK AGENT,OUT,0,,05/02/2025,CA,,Y,,https://vimeo.com/1230522969,[object Object]
California Fall Yearlings (2026),2026-09-30,210,DK B/,BANDPLAYSON,C,DANZING CANDY,JOURNAL ENTRY,UNCLE MO,RANCHO SAN MIGUEL AGENT,NOT SOLD,2500,,04/23/2025,CA,,Y,,https://youtu.be/rSRjheck1JM,[object Object]
California Fall Yearlings (2026),2026-09-30,211,DK B/,2025-JU JU BABY,C,SHAAZ,JU JU BABY,SNOW RIDGE,BARTON THOROUGHBREDS AGENT,RB SHAPIRO RACING LLC,50000,,02/04/2025,CA,,Y,,https://vimeo.com/reviews/4e9b95e9-4683-470e-8b57-5b178e290320/videos/1228820280,[object Object]
California Fall Yearlings (2026),2026-09-30,212,DK B/,2025-KATALUST,C,MCKINZIE,KATALUST,MUNNINGS,LOVACRES RANCH LLC AGENT,NOT SOLD,97000,,01/20/2025,CA,,Y,,https://vimeo.com/1222591310?share=copy,[object Object]
California Fall Yearlings (2026),2026-09-30,213,B,2025-KATIE'S HEAT,F,EIGHT RINGS,KATIE'S HEAT,UNUSUAL HEAT,LOVACRES RANCH LLC AGENT,NOT SOLD,2500,,03/06/2025,CA,,Y,,https://vimeo.com/1222593153?share=copy,[object Object]
California Fall Yearlings (2026),2026-09-30,214,CH,2025-KYLEE ROSE,F,TOM'S TRIBUTE,KYLEE ROSE,QUALITY ROAD,MCCARTHY BLOODSTOCK AGENT,LEONARD POWELL,16000,,04/09/2025,CA,,Y,,https://vimeo.com/1230594353,[object Object]
California Fall Yearlings (2026),2026-09-30,215,DK B/,2025-L'ECRITURE (GB),F,MO FORZA,L'ECRITURE (GB),BATED BREATH (GB),DEHESA FARMS LLC AGENT,OUT,0,,04/08/2025,CA,,Y,,,[object Object]
California Fall Yearlings (2026),2026-09-30,216,B,2025-L'INDISCRET,F,MO FORZA,L'INDISCRET,WAR FRONT,RANCHO SAN MIGUEL AGENT,LARRY ODBERT,3000,,04/01/2025,CA,,Y,,https://youtu.be/feL6W2DVh4Y,[object Object]
California Fall Yearlings (2026),2026-09-30,217,GR/RO,2025-LA ROSITA,C,EDITORIAL,LA ROSITA,UNUSUAL HEATWAVE,BLUE SKY TRAINING CENTER LLC AGENT FOR TWO SHADES OF BLUE RACING LLC,NOT SOLD,2700,,03/25/2025,CA,,Y,,,[object Object]
California Fall Yearlings (2026),2026-09-30,218,CH,2025-LADY KATFISH,C,NASHVILLE,LADY KATFISH,EXCHANGE RATE,MCCARTHY BLOODSTOCK AGENT,SCEPTRE BLOODSTOCK,10000,,04/13/2025,CA,,Y,,https://vimeo.com/1230595609,[object Object]
California Fall Yearlings (2026),2026-09-30,219,CH,2025-LAKE LOCAL,C,OM,LAKE LOCAL,STREET BOSS,HARRIS FARMS INC. AGENT,NOT SOLD,2500,,04/05/2025,CA,,Y,,https://vimeo.com/1230607749,[object Object]
California Fall Yearlings (2026),2026-09-30,220,GR/RO,2025-LAST GREAT,C,HALLADAY,LAST GREAT,ALBERT THE GREAT,CHECKMATE THOROUGHBREDS LLC AGENT,NOT SOLD,2500,,04/23/2025,CA,,Y,,https://vimeo.com/1230530388,[object Object]
California Fall Yearlings (2026),2026-09-30,221,GR/RO,2025-LEMONAIDEEN,C,PAVEL,LEMONAIDEEN,SQUARE EDDIE,BARTON THOROUGHBREDS AGENT,MARK GLATT AGENT,30000,,04/21/2025,CA,,Y,,https://vimeo.com/reviews/4e9b95e9-4683-470e-8b57-5b178e290320/videos/1228822697,[object Object]
California Fall Yearlings (2026),2026-09-30,222,B,2025-LENTICED,C,MO FORZA,LENTICED,ENTICED,RANCHO SAN MIGUEL AGENT,NOT SOLD,2500,,04/12/2025,CA,,Y,,https://youtu.be/53orDTBCt3E,[object Object]
California Fall Yearlings (2026),2026-09-30,223,B,2025-LIAM'S SECRET,C,STANFORD,LIAM'S SECRET,LIAM'S MAP,HARRIS FARMS INC. AGENT,NOT SOLD,32000,,03/15/2025,CA,,Y,,https://vimeo.com/1231144714,[object Object]
California Fall Yearlings (2026),2026-09-30,224,B,I TOLD YOU SO,C,RUMPUS CAT,LIBERTY KITTEN,KITTEN'S JOY,MILKY WAY FARM AGENT,NOT SOLD,2500,,04/29/2025,CA,,Y,,https://vimeo.com/1223818601,[object Object]
California Fall Yearlings (2026),2026-09-30,225,DK B/,2025-LIFE SIZE,C,SHAAZ,LIFE SIZE,INTO MISCHIEF,BARTON THOROUGHBREDS AGENT,MARK GLATT AGENT,30000,,01/23/2025,CA,,Y,,https://vimeo.com/reviews/4e9b95e9-4683-470e-8b57-5b178e290320/videos/1228822695,[object Object]
California Fall Yearlings (2026),2026-09-30,226,GR/RO,2025-LOST IN LEXINGTON,F,GRAZEN,LOST IN LEXINGTON,PAPA CLEM,MCCARTHY BLOODSTOCK AGENT,OUT,0,,01/29/2025,CA,,Y,,,[object Object]
California Fall Yearlings (2026),2026-09-30,227,DK B/,2025-LOVE RECIPE,C,DANZING CANDY,LOVE RECIPE,TRIBAL RULE,HAVENS BLOODSTOCK AGENCY INC. AGENT FOR LIBERTY ROAD STABLES LLC,JORGE PERIBAN,9000,,04/20/2025,CA,,Y,,https://vimeo.com/1230659885,[object Object]
California Fall Yearlings (2026),2026-09-30,228,CH,2025-LOVEHERHEART,F,SMILING TIGER,LOVEHERHEART,KLIMT,HARRIS FARMS INC. AGENT,BOSS SULLY RACING,10000,,03/17/2025,CA,,Y,,https://vimeo.com/1230608586,[object Object]
California Fall Yearlings (2026),2026-09-30,229,DK B/,2025-LUNARIA,F,SPEAKER'S CORNER,LUNARIA,ARROGATE,DEHESA FARMS LLC AGENT,NOT SOLD,9000,,03/02/2025,CA,,Y,,https://vimeo.com/1230972709,[object Object]
California Fall Yearlings (2026),2026-09-30,230,B,2025-LUTE PLAYER,F,SHAAZ,LUTE PLAYER,INTO MISCHIEF,BARTON THOROUGHBREDS AGENT,OUT,0,,03/01/2025,CA,,Y,,,[object Object]
California Fall Yearlings (2026),2026-09-30,231,B,2025-MA REVE,F,ROCK YOUR WORLD,MA REVE,MUNNINGS,BARTON THOROUGHBREDS AGENT,J & S RACING & IJJ RACING,110000,,01/22/2025,CA,,Y,,https://vimeo.com/reviews/4e9b95e9-4683-470e-8b57-5b178e290320/videos/1228822696,[object Object]
California Fall Yearlings (2026),2026-09-30,232,DK B/,2025-MADAME HEAT,C,SMILING TIGER,MADAME HEAT,UNUSUAL HEAT,HARRIS FARMS INC. AGENT,RAY BELL,10000,,01/28/2025,CA,,Y,,https://vimeo.com/1230609264,[object Object]
California Fall Yearlings (2026),2026-09-30,233,CH,2025-MADRE LUNA,F,BOLDEN,MADRE LUNA,RAHY,HAVENS BLOODSTOCK AGENCY INC. AGENT FOR LIBERTY ROAD STABLES LLC,MICHAEL CURTIS,3000,,02/10/2025,CA,,Y,,https://vimeo.com/1230806775,[object Object]
California Fall Yearlings (2026),2026-09-30,234,GR/RO,2025-MAGICAL RUNNER,C,KOBE'S BACK,MAGICAL RUNNER,EMPIRE MAKER,MCCARTHY BLOODSTOCK AGENT,OUT,0,,03/21/2025,CA,,Y,,,[object Object]
California Fall Yearlings (2026),2026-09-30,235,DK B/,2025-MAJESTIC DAWN,C,MENDELSSOHN,MAJESTIC DAWN,KITTEN'S JOY,BARTON THOROUGHBREDS AGENT,NOT SOLD,57000,,02/17/2025,CA,,Y,,https://vimeo.com/reviews/4e9b95e9-4683-470e-8b57-5b178e290320/videos/1228824574,[object Object]
California Fall Yearlings (2026),2026-09-30,236,CH,2025-MAJESTIC STEPS (IRE),C,BOLDEN,MAJESTIC STEPS (IRE),FOOTSTEPSINTHESAND (GB),RANCHO SAN MIGUEL AGENT,JUAN GARCIA,2500,,01/28/2025,CA,,Y,,https://youtu.be/wafmgcMXmkk,[object Object]
California Fall Yearlings (2026),2026-09-30,237,CH,2025-MARI'S THUNDER,F,MOQUEST,MARI'S THUNDER,THUNDER GULCH,HAVENS BLOODSTOCK AGENCY INC. AGENT,OUT,0,,03/10/2025,CA,,Y,,https://vimeo.com/1230808114,[object Object]
California Fall Yearlings (2026),2026-09-30,238,GR/RO,2025-MARK OF A GEM,F,SMILING TIGER,MARK OF A GEM,BENCHMARK,HARRIS FARMS INC. AGENT,STEVE E SWANSON,3000,,02/17/2025,CA,,Y,,https://vimeo.com/1230610031,[object Object]
California Fall Yearlings (2026),2026-09-30,239,DK B/,2025-MARSEILLAISE,C,SHAAZ,MARSEILLAISE,SPEIGHTSTOWN,BARTON THOROUGHBREDS AGENT,NOT SOLD,2500,,03/07/2025,CA,,Y,,https://vimeo.com/reviews/4e9b95e9-4683-470e-8b57-5b178e290320/videos/1228824577,[object Object]
California Fall Yearlings (2026),2026-09-30,240,B,2025-MARVELOUS,C,MO FORZA,MARVELOUS,PIONEEROF THE NILE,RANCHO SAN MIGUEL AGENT,NOT SOLD,12000,,02/27/2025,CA,,Y,,https://youtu.be/AXT_hfCeToI,[object Object]
California Fall Yearlings (2026),2026-09-30,241,DK B/,2025-MERADA,F,VEKOMA,MERADA,SPEIGHTSTOWN,BARTON THOROUGHBREDS AGENT,MWG ENTERPRISES LLC MICHAEL MCCARTHY AGENT,100000,,03/20/2025,CA,,Y,,https://vimeo.com/reviews/4e9b95e9-4683-470e-8b57-5b178e290320/videos/1228824575,[object Object]
California Fall Yearlings (2026),2026-09-30,242,CH,2025-MESANA,C,OMAHA BEACH,MESANA,MIZZEN MAST,BARTON THOROUGHBREDS AGENT,NOT SOLD,75000,,03/04/2025,CA,,Y,,https://vimeo.com/reviews/4e9b95e9-4683-470e-8b57-5b178e290320/videos/1228953489,[object Object]
California Fall Yearlings (2026),2026-09-30,243,DK B/,2025-MIDNIGHT EMMA,C,STAY THIRSTY,MIDNIGHT EMMA,MIDNIGHT LUTE,LOVACRES RANCH LLC AGENT,EDWIN ALVAREZ,3000,,04/12/2025,CA,,Y,,https://vimeo.com/1222594720?share=copy,[object Object]
California Fall Yearlings (2026),2026-09-30,245,DK B/,2025-MIMSY,C,SHAAZ,MIMSY,STRONG MANDATE,BARTON THOROUGHBREDS AGENT,NOT SOLD,20000,,02/01/2025,CA,,Y,,https://vimeo.com/reviews/4e9b95e9-4683-470e-8b57-5b178e290320/videos/1228833755,[object Object]
California Fall Yearlings (2026),2026-09-30,246,DK B/,2025-MINT CONDITION,F,MIDNIGHT STORM,MINT CONDITION,HARD SPUN,MILKY WAY FARM AGENT,OUT,0,,03/07/2025,CA,,Y,,https://vimeo.com/1223874683,[object Object]
California Fall Yearlings (2026),2026-09-30,247,B,2025-MISS EMPIRE,C,SPEAKER'S CORNER,MISS EMPIRE,EMPIRE MAKER,BARTON THOROUGHBREDS AGENT,NOT SOLD,35000,,02/10/2025,CA,,Y,,https://vimeo.com/reviews/4e9b95e9-4683-470e-8b57-5b178e290320/videos/1228842040,[object Object]
California Fall Yearlings (2026),2026-09-30,248,CH,2025-MISS MAXI,C,IDOL,MISS MAXI,MAXIMUS MISCHIEF,MCCARTHY BLOODSTOCK AGENT,O J JAUREGUI,2500,,03/30/2025,CA,,Y,,https://vimeo.com/1230596976,[object Object]
California Fall Yearlings (2026),2026-09-30,249,DK B/,2025-MISS METROPOLITAN,F,TAP BACK,MISS METROPOLITAN,LEROIDESANIMAUX (BRZ),BARTON THOROUGHBREDS AGENT,NOT SOLD,7000,,03/01/2025,CA,,Y,,https://vimeo.com/reviews/4e9b95e9-4683-470e-8b57-5b178e290320/videos/1228842047,[object Object]
California Fall Yearlings (2026),2026-09-30,250,CH,SHIP MACHINE,F,MIDSHIPMAN,MISS PROSPECTOR,HARBOR THE GOLD,CRITTER CREEK FARM AGENT FOR BRET CHRISTOPHERSON,OUT OF THE BLUE STABLES,18000,,03/29/2025,KY,,Y,,,[object Object]
California Fall Yearlings (2026),2026-09-30,251,DK B/,LITTLE SPUNSHINE,F,HARD SPUN,MISS SEGURA,PALACE MALICE,HAVENS BLOODSTOCK AGENCY INC. AGENT,IJJ RACING,300000,,02/12/2025,CA,,Y,,https://vimeo.com/1230566237,[object Object]
California Fall Yearlings (2026),2026-09-30,252,GR/RO,2025-MIZ TIANJIN,F,PAVEL,MIZ TIANJIN,MIZZEN MAST,DEHESA FARMS LLC AGENT,OUT,0,,04/22/2025,CA,,Y,,,[object Object]
California Fall Yearlings (2026),2026-09-30,253,B,LEIALOHA,F,TIZAMAGICIAN,MODEST,FLATTER,MILKY WAY FARM AGENT,NOT SOLD,2500,,03/26/2025,CA,,Y,,https://vimeo.com/1223874697,[object Object]
California Fall Yearlings (2026),2026-09-30,254,B,2025-MONEY BEETS,C,ANNAPOLIS,MONEY BEETS,CITY OF LIGHT,MCCARTHY BLOODSTOCK AGENT,BYRON & ROSE KLUTH VAL BRINKERHOFF AGENT,42000,,04/26/2025,CA,,Y,,https://vimeo.com/1230598399,[object Object]
California Fall Yearlings (2026),2026-09-30,255,B,2025-MONSTRO NESS,C,SMILING TIGER,MONSTRO NESS,ROCK HARD TEN,HARRIS FARMS INC. AGENT,CHRIS MITCHELL FOR MICHAEL MESSING,2500,,04/01/2025,CA,,Y,,https://vimeo.com/1230610615,[object Object]
California Fall Yearlings (2026),2026-09-30,256,B,2025-MOONIE,F,YAUPON,MOONIE,SQUARE EDDIE,BARTON THOROUGHBREDS AGENT,LEGACY RANCH WEST POINT IJJ RACING,130000,,02/15/2025,CA,,Y,,https://vimeo.com/reviews/4e9b95e9-4683-470e-8b57-5b178e290320/videos/1228848015,[object Object]
California Fall Yearlings (2026),2026-09-30,257,B,2025-MORNING CYNN,F,MCKINZIE,MORNING CYNN,PAYNTER,LOVACRES RANCH LLC AGENT,NOT SOLD,45000,,01/17/2025,CA,,Y,,https://vimeo.com/1222596615?share=copy,[object Object]
California Fall Yearlings (2026),2026-09-30,258,B,2025-MUNDY ROAD,F,TAP BACK,MUNDY ROAD,LONHRO (AUS),BARTON THOROUGHBREDS AGENT,OUT,0,,03/20/2025,CA,,Y,,,[object Object]
California Fall Yearlings (2026),2026-09-30,259,DK B/,2025-MUNNY PENNY,C,MCKINZIE,MUNNY PENNY,MUNNINGS,LOVACRES RANCH LLC AGENT,NOT SOLD,17000,,03/18/2025,CA,,Y,,https://vimeo.com/1222598352?share=copy,[object Object]
California Fall Yearlings (2026),2026-09-30,260,B,2025-MUSIC AND ART,F,HALLADAY,MUSIC AND ART,MUNNINGS,CHECKMATE THOROUGHBREDS LLC AGENT,NOT SOLD,5000,,01/17/2025,CA,,Y,,,[object Object]
California Fall Yearlings (2026),2026-09-30,261,CH,2025-MY SENSES,C,OM,MY SENSES,STREET SENSE,HARRIS FARMS INC.,ROB HENIE,6000,,02/23/2025,CA,,Y,,https://vimeo.com/1229006179,[object Object]
California Fall Yearlings (2026),2026-09-30,262,CH,2025-MYFOURCHIX,C,MO FORZA,MYFOURCHIX,HENNY HUGHES,RANCHO SAN MIGUEL AGENT,OUT,0,,05/05/2025,CA,,Y,,,[object Object]
California Fall Yearlings (2026),2026-09-30,263,CH,2025-MYSTIC NILE,C,MO FORZA,MYSTIC NILE,PIONEEROF THE NILE,RANCHO SAN MIGUEL AGENT,NOT SOLD,4000,,03/19/2025,CA,,Y,,https://youtu.be/ZgTXvn0DxW4,[object Object]
California Fall Yearlings (2026),2026-09-30,264,DK B/,2025-NAUGHTY SECRETARY,C,SIR PRANCEALOT (IRE),NAUGHTY SECRETARY,STORM WOLF,HAVENS BLOODSTOCK AGENCY INC. AGENT FOR LIBERTY ROAD STABLES LLC,NOT SOLD,2500,,02/22/2025,CA,,Y,,https://vimeo.com/1230661299,[object Object]
California Fall Yearlings (2026),2026-09-30,265,B,2025-NICE ICE,F,SHAAZ,NICE ICE,NORTHERN AFLEET,BARTON THOROUGHBREDS AGENT,BRYON SEYMORE/VAN BELVOIR,5500,,03/29/2025,CA,,Y,,https://vimeo.com/reviews/4e9b95e9-4683-470e-8b57-5b178e290320/videos/1228852994,[object Object]
California Fall Yearlings (2026),2026-09-30,266,DK B/,2025-NINE TO FIVE LADY,F,EIGHT RINGS,NINE TO FIVE LADY,MR. GREELEY,DEHESA FARMS LLC AGENT,NOT SOLD,2500,,05/11/2025,CA,,Y,,https://vimeo.com/1231330299,[object Object]
California Fall Yearlings (2026),2026-09-30,267,GR/RO,2025-NO CLOSING COSTS,C,PAVEL,NO CLOSING COSTS,TWIRLING CANDY,BARTON THOROUGHBREDS AGENT,MEL OR JEAN ANNUZZI TERRY KNIGHT AGENT,130000,,04/29/2025,CA,,Y,,https://vimeo.com/reviews/4e9b95e9-4683-470e-8b57-5b178e290320/videos/1228857255,[object Object]
California Fall Yearlings (2026),2026-09-30,268,B,2025-NOBLE HEARTED,F,EARLY VOTING,NOBLE HEARTED,NOBLE MISSION (GB),BARTON THOROUGHBREDS AGENT,LEGACY RANCH INC,100000,,03/18/2025,CA,,Y,,https://vimeo.com/reviews/4e9b95e9-4683-470e-8b57-5b178e290320/videos/1228863259,[object Object]
California Fall Yearlings (2026),2026-09-30,269,B,2025-NORMA'S LOVE,F,AUTHENTIC,NORMA'S LOVE,STREET BOSS,BARTON THOROUGHBREDS AGENT,NOT SOLD,19000,,03/13/2025,CA,,Y,,https://vimeo.com/reviews/4e9b95e9-4683-470e-8b57-5b178e290320/videos/1228866332,[object Object]
California Fall Yearlings (2026),2026-09-30,270,DK B/,2025-NOT NEGOTIABLE,F,TIZAMAGICIAN,NOT NEGOTIABLE,DIALED IN,MILKY WAY FARM AGENT,NOT SOLD,2500,,03/02/2025,CA,,Y,,https://vimeo.com/1223875073,[object Object]
California Fall Yearlings (2026),2026-09-30,271,B,2025-NOTHING TO WEAR,F,GRAZEN,NOTHING TO WEAR,MALIBU MOON,H & E RANCH,NOT SOLD,57000,,03/28/2025,KY,,Y,,,[object Object]
California Fall Yearlings (2026),2026-09-30,272,B,2025-OBJECT,C,STANFORD,OBJECT,WAR FRONT,THOROUGHBRED INVESTMENT POSSIBILITIES,EDWIN ALVAREZ,3000,,05/23/2025,CA,,Y,,,[object Object]
California Fall Yearlings (2026),2026-09-30,273,B,2025-OCEAN DREAM,C,SHAAZ,OCEAN DREAM,SQUARE EDDIE,BARTON THOROUGHBREDS AGENT,NOT SOLD,37000,,04/13/2025,CA,,Y,,https://vimeo.com/reviews/4e9b95e9-4683-470e-8b57-5b178e290320/videos/1228870716,[object Object]
California Fall Yearlings (2026),2026-09-30,274,CH,2025-OCEAN FIRE,F,GRAYDAR,OCEAN FIRE,ANIMAL KINGDOM,MILKY WAY FARM AGENT,NOT SOLD,2500,,01/25/2025,CA,,Y,,https://vimeo.com/1223875086,[object Object]
California Fall Yearlings (2026),2026-09-30,275,B,2025-OCEAN REEF,C,MAXIMUM SECURITY,OCEAN REEF,WAR FRONT,BARTON THOROUGHBREDS AGENT,VALINOR RACING STABLE LLC,15000,,02/18/2025,CA,,Y,,https://vimeo.com/reviews/4e9b95e9-4683-470e-8b57-5b178e290320/videos/1228875491,[object Object]
California Fall Yearlings (2026),2026-09-30,276,B,2025-ONE MORE SUMMER,F,DADS CAPS,ONE MORE SUMMER,WILL TAKE CHARGE,BARTON THOROUGHBREDS AGENT,BILL & NANCY ROWE,15000,,03/28/2025,KY,,Y,,https://vimeo.com/reviews/4e9b95e9-4683-470e-8b57-5b178e290320/videos/1228879149,[object Object]
California Fall Yearlings (2026),2026-09-30,277,CH,2025-ORGANIC,C,OLYMPIAD,ORGANIC,DADS CAPS,BARTON THOROUGHBREDS AGENT,NOT SOLD,47000,,01/18/2025,CA,,Y,,https://vimeo.com/reviews/4e9b95e9-4683-470e-8b57-5b178e290320/videos/1228884448,[object Object]
California Fall Yearlings (2026),2026-09-30,278,GR/RO,GLOWING GIRL,F,MO FORZA,PADDY JEAN,PADDY O'PRADO,RANCHO SAN MIGUEL AGENT,ROD FAUROT,30000,,02/16/2025,CA,,Y,,https://youtu.be/V3zgVxhfZIM,[object Object]
California Fall Yearlings (2026),2026-09-30,279,GR/RO,2025-PAINT THE TOWN RED,F,PAVEL,PAINT THE TOWN RED,CIRCUMFERENCE (IRE),DEHESA FARMS LLC AGENT,NOT SOLD,29000,,03/17/2025,CA,,Y,,https://vimeo.com/1231128620,[object Object]
California Fall Yearlings (2026),2026-09-30,280,B,2025-PALOMITA,F,CAT BURGLAR,PALOMITA,INTO MISCHIEF,BARTON THOROUGHBREDS AGENT,NOT SOLD,32000,,04/08/2025,CA,,Y,,https://vimeo.com/reviews/4e9b95e9-4683-470e-8b57-5b178e290320/videos/1228887641,[object Object]
California Fall Yearlings (2026),2026-09-30,281,GR/RO,2025-PAPASLILPRINCESS,F,MO FORZA,PAPASLILPRINCESS,HARLINGTON,RANCHO SAN MIGUEL AGENT,SAMANTHA SIEGEL,40000,,02/28/2025,CA,,Y,,https://youtu.be/TDr0xycD3Zs,[object Object]
California Fall Yearlings (2026),2026-09-30,282,B,2025-PASCHALITSA,F,GRAZEN,PASCHALITSA,CINDAGO,MCCARTHY BLOODSTOCK AGENT,OUT,0,,03/03/2025,CA,,Y,,,[object Object]
California Fall Yearlings (2026),2026-09-30,283,B,2025-PATRICE MERION,F,KNICKS GO,PATRICE MERION,ENGLISH CHANNEL,MCCARTHY BLOODSTOCK AGENT,CHAD CALL,18000,,02/25/2025,CA,,Y,,https://vimeo.com/1230599588,[object Object]
California Fall Yearlings (2026),2026-09-30,284,B,2025-PATRICIA'S RING,C,MAXFIELD,PATRICIA'S RING,MALIBU MOON,BARTON THOROUGHBREDS AGENT,NOT SOLD,87000,,03/05/2025,CA,,Y,,https://vimeo.com/reviews/4e9b95e9-4683-470e-8b57-5b178e290320/videos/1228893175,[object Object]
California Fall Yearlings (2026),2026-09-30,285,B,2025-PATRIOT C H,F,ACCLAMATION,PATRIOT C H,REDATTORE (BRZ),HARRIS FARMS INC.,NICK J HINES AGENT,50000,,03/25/2025,CA,,Y,,https://vimeo.com/1229293388,[object Object]
California Fall Yearlings (2026),2026-09-30,286,DK B/,2025-PATRIOTIC GAL,C,OM,PATRIOTIC GAL,WAR FRONT,HARRIS FARMS INC.,OUT,0,,04/15/2025,CA,,Y,,,[object Object]
California Fall Yearlings (2026),2026-09-30,287,CH,2025-PEARLS FOR GIRLS,C,BOLDEN,PEARLS FOR GIRLS,GREELEY'S GALAXY,RANCHO SAN MIGUEL AGENT,JOHN CRESPY,15000,,05/14/2025,CA,,Y,,https://youtu.be/mZYrkEg-L60,[object Object]
California Fall Yearlings (2026),2026-09-30,288,DK B/,TIZ ELEGANT,F,TIZAMAGICIAN,PLAYA BLANCA,UNBRIDLED'S SONG,CRITTER CREEK FARM,SHANDRA HUDSON,5000,,05/05/2025,CA,,Y,,,[object Object]
California Fall Yearlings (2026),2026-09-30,289,DK B/,2025-PLEASANT MO,C,MIDNIGHT STORM,PLEASANT MO,UNCLE MO,MILKY WAY FARM AGENT,DELOY FARNSWORTH,3500,,02/04/2025,CA,,Y,,https://vimeo.com/1223818829,[object Object]
California Fall Yearlings (2026),2026-09-30,290,B,FOGGY EXPRESS,C,MO FORZA,POGONIP,STREET SENSE,RANCHO SAN MIGUEL AGENT,NOT SOLD,2500,,01/15/2025,CA,,Y,,https://youtu.be/JTOF8vHUiC0,[object Object]
California Fall Yearlings (2026),2026-09-30,291,DK B/,2025-PRINCESS FAWZIA,C,DR. SCHIVEL,PRINCESS FAWZIA,CAIRO PRINCE,MCCARTHY BLOODSTOCK AGENT,CLAY JESSE CARLENE & CURTIS SIDES,4500,,05/22/2025,CA,,Y,,https://vimeo.com/1230601074,[object Object]
California Fall Yearlings (2026),2026-09-30,292,DK B/,2025-PUMA PUNKU,F,SHAAZ,PUMA PUNKU,KITTEN'S JOY,BARTON THOROUGHBREDS AGENT,ALEX SOLOMON AGENT FOR GIDDYUP JR LLC,50000,,03/21/2025,CA,,Y,,https://vimeo.com/reviews/4e9b95e9-4683-470e-8b57-5b178e290320/videos/1228897743,[object Object]
California Fall Yearlings (2026),2026-09-30,293,DK B/,2025-PURRFECT RIDE,C,MIDNIGHT STORM,PURRFECT RIDE,CANDY RIDE (ARG),MILKY WAY FARM AGENT,DAPITAN STAR RACING LLC,2500,,05/11/2025,CA,,Y,,https://vimeo.com/1223818834,[object Object]
