SALE TITLE,SESSION,HIP,COLOR,NAME,SEX,SIRE,DAM,SIRE OF DAM,PROPERTY LINE,PURCHASER,PRICE,PRIVATE SALE,YEAR OF BIRTH,FOALED,BARN,COVER DATE,CONSIGNOR NAME,SOLD AS DESCRIPTION,VIRTUAL INSPECTION
Flying Zee Dispersal Phase I (2011),2011-10-26,1100,B,,C,SKIP AWAY,FAIR GAME,WESTERN EXPRESSION,HIDDEN BROOK AGENT FOR FLYING ZEE STABLE DISPERSAL PHASE I,EISAMAN EQUINE,4000,,2010-03-04,NEW YORK,D,,HIDDEN BROOK AGENT FOR FLYING ZEE STABLE DISPERSAL PHASE I,,
Flying Zee Dispersal Phase I (2011),2011-10-26,1101,B,,F,ALBERT THE GREAT,FAIRYTALE STORY,WESTERN EXPRESSION,HIDDEN BROOK AGENT FOR FLYING ZEE STABLE DISPERSAL PHASE I,NOT SOLD,1000,,2010-03-27,NEW YORK,D,,HIDDEN BROOK AGENT FOR FLYING ZEE STABLE DISPERSAL PHASE I,,
Flying Zee Dispersal Phase I (2011),2011-10-26,1102,CH,,C,STONESIDER,FASHION FIXTURE,WESTERN EXPRESSION,HIDDEN BROOK AGENT FOR FLYING ZEE STABLE DISPERSAL PHASE I,EISAMAN EQUINE,8500,,2010-03-04,NEW YORK,D,,HIDDEN BROOK AGENT FOR FLYING ZEE STABLE DISPERSAL PHASE I,,
Flying Zee Dispersal Phase I (2011),2011-10-26,1103,B,,F,HARLAN'S HOLIDAY,FIRST IMPRESSION,MR. GREELEY,HIDDEN BROOK AGENT FOR FLYING ZEE STABLE DISPERSAL PHASE I,EISAMAN EQUINE,60000,,2010-05-23,NEW YORK,D,,HIDDEN BROOK AGENT FOR FLYING ZEE STABLE DISPERSAL PHASE I,,
Flying Zee Dispersal Phase I (2011),2011-10-26,1104,B,JOHN'S MARIAH,F,FREUD,FLY,MEADOWLAKE,HIDDEN BROOK AGENT FOR FLYING ZEE STABLE DISPERSAL PHASE I,OUR SUGAR BEAR STABLE,25000,,2010-03-08,NEW YORK,D,,HIDDEN BROOK AGENT FOR FLYING ZEE STABLE DISPERSAL PHASE I,,
Flying Zee Dispersal Phase I (2011),2011-10-26,1105,DKB,,F,HOLY BULL,FRENCH MANICURE,HAWKSTER,HIDDEN BROOK AGENT FOR FLYING ZEE STABLE DISPERSAL PHASE I,ADENA SPRINGS,27000,,2010-05-01,NEW YORK,D,,HIDDEN BROOK AGENT FOR FLYING ZEE STABLE DISPERSAL PHASE I,,
Flying Zee Dispersal Phase I (2011),2011-10-26,1106,DKB,,F,WESTERN EXPRESSION,GRACEFULLY DONE,DEPUTY COMMANDER,HIDDEN BROOK AGENT FOR FLYING ZEE STABLE DISPERSAL PHASE I,ANGELA PALACIOS,2500,,2010-03-04,NEW YORK,D,,HIDDEN BROOK AGENT FOR FLYING ZEE STABLE DISPERSAL PHASE I,,
Flying Zee Dispersal Phase I (2011),2011-10-26,1107,B,,C,WESTERN EXPRESSION,GROOVY'S FAIREST,GROOVY,HIDDEN BROOK AGENT FOR FLYING ZEE STABLE DISPERSAL PHASE I,KIRK & JUDY ROBISON,22000,,2010-02-23,NEW YORK,D,,HIDDEN BROOK AGENT FOR FLYING ZEE STABLE DISPERSAL PHASE I,,
Flying Zee Dispersal Phase I (2011),2011-10-26,1108,B,,F,JOHANNESBURG,HANGINGBYAMOMENT,THUNDER GULCH,HIDDEN BROOK AGENT FOR FLYING ZEE STABLE DISPERSAL PHASE I,PINE TREE STABLES/KEVIN CONTO,3700,,2010-04-24,NEW YORK,D,,HIDDEN BROOK AGENT FOR FLYING ZEE STABLE DISPERSAL PHASE I,,
Flying Zee Dispersal Phase I (2011),2011-10-26,1109,CH,,F,FUSAICHI PEGASUS,KEVIN'S DECISION,EXPENSIVE DECISION,HIDDEN BROOK AGENT FOR FLYING ZEE STABLE DISPERSAL PHASE I,JERRY ANTONIUK,13000,,2010-05-02,NEW YORK,D,,HIDDEN BROOK AGENT FOR FLYING ZEE STABLE DISPERSAL PHASE I,,
Flying Zee Dispersal Phase I (2011),2011-10-26,1110,B,,F,LANGFUHR,KEY DEFINITION,GENTLEMEN (ARG),HIDDEN BROOK AGENT FOR FLYING ZEE STABLE DISPERSAL PHASE I,MIGUEL MORREL,2000,,2010-02-21,NEW YORK,D,,HIDDEN BROOK AGENT FOR FLYING ZEE STABLE DISPERSAL PHASE I,,
Flying Zee Dispersal Phase I (2011),2011-10-26,1111,B,,C,INVASOR (ARG),MISS WINNING SWEEP,END SWEEP,HIDDEN BROOK AGENT FOR FLYING ZEE STABLE DISPERSAL PHASE I,EISAMAN EQUINE,34000,,2010-04-27,NEW YORK,D,,HIDDEN BROOK AGENT FOR FLYING ZEE STABLE DISPERSAL PHASE I,,
Flying Zee Dispersal Phase I (2011),2011-10-26,1112,B,,C,WESTERN EXPRESSION,NICKY'S LOVE,FORT CHAFFEE,HIDDEN BROOK AGENT FOR FLYING ZEE STABLE DISPERSAL PHASE I,NOT SOLD,1000,,2010-02-20,NEW YORK,D,,HIDDEN BROOK AGENT FOR FLYING ZEE STABLE DISPERSAL PHASE I,,
Flying Zee Dispersal Phase I (2011),2011-10-26,1113,DKB,,F,WESTERN EXPRESSION,ON THE CATWALK,HONOUR AND GLORY,HIDDEN BROOK AGENT FOR FLYING ZEE STABLE DISPERSAL PHASE I,DAVID ROSS/JAMES BREDIN AGT,52000,,2010-02-21,NEW YORK,D,,HIDDEN BROOK AGENT FOR FLYING ZEE STABLE DISPERSAL PHASE I,,
Flying Zee Dispersal Phase I (2011),2011-10-26,1114,CH,,F,GIANT'S CAUSEWAY,PICTURE,ROAR,HIDDEN BROOK AGENT FOR FLYING ZEE STABLE DISPERSAL PHASE I,OUT,0,,2010-04-20,NEW YORK,D,,HIDDEN BROOK AGENT FOR FLYING ZEE STABLE DISPERSAL PHASE I,,
Flying Zee Dispersal Phase I (2011),2011-10-26,1115,B,,F,DISCO RICO,PLAYIN DOCTOR,DR. BLUM,HIDDEN BROOK AGENT FOR FLYING ZEE STABLE DISPERSAL PHASE I,ALFRED DI RICO,30000,,2010-03-10,NEW YORK,D,,HIDDEN BROOK AGENT FOR FLYING ZEE STABLE DISPERSAL PHASE I,,
Flying Zee Dispersal Phase I (2011),2011-10-26,1116,CH,,F,WESTERN EXPRESSION,POINT SPREAD,POINT GIVEN,HIDDEN BROOK AGENT FOR FLYING ZEE STABLE DISPERSAL PHASE I,ALAN QUARTUCCI,16000,,2010-01-31,NEW YORK,D,,HIDDEN BROOK AGENT FOR FLYING ZEE STABLE DISPERSAL PHASE I,,
Flying Zee Dispersal Phase I (2011),2011-10-26,1117,B,,F,WESTERN EXPRESSION,RARE TRUTH,GULCH,HIDDEN BROOK AGENT FOR FLYING ZEE STABLE DISPERSAL PHASE I,NOT SOLD,1000,,2010-03-31,NEW YORK,D,,HIDDEN BROOK AGENT FOR FLYING ZEE STABLE DISPERSAL PHASE I,,
Flying Zee Dispersal Phase I (2011),2011-10-26,1118,B,,F,LEMON DROP KID,SALTY ROMANCE,SALT LAKE,HIDDEN BROOK AGENT FOR FLYING ZEE STABLE DISPERSAL PHASE I,GLEN HILL FARM/D LANNI AGT,375000,,2010-03-12,NEW YORK,D,,HIDDEN BROOK AGENT FOR FLYING ZEE STABLE DISPERSAL PHASE I,,
Flying Zee Dispersal Phase I (2011),2011-10-26,1119,B,,F,PURE PRIZE,SIMPLY SIMPLE,WILD AGAIN,HIDDEN BROOK AGENT FOR FLYING ZEE STABLE DISPERSAL PHASE I,JERRY ANTONIUK,10500,,2010-03-18,NEW YORK,D,,HIDDEN BROOK AGENT FOR FLYING ZEE STABLE DISPERSAL PHASE I,,
Flying Zee Dispersal Phase I (2011),2011-10-26,1120,CH,,F,WESTERN EXPRESSION,SMOKE N SHADOWS,SMOKE GLACKEN,HIDDEN BROOK AGENT FOR FLYING ZEE STABLE DISPERSAL PHASE I,ARDELL SAYLER,10500,,2010-03-15,NEW YORK,D,,HIDDEN BROOK AGENT FOR FLYING ZEE STABLE DISPERSAL PHASE I,,
Flying Zee Dispersal Phase I (2011),2011-10-26,1121,CH,,F,WESTERN EXPRESSION,STOCK TIP,THUNDER GULCH,HIDDEN BROOK AGENT FOR FLYING ZEE STABLE DISPERSAL PHASE I,HIDDEN BROOK FARM AGENT,1000,,2010-01-20,NEW YORK,D,,HIDDEN BROOK AGENT FOR FLYING ZEE STABLE DISPERSAL PHASE I,,
Flying Zee Dispersal Phase I (2011),2011-10-26,1122,DKB,,F,HEATSEEKER (IRE),SWEPT THE SERIES,GRAND SLAM,HIDDEN BROOK AGENT FOR FLYING ZEE STABLE DISPERSAL PHASE I,RED AND BLACK STABLE,65000,,2010-03-15,NEW YORK,D,,HIDDEN BROOK AGENT FOR FLYING ZEE STABLE DISPERSAL PHASE I,,
Flying Zee Dispersal Phase I (2011),2011-10-26,1123,B,,C,ORIENTATE,THE MATERIAL GIRL,SONGANDAPRAYER,HIDDEN BROOK AGENT FOR FLYING ZEE STABLE DISPERSAL PHASE I,NOT SOLD,1000,,2010-02-11,NEW YORK,D,,HIDDEN BROOK AGENT FOR FLYING ZEE STABLE DISPERSAL PHASE I,,
Flying Zee Dispersal Phase I (2011),2011-10-26,1124,B,,F,BERNARDINI,THE REAL MELODY,UNBRIDLED'S SONG,HIDDEN BROOK AGENT FOR FLYING ZEE STABLE DISPERSAL PHASE I,RED AND BLACK STABLE,140000,,2010-05-16,NEW YORK,D,,HIDDEN BROOK AGENT FOR FLYING ZEE STABLE DISPERSAL PHASE I,,
Flying Zee Dispersal Phase I (2011),2011-10-26,1125,B,,C,EDDINGTON,VEILED PROMISES,SCARLET IBIS,HIDDEN BROOK AGENT FOR FLYING ZEE STABLE DISPERSAL PHASE I,JOHN SHAW,3000,,2010-04-21,NEW YORK,D,,HIDDEN BROOK AGENT FOR FLYING ZEE STABLE DISPERSAL PHASE I,,
Flying Zee Dispersal Phase I (2011),2011-10-26,1126,CH,,C,VAN NISTELROOY,VICTORY'S SISTER,CRYPTOCLEARANCE,HIDDEN BROOK AGENT FOR FLYING ZEE STABLE DISPERSAL PHASE I,KIM VALERIO AGENT,15000,,2010-05-04,NEW YORK,D,,HIDDEN BROOK AGENT FOR FLYING ZEE STABLE DISPERSAL PHASE I,,
Flying Zee Dispersal Phase I (2011),2011-10-26,1127,DKB,,F,WESTERN EXPRESSION,WALK THE TALK,IN A WALK,HIDDEN BROOK AGENT FOR FLYING ZEE STABLE DISPERSAL PHASE I,ADENA SPRINGS,4000,,2010-04-10,NEW YORK,D,,HIDDEN BROOK AGENT FOR FLYING ZEE STABLE DISPERSAL PHASE I,,
Flying Zee Dispersal Phase I (2011),2011-10-26,1128,B,,F,DEFER,WHATEVERWILLBWILLB,WESTERN EXPRESSION,HIDDEN BROOK AGENT FOR FLYING ZEE STABLE DISPERSAL PHASE I,WILLIAM S SYMPSON,1500,,2010-01-11,NEW YORK,D,,HIDDEN BROOK AGENT FOR FLYING ZEE STABLE DISPERSAL PHASE I,,
Flying Zee Dispersal Phase I (2011),2011-10-26,1129,B,,F,WESTERN EXPRESSION,WITH IMPUNITY,PERSONAL FLAG,HIDDEN BROOK AGENT FOR FLYING ZEE STABLE DISPERSAL PHASE I,MIDWEST THOROUGHBREDS INC,20000,,2010-02-06,NEW YORK,D,,HIDDEN BROOK AGENT FOR FLYING ZEE STABLE DISPERSAL PHASE I,,
Flying Zee Dispersal Phase I (2011),2011-10-26,1130,CH,,C,SPEIGHTSTOWN,APOCALYPTICAL,WISEMAN'S FERRY,HIDDEN BROOK AGENT FOR FLYING ZEE STABLE DISPERSAL PHASE I,RED AND BLACK STABLE,40000,,2010-03-18,NEW YORK,D,,HIDDEN BROOK AGENT FOR FLYING ZEE STABLE DISPERSAL PHASE I,,
Flying Zee Dispersal Phase I (2011),2011-10-26,1131,B,,F,GOLDEN MISSILE,BABYIFURGOODTOGO,ELUSIVE QUALITY,HIDDEN BROOK AGENT FOR FLYING ZEE STABLE DISPERSAL PHASE I,ADENA SPRINGS,40000,,2010-03-15,NEW YORK,D,,HIDDEN BROOK AGENT FOR FLYING ZEE STABLE DISPERSAL PHASE I,,
Flying Zee Dispersal Phase I (2011),2011-10-26,1132,B,,C,PLEASANTLY PERFECT,BELLAMEISTER,WAR CHANT,HIDDEN BROOK AGENT FOR FLYING ZEE STABLE DISPERSAL PHASE I,F SANCHEZ JR MD,2000,,2010-03-22,NEW YORK,D,,HIDDEN BROOK AGENT FOR FLYING ZEE STABLE DISPERSAL PHASE I,,
Flying Zee Dispersal Phase I (2011),2011-10-26,1133,B,,F,PURE PRIZE,BELLANIQUE,JOYEUX DANSEUR,HIDDEN BROOK AGENT FOR FLYING ZEE STABLE DISPERSAL PHASE I,RED AND BLACK STABLE,15000,,2010-04-15,NEW YORK,D,,HIDDEN BROOK AGENT FOR FLYING ZEE STABLE DISPERSAL PHASE I,,
Flying Zee Dispersal Phase I (2011),2011-10-26,1134,CH,,F,GOLDEN MISSILE,BLONDIE LOGIC,THUNDER PUDDLES,HIDDEN BROOK AGENT FOR FLYING ZEE STABLE DISPERSAL PHASE I,EISAMAN EQUINE,20000,,2010-04-20,NEW YORK,D,,HIDDEN BROOK AGENT FOR FLYING ZEE STABLE DISPERSAL PHASE I,,
Flying Zee Dispersal Phase I (2011),2011-10-26,1135,CH,,C,STONESIDER,CLASSIC EXPRESSION,WESTERN EXPRESSION,HIDDEN BROOK AGENT FOR FLYING ZEE STABLE DISPERSAL PHASE I,R TOWNSEND SPARKS,1000,,2010-02-20,NEW YORK,D,,HIDDEN BROOK AGENT FOR FLYING ZEE STABLE DISPERSAL PHASE I,,
Flying Zee Dispersal Phase I (2011),2011-10-26,1136,B,,C,WESTERN EXPRESSION,CLASS OF FIFTY SIX,BELONG TO ME,HIDDEN BROOK AGENT FOR FLYING ZEE STABLE DISPERSAL PHASE I,VICTOR JIMENEZ SAINZ,1500,,2010-02-11,NEW YORK,D,,HIDDEN BROOK AGENT FOR FLYING ZEE STABLE DISPERSAL PHASE I,,
Flying Zee Dispersal Phase I (2011),2011-10-26,1137,GRR,,F,TAPIT,COMACINA,DIXIE UNION,HIDDEN BROOK AGENT FOR FLYING ZEE STABLE DISPERSAL PHASE I,MARK CASSE AGENT,170000,,2010-02-22,NEW YORK,D,,HIDDEN BROOK AGENT FOR FLYING ZEE STABLE DISPERSAL PHASE I,,
Flying Zee Dispersal Phase I (2011),2011-10-26,1138,DKB,,F,WESTERN EXPRESSION,CRUISEWEAR,HOLD THAT TIGER,HIDDEN BROOK AGENT FOR FLYING ZEE STABLE DISPERSAL PHASE I,HIDDEN BROOK FARM AGENT,1000,,2010-05-02,NEW YORK,D,,HIDDEN BROOK AGENT FOR FLYING ZEE STABLE DISPERSAL PHASE I,,
Flying Zee Dispersal Phase I (2011),2011-10-26,1139,B,,C,STONESIDER,MISS WESTERN CHARM,WESTERN EXPRESSION,HIDDEN BROOK AGENT FOR FLYING ZEE STABLE DISPERSAL PHASE I,HIRAM J GONZALEZ,1000,,2010-01-28,NEW YORK,D,,HIDDEN BROOK AGENT FOR FLYING ZEE STABLE DISPERSAL PHASE I,,
