SALE TITLE,SESSION,HIP,COLOR,NAME,SEX,SIRE,DAM,SIRE OF DAM,PROPERTY LINE,PURCHASER,PRICE,PRIVATE SALE,YEAR OF BIRTH,FOALED,BARN,COVER DATE,CONSIGNOR NAME,SOLD AS CODE,SOLD AS DESCRIPTION,VIRTUAL INSPECTION
July Selected Horses of Racing Age (2026),2026-07-14,301,DK B/,R BEE GEE,F,CONSTITUTION,DEVINE AIDA,UNBRIDLED'S SONG,WARRENDALE SALES AGENT I,TW BACHMAN,120000,,04/27/2023,KY,11,,WARRENDALE SALES,RA,,https://vimeo.com/share/f55ae7d2-d19c-4af5-bdea-2e1460a558f6?share=copy&fl=ip&fe=ec,[object Object]
July Selected Horses of Racing Age (2026),2026-07-14,302,DK B/,RODRIGUEZ,C,AUTHENTIC,CAYALA,CHEROKEE RUN,ELITE AGENT,GLEN ROBERTSON,80000,,05/20/2022,KY,9,,ELITE RACE SALES LLC,RA,,https://vimeo.com/1207567800?share=copy&fl=sv&fe=ci,[object Object]
July Selected Horses of Racing Age (2026),2026-07-14,303,DK B/,ROSE RULER,G,AMERICAN PHAROAH,MEADOW ROSE,GHOSTZAPPER,JOHN ENNIS TRAINING AGENT,SEAN S PERL BLOODSTOCK LLC,200000,,05/15/2022,KY,11,,JOHN ENNIS,RA,,https://vimeo.com/share/96e1e554-80b1-48c1-a648-5cdbcbab4c1d?share=copy&fl=ip&fe=ec,[object Object]
July Selected Horses of Racing Age (2026),2026-07-14,304,GR/RO,SERENITY SONG,F,VEKOMA,LUNAR LULLABY,MALIBU MOON,ELITE AGENT,JAKE RADOSEVICH,15000,,04/09/2023,KY,9,,ELITE RACE SALES LLC,RA,,https://youtu.be/5PyQSgfwOQA,[object Object]
July Selected Horses of Racing Age (2026),2026-07-14,305,B,SIR DAVIS,C,JUSTIFY,LOVELY SYN,FREUD,ELITE AGENT,OUT,0,,05/23/2023,PA,9,,ELITE RACE SALES LLC,RA,,,[object Object]
July Selected Horses of Racing Age (2026),2026-07-14,306,B,SPARTACUS,C,CURLIN,MARION RAVENWOOD,A.P. INDY,ELITE AGENT,PEWTER STABLE,25000,,04/18/2023,KY,9,,ELITE RACE SALES LLC,RA,,https://vimeo.com/share/7a8e47e0-24dc-492c-9a9b-6cabe7bbafe9?share=copy,[object Object]
July Selected Horses of Racing Age (2026),2026-07-14,307,B,STARK,C,NOT THIS TIME,LA FEE VERTE,TIZNOW,ELITE AGENT,OUT,0,,04/20/2023,KY,9,,ELITE RACE SALES LLC,RA,,,[object Object]
July Selected Horses of Racing Age (2026),2026-07-14,308,DK B/,STELLA DANIELLA,F,BOLT D'ORO,BAMA BELLE,GIANT'S CAUSEWAY,ELITE AGENT FOR RESOLUTE RACING,OUT,0,,03/30/2023,KY,9,,ELITE RACE SALES LLC,RA,,,[object Object]
July Selected Horses of Racing Age (2026),2026-07-14,309,CH,STREET VIEW,M,STREET BOSS,VIEW,BIRDSTONE,GAINESWAY AGENT I,OUT,0,,04/22/2021,KY,10,,GAINESWAY,RA,,,[object Object]
July Selected Horses of Racing Age (2026),2026-07-14,310,B,SUDEIKIS,C,MCKINZIE,THAT'S A LADY,CITY ZIP,ELITE AGENT,DON HEIM,90000,,03/06/2023,KY,9,,ELITE RACE SALES LLC,RA,,https://vimeo.com/1208393698?share=copy&fl=sv&fe=ci,[object Object]
July Selected Horses of Racing Age (2026),2026-07-14,311,B,T V CHANNEL,G,ENGLISH CHANNEL,HALF IRISH,LONHRO (AUS),GROVENDALE SALES AGENT,DAVID JACOBSON,22000,,06/12/2022,KY,11,,GROVENDALE SALES,RA,,https://vimeo.com/1209340758,[object Object]
July Selected Horses of Racing Age (2026),2026-07-14,312,B,TALIESIN,F,VEKOMA,HERE'S TO LIFE,INTO MISCHIEF,GAINESWAY AGENT I,TEC RACING INC,75000,,04/14/2022,KY,10,,GAINESWAY,RA,,https://vimeo.com/1208956966?share=copy&fl=sv&fe=ci,[object Object]
July Selected Horses of Racing Age (2026),2026-07-14,313,B,TIMEOUT,H,CURLIN,LULL,WAR FRONT,CLAIBORNE FARM AGENT,GLOBAL RACING STABLES LLC,140000,,02/26/2021,KY,10,,CLAIBORNE FARM,RA,,https://vimeo.com/1209610974,[object Object]
July Selected Horses of Racing Age (2026),2026-07-14,314,B,VENENCIA (FR),M,RECOLETOS (FR),SIGN OF LIFE,LEMON DROP KID,GAINESWAY AGENT I,OUT,0,,03/12/2020,FR,10,,GAINESWAY,RA,,,[object Object]
July Selected Horses of Racing Age (2026),2026-07-14,315,B,VOLDEMORT,G,GOOD MAGIC,BEAUTY BUZZ,BERNARDINI,ELITE AGENT,NAUKABENA FARMS,32000,,05/04/2022,KY,9,,ELITE RACE SALES LLC,RA,,https://youtu.be/2Qz4EH7IePk,[object Object]
July Selected Horses of Racing Age (2026),2026-07-14,316,DK B/,WEST HOLLYWOOD,H,UNCLE MO,WHITE HOT (IRE),GALILEO (IRE),HUNTER VALLEY FARM AGENT,AMANDA GILLMAN AGENT FOR EGL-ONE,200000,,02/04/2021,KY,11,,HUNTER VALLEY FARM,RA,,https://vimeo.com/1209332344,[object Object]
July Selected Horses of Racing Age (2026),2026-07-14,317,DK B/,WHITE PALOMINO,H,KITTEN'S JOY,WOLF GOURMET,FLATTER,ELITE AGENT,NOT SOLD,12000,,02/26/2021,KY,9,,ELITE RACE SALES LLC,RA,,https://vimeo.com/share/14f0da35-eb31-4e44-92c1-536a4cbdaa04?share=copy,[object Object]
July Selected Horses of Racing Age (2026),2026-07-14,318,CH,WITHOUT (IRE),G,LOPE DE VEGA (IRE),YOU ALONE (IRE),FRANKEL (GB),ELITE AGENT,OUT,0,,02/22/2022,IRE,9,,ELITE RACE SALES LLC,RA,,,[object Object]
July Selected Horses of Racing Age (2026),2026-07-14,319,CH,ACADEMY,G,OSCAR PERFORMANCE,SACRED LUNA,MALIBU MOON,ELITE AGENT,OUT,0,,03/30/2022,KY,9,,ELITE RACE SALES LLC,RA,,,[object Object]
July Selected Horses of Racing Age (2026),2026-07-14,320,GR/RO,MADAKET ROAD,C,QUALITY ROAD,FROLIC'S DREAM,SMOKE GLACKEN,ELITE AGENT,CLAY SCHERER AGENT,300000,Y,03/13/2022,KY,9,,ELITE RACE SALES LLC,RA,,https://vimeo.com/1208393553?share=copy&fl=sv&fe=ci,[object Object]
July Selected Horses of Racing Age (2026),2026-07-14,321,GR/RO,ARCTIC WOLF,C,FROSTED,FIREWOLVES,PRACTICAL JOKE,PARAMOUNT SALES AGENT I,OUT,0,,03/19/2024,KY,10,,PARAMOUNT SALES LLC,RA,,,[object Object]
July Selected Horses of Racing Age (2026),2026-07-14,322,CH,ATLAST (FR),G,FARHH (GB),PITAMORE,MORE THAN READY,ELITE AGENT,BOLT UP STABLES,50000,,05/31/2021,FR,9,,ELITE RACE SALES LLC,RA,,https://vimeo.com/share/b5189728-0314-4836-b759-a581c43e32e1?share=copy,[object Object]
July Selected Horses of Racing Age (2026),2026-07-14,323,CH,AUTOMATIC PRESS,C,VEKOMA,GO GO DANA,MALIBU MOON,PARAMOUNT SALES AGENT I,NICK J HINES AGT FOR BRENT MALMSTROM,125000,,03/29/2024,KY,10,,PARAMOUNT SALES LLC,RA,,https://vimeo.com/1209168401,[object Object]
July Selected Horses of Racing Age (2026),2026-07-14,324,GR/RO,AVIATOR GUI,C,UNCLE MO,PAULISTINHA,TAPIT,TAYLOR MADE SALES AGENCY AGENT II,NOT SOLD,285000,,04/29/2022,KY,9,,TAYLOR MADE SALES AGENCY,RA,,https://youtu.be/bKP4jp1klAk,[object Object]
July Selected Horses of Racing Age (2026),2026-07-14,325,DK B/,CAMPOBASSO,C,STREET SENSE,ITALIA,MEDAGLIA D'ORO,ELITE AGENT,OUT,0,,03/16/2023,KY,9,,ELITE RACE SALES LLC,RA,,,[object Object]
July Selected Horses of Racing Age (2026),2026-07-14,326,B,CELTIC DISPUTE,F,LEINSTER,BERT'S ALTARCATION,BERTRANDO,PARAMOUNT SALES AGENT I,LEGION BLOODSTOCK AGENT FOR B & E RACING,200000,,02/08/2024,FL,10,,PARAMOUNT SALES LLC,RA,,https://vimeo.com/1209284315,[object Object]
July Selected Horses of Racing Age (2026),2026-07-14,327,B,CHIANTI TOWN,C,SPEIGHTSTOWN,READY FOR CHIANTI,MORE THAN READY,HUNTER VALLEY FARM AGENT,OUT,0,,05/13/2023,KY,11,,HUNTER VALLEY FARM,RA,,,[object Object]
July Selected Horses of Racing Age (2026),2026-07-14,328,DK B/,COMPETITIVE MARKET,F,AUTHENTIC,CAJUN DELTA DAWN,KANTHAROS,ELITE AGENT,JOSE D'ANGELO,180000,,03/03/2022,KY,9,,ELITE RACE SALES LLC,RA,,https://vimeo.com/share/6edd6215-06ca-4969-9c57-f500a1343972?share=copy,[object Object]
July Selected Horses of Racing Age (2026),2026-07-14,329,CH,COWBOY SKINS,C,MUNNINGS,PARADE,TAPIT,PARAMOUNT SALES AGENT I,CLARK   BREWSTER,35000,,02/09/2024,KY,10,,PARAMOUNT SALES LLC,RA,,https://vimeo.com/1209170773,[object Object]
July Selected Horses of Racing Age (2026),2026-07-14,330,B,DIRECT STRIKE,C,INTO MISCHIEF,DAY OF VICTORY,VICTORY GALLOP,HUNTER VALLEY FARM AGENT,OUT,0,,03/08/2023,KY,11,,HUNTER VALLEY FARM,RA,,,[object Object]
July Selected Horses of Racing Age (2026),2026-07-14,331,B,ECOSYSTEM,G,PRACTICAL JOKE,LIL MISS MOPPET,UNCLE MO,BUCKLAND SALES (ZACH MADDEN) AGENT X,SEAN ROMERO,80000,,04/01/2023,KY,11,,BUCKLAND SALES,RA,,https://vimeo.com/1206750247?share=copy&fl=sv&fe=ci,[object Object]
July Selected Horses of Racing Age (2026),2026-07-14,332,B,ELECTA,F,CONSTITUTION,WAIT FOR NAIROBI,CARPE DIEM,TAYLOR MADE SALES AGENCY AGENT IV,ROYER FAMILY STABLES & PETER SHEPPELL,50000,,04/21/2023,KY,9,,TAYLOR MADE SALES AGENCY,RA,,https://youtu.be/0U6dMpMxwRQ,[object Object]
July Selected Horses of Racing Age (2026),2026-07-14,333,DK B/,FALCON JET,C,JUSTIFY,STARSHIP BONITA,GONE ASTRAY,ELITE AGENT,CLARITY THOROUGHBREDS AGENT,42000,,03/19/2023,KY,9,,ELITE RACE SALES LLC,RA,,https://youtu.be/RNr-eaaBo70,[object Object]
July Selected Horses of Racing Age (2026),2026-07-14,334,B,GAELIC LEGACY,C,LEINSTER,STIFLED HEIRESS,MUNNINGS,PARAMOUNT SALES AGENT I,NOT SOLD,220000,,02/03/2024,FL,10,,PARAMOUNT SALES LLC,RA,,https://vimeo.com/1209168402,[object Object]
July Selected Horses of Racing Age (2026),2026-07-14,335,B,GETAWAY CAR,C,CURLIN,SURRENDER NOW,MORNING LINE,ELITE AGENT,PARADISE EQUINE FARM JUSTIN EVANS AGENT,210000,,01/26/2022,KY,9,,ELITE RACE SALES LLC,RA,,https://vimeo.com/1208393554?share=copy&fl=sv&fe=ci,[object Object]
July Selected Horses of Racing Age (2026),2026-07-14,336,CH,ISLAND FLOWER,F,GUN RUNNER,SHE'S MY GEM,INTO MISCHIEF,LANE'S END AGENT,OUT,0,,03/14/2023,KY,10,,LANE'S END FARM,RA,,,[object Object]
July Selected Horses of Racing Age (2026),2026-07-14,337,DK B/,MAKE THE BOYS WINK,M,MORE THAN READY,PACIFIC PINK,PRIVATE VOW,BROOKDALE AGENT,PERRY HARRISON,175000,,02/23/2020,KY,10,,BROOKDALE SALES,RA,,https://youtu.be/u-95bibPgEU,[object Object]
July Selected Horses of Racing Age (2026),2026-07-14,338,CH,GUNMETAL,C,GUN RUNNER,CLASSY DANCER,SPEIGHTSTOWN,ELITE AGENT,AMANDA GILLMAN AGENT FOR LUCKY HAT & EGL,250000,,05/29/2022,KY,9,,ELITE RACE SALES LLC,RA,,https://vimeo.com/1209251267,[object Object]
July Selected Horses of Racing Age (2026),2026-07-14,339,CH,JOHN HANCOCK,C,CONSTITUTION,SCRIBBLING SARAH,FREUD,ELITE AGENT,GOLDEN KERNEL JOHN FAHEY AGT,75000,,02/25/2022,KY,9,,ELITE RACE SALES LLC,RA,,https://vimeo.com/share/e168185a-40a5-4972-bfc2-62024aa859af?share=copy,[object Object]
July Selected Horses of Racing Age (2026),2026-07-14,340,B,KELCE,G,QUALITY ROAD,VERTICAL OAK,GIANT OAK,ELITE AGENT,JUSTIN EVANS & JOHN HAAS,55000,,04/19/2023,KY,9,,ELITE RACE SALES LLC,RA,,https://youtu.be/brR8XAj3Ldk,[object Object]
July Selected Horses of Racing Age (2026),2026-07-14,341,B,LIFE'S DYNAMIC,F,PRACTICAL JOKE,AMBER ISLE,FIRST DEFENCE,ELITE AGENT,OUT,0,,02/17/2023,KY,9,,ELITE RACE SALES LLC,RA,,,[object Object]
July Selected Horses of Racing Age (2026),2026-07-14,343,CH,HEDGE RATIO,C,SPEIGHTSTOWN,ZYDECO MAMA,HARD SPUN,ELITE AGENT,MY RACEHORSE WESLEY WARD,500000,,04/21/2023,KY,9,,ELITE RACE SALES LLC,RA,,https://vimeo.com/share/de1bcdfb-1c2b-4a7b-b231-6c67120e61ad?share=copy,[object Object]
July Selected Horses of Racing Age (2026),2026-07-14,344,DK B/,MEMORY,C,UNCLE MO,SUNDAYSATTHEBEACH,MEDAGLIA D'ORO,ELITE AGENT,FERGUS GALVIN AGT.,90000,,04/30/2023,KY,9,,ELITE RACE SALES LLC,RA,,https://vimeo.com/1208393707?share=copy&fl=sv&fe=ci,[object Object]
July Selected Horses of Racing Age (2026),2026-07-14,345,CH,MY SHERRONA,F,NOT THIS TIME,CLASS INCLUDED,INCLUDE,BUCK POND FARM (DOUGLAS S. ARNOLD) AGENT,REVERIE FARM,180000,,03/20/2022,KY,10,,BUCK POND FARM INC,RA,,,[object Object]
July Selected Horses of Racing Age (2026),2026-07-14,346,B,NEWTON,C,MUNNINGS,SECRET JEWEL,BERNARDINI,ELITE AGENT,OUT,0,,02/16/2023,KY,9,,ELITE RACE SALES LLC,RA,,,[object Object]
July Selected Horses of Racing Age (2026),2026-07-14,347,DK B/,NOLITA,M,LAOBAN,NICOLE'S MISS EL,ELTISH,VINERY SALES AGENT FOR THE DISSOLUTION OF A PARTNERSHIP,AMY BAYLE,17000,,04/20/2020,NY,11,,VINERY SALES,RA,,https://vimeo.com/1209103648?share=copy&fl=sv&fe=ci,[object Object]
July Selected Horses of Racing Age (2026),2026-07-14,348,GR/RO,OUTRO,F,CANDY RIDE (ARG),CHASE MOTTO,UNBRIDLED'S SONG,ELITE AGENT,OUT,0,,02/10/2023,KY,9,,ELITE RACE SALES LLC,RA,,,[object Object]
July Selected Horses of Racing Age (2026),2026-07-14,349,CH,PAGODE,G,CONSTITUTION,PRETTY GIRL (ARG),HARLAN'S HOLIDAY,ELITE AGENT,CARL R MOORE MGMT LLC,255000,,04/21/2022,KY,9,,ELITE RACE SALES LLC,RA,,https://vimeo.com/share/f63df9bd-804d-4cde-b49b-69d0eb035238?share=copy,[object Object]
July Selected Horses of Racing Age (2026),2026-07-14,350,B,POT'S RIGHT,F,BOLT D'ORO,BUNSKIE,SPEIGHTSTOWN,PARAMOUNT SALES AGENT I,LEGION BLOOSTOCK AGENT FOR KAMP RACING,250000,,01/19/2024,KY,10,,PARAMOUNT SALES LLC,RA,,https://vimeo.com/1208946649?share=copy&fl=sv&fe=ci,[object Object]
July Selected Horses of Racing Age (2026),2026-07-14,351,B,SPIRIT OF NEW YORK,G,HONEST MISCHIEF,UNBROKEN SPIRIT,CANDY RIDE (ARG),ELITE AGENT,OUT,0,,03/23/2023,NY,9,,ELITE RACE SALES LLC,RA,,,[object Object]
July Selected Horses of Racing Age (2026),2026-07-14,352,B,BOARD OF DIRECTORS,G,STREET BOSS,SWEET DELIGHT,CANDY RIDE (ARG),ELITE AGENT,OUT,0,,02/23/2021,KY,9,,ELITE RACE SALES LLC,RA,,,[object Object]
July Selected Horses of Racing Age (2026),2026-07-14,353,GR/RO,MOONLIGHT,H,AUDIBLE,SUNDOWN,TAPIT,TAYLOR MADE SALES AGENCY AGENT V,KAGELE BROS,250000,,03/12/2021,KY,9,,TAYLOR MADE SALES AGENCY,RA,,https://youtu.be/l_9xdw5khuY,[object Object]
July Selected Horses of Racing Age (2026),2026-07-14,354,DK B/,VICTORY MUSIC,F,MACLEAN'S MUSIC,VICTORY SQUARE,TIZNOW,PARAMOUNT SALES AGENT II,NOT SOLD,107000,,03/28/2023,KY,10,,PARAMOUNT SALES LLC,RA,,https://vimeo.com/1209271328,[object Object]
July Selected Horses of Racing Age (2026),2026-07-14,355,B,RAPID ASCENT,G,QUALITY ROAD,THISSMYTIME,CARPE DIEM,TAYLOR MADE SALES AGENCY AGENT VII,NICK J HINES AGT FOR BRENT MALMSTROM,40000,,02/21/2023,KY,9,,TAYLOR MADE SALES AGENCY,RA,,https://youtu.be/wcx36FNIJ0k,[object Object]
July Selected Horses of Racing Age (2026),2026-07-14,356,B,BRILLANTE (FR),F,PERSIAN KING (IRE),BAGA (FR),NO NAY NEVER,ELITE AGENT,OUT,0,,02/28/2022,FR,9,,ELITE RACE SALES LLC,RA,,,[object Object]
July Selected Horses of Racing Age (2026),2026-07-14,357,DK B/,BON VOYAGE,C,OLYMPIAD,SIMPLIFY,PULPIT,PARAMOUNT SALES AGENT II,PARADISE EQUINE FARM LLC,110000,,02/28/2024,KY,10,,PARAMOUNT SALES LLC,RA,,https://vimeo.com/1209280778,[object Object]
July Selected Horses of Racing Age (2026),2026-07-14,358,B,HALO HOTTIE,F,MENDELSSOHN,HALO HOLLIE,HALO'S IMAGE,TAYLOR MADE SALES AGENCY AGENT IX,JEREMY RAMSLAND,45000,,02/01/2023,KY,9,,TAYLOR MADE SALES AGENCY,RA,,https://youtu.be/X-GpK3puY7Q,[object Object]
July Selected Horses of Racing Age (2026),2026-07-14,359,B,SECOND CITY SAINT,F,RAGING BULL (FR),MORE THAN GRACIOUS,MORE THAN READY,GROVENDALE SALES AGENT I,CLARITY THOROUGHBREDS AGENT,20000,,03/11/2023,KY,11,,GROVENDALE SALES,RA,,https://vimeo.com/1209340757,[object Object]
July Selected Horses of Racing Age (2026),2026-07-14,360,B,HIGGINS BOAT,G,OMAHA BEACH,BETTY DRAPER,STREET CRY (IRE),PARAMOUNT SALES AGENT III,OUT,0,,05/05/2021,KY,10,,PARAMOUNT SALES LLC,RA,,,[object Object]
July Selected Horses of Racing Age (2026),2026-07-14,361,DK B/,EFF THIRTY FIVE,G,YOSHIDA (JPN),NEWSTOUSE,UNBRIDLED'S SONG,ELITE AGENT,SEAN S PERL BLOODSTOCK LLC,160000,,03/18/2021,PA,9,,ELITE RACE SALES LLC,RA,,https://vimeo.com/share/770fe9fe-f9de-4869-86ee-b11f8ece1881?share=copy,[object Object]
July Selected Horses of Racing Age (2026),2026-07-14,362,GR/RO,FIRE PIT,C,CAIRO PRINCE,TRUE MARTHA,CREATIVE CAUSE,TAYLOR MADE SALES AGENCY AGENT X,NOT SOLD,275000,,04/09/2022,KY,9,,TAYLOR MADE SALES AGENCY,RA,,https://youtu.be/60tF2pYecCE,[object Object]
July Selected Horses of Racing Age (2026),2026-07-14,363,B,MR GERSON,C,GOLDEN PAL,PERU (GB),MOTIVATOR (GB),TWIN OAKS AGENCY & SALES AGENT,DAVID JACOBSON,70000,,03/23/2024,KY,10,,TWIN OAKS LLC,RA,,https://vimeo.com/1209132587?share=copy&fl=sv&fe=ci,[object Object]
July Selected Horses of Racing Age (2026),2026-07-14,364,CH,HEART BEATS TRUE (IRE),F,ST MARK'S BASILICA (FR),QATAR PRINCESS (IRE),MARJU (IRE),HUNTER VALLEY FARM AGENT,TWO AMIGAS,25000,,03/18/2023,IRE,11,,HUNTER VALLEY FARM,RA,,https://youtu.be/am7hgJVHjj0,[object Object]
July Selected Horses of Racing Age (2026),2026-07-14,365,B,OUR MONEYMAN,C,MR. MONEY,LIPSTICK JUNKY,FLATTER,HUNTER VALLEY FARM AGENT FOR ALLIED RACING LLC,PEDRO LANZ AGENT FOR KAS STABLES,2000000,,04/17/2023,LA,11,,HUNTER VALLEY FARM,RA,,https://vimeo.com/1209573982,[object Object]
