SALE TITLE,SESSION,HIP,COLOR,NAME,SEX,SIRE,DAM,SIRE OF DAM,PROPERTY LINE,PURCHASER,PRICE,PRIVATE SALE,YEAR OF BIRTH,BARN,COVERING SIRE,COVER DATE,SOLD AS CODE,SOLD AS DESCRIPTION,VIRTUAL INSPECTION
July Breeding Stock (2021),2021-07-12,401,B,MALIBU BLISS,M,MALIBU MOON,SWISS VALLEY,LOUIS QUATORZE,STUART MORRIS AGENT FOR FAR FROM OVER/FOUNTAIN OF YOUTH DISPERSAL,JUSTIN FERRERO,85000,,04/10/2014,11,VIOLENCE,2021-04-29,B,,https://vimeo.com/571905876
July Breeding Stock (2021),2021-07-12,402,CH,MEDEA (IRE),M,DANEHILL DANCER (IRE),SCOOP OF GOLD,GIANT'S CAUSEWAY,INDIAN CREEK AGENT,THE ELKSTONE GROUP LLC,40000,Y,02/07/2009,11,VIOLENCE,2021-02-19,B,,https://vimeo.com/573518148
July Breeding Stock (2021),2021-07-12,403,CH,MEDICINE BUTTE,M,OLD FASHIONED,FLAT SCREEN,PULPIT,BURLESON FARMS AGENT,TOM MCCROCKLIN,8000,,03/11/2012,11,MIDNIGHT STORM,2021-05-08,B,,
July Breeding Stock (2021),2021-07-12,404,DKB,MONOPOLE,M,MALIBU MOON,LADY TAK,MUTAKDDIM,STUART MORRIS AGENT I,NOT SOLD,77000,,03/10/2015,11,VIOLENCE,2021-03-15,B,,https://vimeo.com/573558273
July Breeding Stock (2021),2021-07-12,405,GRR,MO SEE CAL,M,UNCLE MO,DO DAT BLUES,LYDGATE,PARAMOUNT SALES AGENT I,ROSEMONT STUD,110000,,02/14/2015,12,,,B,,https://vimeo.com/573265456/f66f154841
July Breeding Stock (2021),2021-07-12,406,CH,MS MESHAK,M,SHACKLEFORD,MINDY QUEEN,INDY KING,SOUTH POINT SALES AGENCY AGENT XI,NOT SOLD,49000,,02/27/2015,9,,,BP,,https://vimeo.com/573532144
July Breeding Stock (2021),2021-07-12,407,B,NAMASTE'S WISH,M,PULPIT,COPELAN'S BID GAL,COPELAN,BURLESON FARMS AGENT,OUT,0,,02/08/2005,11,VINO ROSSO,2021-06-05,B,,
July Breeding Stock (2021),2021-07-12,408,B,NO PEEPING,M,MORNING LINE,OBREGON,FOREST WILDCAT,STUART MORRIS AGENT FOR FAR FROM OVER/FOUNTAIN OF YOUTH DISPERSAL,JUSTIN FERRERO,50000,,03/15/2015,11,CONNECT,2021-05-25,B,,https://vimeo.com/571905818
July Breeding Stock (2021),2021-07-12,409,B,NOTORIOUS NICOLE,M,CANDY RIDE (ARG),PEOPLE'S PRINCESS,MEADOWLAKE,PARAMOUNT SALES AGENT I,NOT SOLD,19000,,04/19/2013,12,DIALED IN,2021-04-15,B,,https://vimeo.com/573266270/b59f7383ba
July Breeding Stock (2021),2021-07-12,410,B,OUR LESMIS,M,YES IT'S TRUE,OUR COZZETTE,COZZENE,CANDY MEADOWS SALES AGENT V,MICHELLE ST GEORGE,67000,,02/07/2011,11,LORD NELSON,2021-05-04,B,,
July Breeding Stock (2021),2021-07-12,411,B,PARISIENNE (BRZ),M,FIRST AMERICAN,ETOILE BLANC (BRZ),NEDAWI (GB),STUART MORRIS AGENT FOR FAR FROM OVER/FOUNTAIN OF YOUTH DISPERSAL,BLUEBIRD BLOODSTOCK,42000,,08/02/2012,11,FAR FROM OVER,2021-03-04,B,,https://vimeo.com/571905753
July Breeding Stock (2021),2021-07-12,412,B,PRIZE PORTRAIT,F,MUNNINGS,WINNING BET,DIXIE UNION,EATON SALES AGENT,MJ WOOD LLC,3000,,05/10/2018,9,SKY MESA,2021-05-07,B,,
July Breeding Stock (2021),2021-07-12,413,B,REGAL SERENADE,M,BROKEN VOW,MILLENNIA,MILWAUKEE BREW,VINERY SALES AGENT XVIII,TROPICAL RACING,57000,,05/05/2015,14,OMAHA BEACH,2021-03-07,B,,
July Breeding Stock (2021),2021-07-12,414,B,ROUGH STUFF,F,JIMMY CREED,SHE'S ROUGHIN IT,FOREST CAMP,STUART MORRIS AGENT FOR FAR FROM OVER/FOUNTAIN OF YOUTH DISPERSAL,DREAMFIELDS INC.,42000,,05/13/2017,11,VIOLENCE,2021-05-06,B,,https://vimeo.com/573558302
July Breeding Stock (2021),2021-07-12,415,GRR,SCORECARD,M,TALE OF THE CAT,SANIBEL STAR,UNBRIDLED'S SONG,EATON SALES AGENT,THREE TIMES A CHARM,8000,,03/18/2009,9,VEKOMA,2021-04-11,B,,
July Breeding Stock (2021),2021-07-12,416,DKB,SENORA QUATORZE,M,LOUIS QUATORZE,SENORA TIARA,CHIEF'S CROWN,VINERY SALES AGENT TO DISSOLVE A PARTNERSHIP,NOT SOLD,9000,,04/25/2011,14,COUNTRY HOUSE,2021-05-08,B,,
July Breeding Stock (2021),2021-07-12,417,CH,SOUTHERN CLASSIC,M,SOUTHERN IMAGE,STUTZ CLASSIC,REGAL CLASSIC,STUART MORRIS AGENT FOR FAR FROM OVER/FOUNTAIN OF YOUTH DISPERSAL,MCMAHON & HILL BLOODSTOCK LLC,83000,,04/26/2007,11,VIOLENCE,2021-05-18,B,,https://vimeo.com/571905707
July Breeding Stock (2021),2021-07-12,418,CH,STREET CREW,M,STREET CRY (IRE),CRITICAL CREW,DR. BLUM,STUART MORRIS AGENT FOR FAR FROM OVER/FOUNTAIN OF YOUTH DISPERSAL,CHAD SCHUMER AGENT,32000,,04/24/2009,11,CONNECT,2021-05-04,B,,https://vimeo.com/573558256
July Breeding Stock (2021),2021-07-12,419,B,STREET CRUIZER,M,QUALITY ROAD,RIVER CRUISE,NOT FOR LOVE,STUART MORRIS AGENT FOR FAR FROM OVER/FOUNTAIN OF YOUTH DISPERSAL,BLACK ROCK THOROUGHBREDS LLLP,55000,,02/13/2013,11,VIOLENCE,2021-06-05,B,,https://vimeo.com/571905648
July Breeding Stock (2021),2021-07-12,420,B,SUYAPA,M,ASTROLOGY,HOLY FASHION,HOLY BULL,VINERY SALES AGENT XXI,OUT,0,,03/17/2016,14,TOM'S D'ETAT,2021-03-02,B,,
July Breeding Stock (2021),2021-07-12,421,GRR,TOO MUCH PRADA,M,TOO MUCH BLING,KIMBELL'S PRADA,AUTHENTICATE,STUART MORRIS AGENT FOR FAR FROM OVER/FOUNTAIN OF YOUTH DISPERSAL,THE ELKSTONE GROUP LLC,150000,,02/20/2013,11,VIOLENCE,2021-04-08,B,,https://vimeo.com/571905588
July Breeding Stock (2021),2021-07-12,422,B,TOWER SMASH,F,CANDY RIDE (ARG),WAVE THE FLAG,EMPIRE MAKER,STUART MORRIS AGENT FOR FAR FROM OVER/FOUNTAIN OF YOUTH DISPERSAL,SHAFER INVESTMENTS,6000,,01/28/2017,11,CONNECT,2021-05-31,B,,https://vimeo.com/573558287
July Breeding Stock (2021),2021-07-12,423,DKB,TRASHI DIVA,M,MORE THAN READY,SLEW PEG,FUSAICHI PEGASUS,BURLESON FARMS AGENT,JODIE POINTER,3000,,02/26/2009,11,MIDNIGHT STORM,2021-04-16,B,,
July Breeding Stock (2021),2021-07-12,424,B,TSCHUDI'S GIRL,M,KANTHAROS,DEHEREWEGO,DEHERE,STUART MORRIS AGENT FOR FAR FROM OVER/FOUNTAIN OF YOUTH DISPERSAL,SHAFER INVESTMENTS,37000,,01/25/2016,11,CONNECT,2021-05-02,B,,https://vimeo.com/571905537
July Breeding Stock (2021),2021-07-12,425,B,U. S. S. O'BRIEN,M,EMPIRE MAKER,GARDEN CITY,CARSON CITY,TAYLOR MADE SALES AGENCY AGENT III,ORACLE BLOODSTOCK AGENT,40000,,03/06/2011,12,MACLEAN'S MUSIC,2021-04-29,B,,https://youtu.be/FFCmXr5_7tc
July Breeding Stock (2021),2021-07-12,426,GRR,WAR FOR PEACE,F,LIAM'S MAP,THAT VOODOO YOUDO,SPEIGHTSTOWN,CANDY MEADOWS SALES AGENT V,STONERIGGS FARM,45000,,03/31/2017,11,LORD NELSON,2021-04-21,B,,
July Breeding Stock (2021),2021-07-12,427,B,WORD ASSOCIATION,M,BENCHMARK,SOCIAL SAVVY,DEPUTY MINISTER,BURLESON FARMS AGENT,THREE TIMES A CHARM,11000,,03/07/2007,11,ENTICED,2021-04-17,B,,
July Breeding Stock (2021),2021-07-12,428,DKB,YULE PARTY,M,HARLAN'S HOLIDAY,BEAUTIFUL EAST,WOLF POWER (SAF),STUART MORRIS AGENT FOR FAR FROM OVER/FOUNTAIN OF YOUTH DISPERSAL,SHAFER INVESTMENTS,32000,,04/20/2012,11,CONNECT,2021-05-02,B,,https://vimeo.com/571905508
July Breeding Stock (2021),2021-07-12,429,DKB,APPEALING HONOR,M,QUALITY ROAD,QUANAH COUNTY,VALID EXPECTATIONS,BILL REIGHTLER AGENT,MIKE AND PAT FREENY,120000,,02/27/2016,11,CATHOLIC BOY,2021-03-04,B,,https://vimeo.com/572403592
July Breeding Stock (2021),2021-07-12,430,GRR,BEL FIORE,F,EXAGGERATOR,SHOOTING PARTY,SKY CLASSIC,JAMES B. KEOGH (GROVENDALE) AGENT VI,PINCKARD BLOODSTOCK,60000,,03/27/2018,9,,,BP,,
July Breeding Stock (2021),2021-07-12,431,B,CALL ME CANDY,F,CANDY RIDE (ARG),HABIBOO,UNBRIDLED'S SONG,ELITE AGENT,RIVER OAK FARM,32000,,03/21/2018,10,,,BP,,
July Breeding Stock (2021),2021-07-12,432,B,CATHY'S CORNBREAD,M,INDIAN CHARLIE,WEST'S SECRET,WEST BY WEST,STUART MORRIS AGENT FOR FAR FROM OVER/FOUNTAIN OF YOUTH DISPERSAL,OUT,0,,01/21/2009,11,,,B,,
July Breeding Stock (2021),2021-07-12,433,CH,CLASSIC MELODY,F,MACLEAN'S MUSIC,A BIT OF PRESSURE,HIGH YIELD,TAYLOR MADE SALES AGENCY AGENT III,EVERYTHING'S CRICKET RACING SCOTT PIERCE AGENT,15000,,03/29/2017,12,MUCHO MACHO MAN,2021-02-27,B,,https://youtu.be/SYeJr6AH4xg
July Breeding Stock (2021),2021-07-12,434,CH,COLONIAL CREED,M,JIMMY CREED,NEVERTHESAME,SCAT DADDY,SOUTH POINT SALES AGENCY AGENT XII,ANDRE LYNCH AGENT,175000,,03/13/2016,9,,,BP,,https://vimeo.com/573532189
July Breeding Stock (2021),2021-07-12,435,DKB,DESPERATE CHICK,M,TRIBAL RULE,FLAT SCREEN,PULPIT,BURLESON FARMS AGENT,THREE TIMES A CHARM RACING,13000,,02/19/2013,11,ENTICED,2021-05-22,B,,
July Breeding Stock (2021),2021-07-12,436,CH,DIVA'S DREAM,M,MUCHO MACHO MAN,FINAL FLING,BERTRANDO,STUART MORRIS AGENT FOR FAR FROM OVER/FOUNTAIN OF YOUTH DISPERSAL,JEANNE LIDDY MACHMER HALLAGT,20000,,05/03/2016,11,FAR FROM OVER,2021-02-27,B,,https://vimeo.com/571905441
July Breeding Stock (2021),2021-07-12,437,B,ELECTRO PEG,M,FUSAICHI PEGASUS,ELECTROSTAT,DYNAFORMER,STUART MORRIS AGENT FOR FAR FROM OVER/FOUNTAIN OF YOUTH DISPERSAL,ELIAS DEL VAL,5000,,03/09/2010,11,,,B,,https://vimeo.com/571905385
July Breeding Stock (2021),2021-07-12,438,CH,EVE OF WAR,F,DECLARATION OF WAR,SPECIAL THANKS,BROKEN VOW,TAYLOR MADE SALES AGENCY AGENT IV,HIDDEN BROOK FARM AGENT,135000,,01/17/2017,12,,,BP,,https://youtu.be/cbagsbsyDkw
July Breeding Stock (2021),2021-07-12,439,B,FASHIONABLY COOL,M,TIZNOW,KANANI,E DUBAI,CANDY MEADOWS SALES AGENT V,EDWIN GILKISON,22000,,04/12/2012,11,CATALINA CRUISER,2021-04-29,B,,
July Breeding Stock (2021),2021-07-12,440,DKB,FONTEYN,M,PERFECT SOUL (IRE),DANCE LESSONS,FOXHOUND,STUART MORRIS AGENT FOR FAR FROM OVER/FOUNTAIN OF YOUTH DISPERSAL,BLACK ROCK THOROUGHBREDS LLLP,10000,,05/01/2014,11,CONNECT,2021-05-24,B,,https://vimeo.com/571905331
July Breeding Stock (2021),2021-07-12,441,DKB,GIANT SCREEN,M,CANDY RIDE (ARG),SCREEN GIANT,GIANT'S CAUSEWAY,STUART MORRIS AGENT FOR FAR FROM OVER/FOUNTAIN OF YOUTH DISPERSAL,OFF THE HOOK LLC,17000,,04/03/2012,11,CONNECT,2021-05-31,B,,https://vimeo.com/571905276
July Breeding Stock (2021),2021-07-12,442,B,G MIRACLE,M,DROSSELMEYER,S. S. MIRACLE,SEATTLE SLEW,VINERY SALES AGENT XXII,NOT SOLD,9000,,04/08/2013,14,HIGHER POWER,2021-04-08,B,,
July Breeding Stock (2021),2021-07-12,443,B,GRAND KISSES,M,GRAND REWARD,TWO KISSES,KISSIN KRIS,EATON SALES AGENT,GREENWICH BLOODSTOCK,13000,,03/01/2008,9,HONOR CODE,2021-05-27,B,,
July Breeding Stock (2021),2021-07-12,444,B,HONOR AND JUSTICE,F,LEMON DROP KID,CATHY'S CORNBREAD,INDIAN CHARLIE,JAMES B. KEOGH (GROVENDALE) AGENT VIII,NOT SOLD,19000,,02/27/2018,9,,,BP,,
July Breeding Stock (2021),2021-07-12,445,B,IM CLASSIC QUALITY,M,ELUSIVE QUALITY,SWEARINGEN,DEPOSIT TICKET,TAYLOR MADE SALES AGENCY AGENT II,FLY BY,9000,,02/27/2004,12,MSHAWISH,2021-04-01,B,,https://youtu.be/wY9grBHJJ8A
July Breeding Stock (2021),2021-07-12,446,GRR,INDIGO BLUE,F,LIAM'S MAP,JESSICA IS BACK,PUT IT BACK,CANDY MEADOWS SALES AGENT I,SOUTHERN SPRINGS STABLE,15000,,03/10/2017,11,ECHO TOWN,2021-03-14,B,,
July Breeding Stock (2021),2021-07-12,447,DKB,IT'S MO TIME,M,UNCLE MO,FLASHY FUTURE,BERTRANDO,TAYLOR MADE SALES AGENCY AGENT II,BUGG THOROUGHBRED,22000,,03/12/2016,12,MIDNIGHT STORM,2021-04-06,B,,https://youtu.be/erBpDVZeFDU
July Breeding Stock (2021),2021-07-12,448,GRR,JEWELED PRINCESS,F,CAIRO PRINCE,JERSEY JULES,SCAT DADDY,GAINESWAY AGENT I,STONERIGGS FARM,225000,,03/20/2017,13,GUN RUNNER,2021-04-20,B,,
July Breeding Stock (2021),2021-07-12,449,CH,LEVELER,M,EVEN THE SCORE,GIRL SCOUT,MEADOWLAKE,EATON SALES AGENT,NOT SOLD,14000,,04/01/2013,9,GOLDENCENTS,2021-03-11,B,,
July Breeding Stock (2021),2021-07-12,450,GRR,LOVE'S ILLUSION,M,TAPIT,LOVE MATCH,PARTNER'S HERO,STUART MORRIS AGENT FOR FAR FROM OVER/FOUNTAIN OF YOUTH DISPERSAL,OUT,0,,03/11/2012,11,CONNECT,2021-05-22,B,,https://vimeo.com/571905202
July Breeding Stock (2021),2021-07-12,451,B,BELLA FLOR,M,EUROSILVER,PRIVATE CITIZEN,PROUD CITIZEN,BUCKLAND SALES (ZACH MADDEN) AGENT XXVII,TITLETOWN RACING STABLES,30000,,03/15/2013,13,,,B,,
July Breeding Stock (2021),2021-07-12,452,CH,CATHARSIS,M,KANTHAROS,WICKLOW SUNSHINE,MR. GREELEY,TAYLOR MADE SALES AGENCY AGENT FOR TOWN & COUNTRY HORSE FARMS LLC,RESOLUTE RACING ALLIANCE,27000,,04/30/2015,12,VIOLENCE,2021-03-04,B,,https://youtu.be/ZMb0PoT2eLs
July Breeding Stock (2021),2021-07-12,453,B,SHE TAKES FLIGHT,F,BERNARDINI,SMARTYFLY,SMART STRIKE,PARAMOUNT SALES AGENT III,HAPPY HORSE STABLES,9000,,04/15/2018,12,,,BP,,https://vimeo.com/573267074/890fef7b7a
July Breeding Stock (2021),2021-07-12,454,B,ROYAL RAGS,F,UNION RAGS,MY PRINCESS JESS,STORMY ATLANTIC,DENALI STUD AGENT I,DENLEA PARK LTD,25000,,01/29/2018,13,,,BP,,
July Breeding Stock (2021),2021-07-12,455,DKB,AMANDREA,M,PAYNTER,COURAGEOUS JULIE,PIONEEROF THE NILE,TAYLOR MADE SALES AGENCY AGENT FOR MYRACEHORSE.COM,CDM BLOODSTOCK,7000,,04/13/2016,12,,,BP,,https://youtu.be/BOujvPKPYec
