SALE TITLE,SESSION,HIP,COLOR,NAME,SEX,SIRE,DAM,SIRE OF DAM,PROPERTY LINE,PURCHASER,PRICE,PRIVATE SALE,YEAR OF BIRTH,FOALED,BARN,COVER DATE,SOLD AS CODE,SOLD AS DESCRIPTION,VIRTUAL INSPECTION
July Selected Horses of Racing Age (2025),2025-07-08,301,GR/RO,DATAMAN,G,TAPIT,SOLDATA,MARIA'S MON,ELITE AGENT,CLARITY TB AGENT,160000,,05/01/2020,KY,9,,RA,,https://vimeo.com/1099138862,[object Object]
July Selected Horses of Racing Age (2025),2025-07-08,302,B,DECREE AND DECLARE,F,HONEST MISCHIEF,WINSANITY,TAPIZAR,TAYLOR MADE SALES AGENCY AGENT FOR JUDDMONTE,FRANK CORIGLIANO,70000,,03/01/2022,KY,12,,RA,,https://vimeo.com/1098542926,[object Object]
July Selected Horses of Racing Age (2025),2025-07-08,303,CH,DEFLECTION,F,JUSTIFY,CHAUNCEY,JIMMY CREED,GROVENDALE SALES AGENT IV,OUT,0,,03/17/2021,KY,10,,RA,,,[object Object]
July Selected Horses of Racing Age (2025),2025-07-08,304,B,DIVA CALLING,F,DIALED IN,MY EKATI CAT,TALE OF EKATI,PARAMOUNT SALES AGENT I,TRIPLE V RACING LLC,60000,,03/09/2023,KY,10,,RA,,https://vimeo.com/1099154032,[object Object]
July Selected Horses of Racing Age (2025),2025-07-08,305,B,DON'T FLY STAND BY,G,UPSTART,MISS EMELINA,BIG BROWN,GROVENDALE SALES AGENT TO DISSOLVE A PARTNERSHIP,SWEEZEY AGENT FOR STARRY NIGHT RACING,30000,,04/10/2022,NY,10,,RA,,https://vimeo.com/1099389236,[object Object]
July Selected Horses of Racing Age (2025),2025-07-08,306,B,DOTHRAKI,C,INTO MISCHIEF,VANQUISHED,EMPIRE MAKER,ELITE AGENT,SEAN S PERL BLOODSTOCK LLC,40000,,03/30/2021,KY,9,,RA,,https://vimeo.com/1099138971,[object Object]
July Selected Horses of Racing Age (2025),2025-07-08,307,B,EXACT ESTIMATE,H,INTO MISCHIEF,MAGIC UNION,DIXIE UNION,ELITE AGENT,OUT,0,,04/20/2019,KY,9,,RA,,,[object Object]
July Selected Horses of Racing Age (2025),2025-07-08,308,DKB,FETE,G,VIOLENCE,DUBAI LIFE,DUBAWI (IRE),BROOKDALE AGENT FOR GODOLPHIN,JUDGE LANIER RACING/Z. MADDEN AGENT,22000,,04/11/2022,KY,10,,RA,,https://vimeo.com/1099102085,[object Object]
July Selected Horses of Racing Age (2025),2025-07-08,309,CH,FINSTER,G,SKY MESA,FOLK,QUIET AMERICAN,BROOKDALE AGENT FOR GODOLPHIN,JACOBSON RACING,30000,,04/10/2021,KY,10,,RA,,https://vimeo.com/1099102057,[object Object]
July Selected Horses of Racing Age (2025),2025-07-08,310,DKB,FIRST WORLD WAR,C,WAR FRONT,SUNDAYSATTHEBEACH,MEDAGLIA D'ORO,HUNTER VALLEY FARM AGENT,NOT SOLD,45000,,04/02/2021,KY,10,,RA,,https://vimeo.com/1099142152,[object Object]
July Selected Horses of Racing Age (2025),2025-07-08,311,DKB,FLETCHER BAY,G,SPEIGHTSTOWN,REGIA MARINA,MEDAGLIA D'ORO,BROOKDALE AGENT FOR GODOLPHIN,OUT,0,,04/04/2022,KY,10,,RA,,,[object Object]
July Selected Horses of Racing Age (2025),2025-07-08,312,B,GENUINE GOMO,G,AUTHENTIC,GOMO,UNCLE MO,TAYLOR MADE SALES AGENCY AGENT X,BIG TOE STABLES,20000,,04/02/2022,FL,12,,RA,,https://youtu.be/gVPE25mcpqQ,[object Object]
July Selected Horses of Racing Age (2025),2025-07-08,313,B,GIANT MISCHIEF,H,INTO MISCHIEF,VERTICAL OAK,GIANT OAK,ELITE AGENT,ST. GEORGE STABLES,140000,,03/29/2020,KY,9,,RA,,https://vimeo.com/1099139019,[object Object]
July Selected Horses of Racing Age (2025),2025-07-08,314,DK B/,HOLA GATA,M,KITTEN'S JOY,MORAKAMI,FUSAICHI PEGASUS,HIGHGATE SALES AGENT,GREGORY F. MARTIN AGENT,65000,,05/05/2020,KY,10,,RA,,https://vimeo.com/1098987801,[object Object]
July Selected Horses of Racing Age (2025),2025-07-08,315,B,INSURMOUNTABLE,C,CITY OF LIGHT,SHABBY CHIC,UNION RAGS,GROVENDALE SALES AGENT IV,LEGION BLOODSTOCK AGENT FOR JCE RACING,150000,,04/08/2022,PA,10,,RA,,https://vimeo.com/1099389478,[object Object]
July Selected Horses of Racing Age (2025),2025-07-08,316,DKB,J RIVERS,F,DISTORTED HUMOR,DON'T STOP TO SHOP,UNBRIDLED'S SONG,GAINESWAY AGENT I,D. JACOBSON,45000,,03/16/2021,KY,10,,RA,,https://vimeo.com/1099021787?share=copy,[object Object]
July Selected Horses of Racing Age (2025),2025-07-08,317,CH,KENTUCKY SMOKESHOW,F,VOLATILE,DYING TO DANCE,STREET CRY (IRE),GROVENDALE SALES AGENT II,OUT,0,,02/04/2022,KY,10,,RA,,,[object Object]
July Selected Horses of Racing Age (2025),2025-07-08,318,DK B/,LEADING CONTENDER,G,GUN RUNNER,KENDA,BODEMEISTER,ELITE AGENT,OUT,0,,03/13/2019,KY,9,,RA,,,[object Object]
July Selected Horses of Racing Age (2025),2025-07-08,319,DKB,LIMITED EDITION,G,NOT THIS TIME,NONSENSICAL,STREET SENSE,BROOKDALE AGENT FOR GODOLPHIN,BSW/CROW FOR LINDY FARMS,135000,,02/10/2022,KY,10,,RA,,https://vimeo.com/1099102077,[object Object]
July Selected Horses of Racing Age (2025),2025-07-08,320,DK B/,MAJORCA,C,VOLATILE,PALMA,MALIBU MOON,ELITE AGENT,JOE SHARP AGT.,42000,,03/01/2022,KY,9,,RA,,https://vimeo.com/1099144697?share=copy,[object Object]
July Selected Horses of Racing Age (2025),2025-07-08,321,DKB,MERICA'S BACK,C,PRACTICAL JOKE,GOLDEN MYSTERY,AWESOME AGAIN,TAYLOR MADE SALES AGENCY AGENT VI,OUT,0,,03/05/2022,NY,12,,RA,,,[object Object]
July Selected Horses of Racing Age (2025),2025-07-08,322,B,MOTHER OF PEARL,F,TOM'S D'ETAT,LA PEREGRINA,HARD SPUN,WHITE PINE THOROUGHBREDS,JUDGE LANIER RACING/Z. MADDEN AGENT,40000,,02/18/2023,KY,10,,RA,,https://vimeo.com/1098901274?share=copy,[object Object]
July Selected Horses of Racing Age (2025),2025-07-08,323,B,MUTUALLY EXCLUSIVE,F,VINO ROSSO,TAPAS,TAPIT,ELITE AGENT,JONAS GIBSON/BLAKE MORGAN,25000,,02/19/2021,KY,9,,RA,,https://vimeo.com/1099139425,[object Object]
July Selected Horses of Racing Age (2025),2025-07-08,324,B,NEW KING,C,INTO MISCHIEF,HOLLYWOOD ROYAL,DISTORTED HUMOR,ELITE AGENT,MAHMUD MOUNI,225000,,04/11/2021,MD,9,,RA,,https://vimeo.com/1099139954,[object Object]
July Selected Horses of Racing Age (2025),2025-07-08,325,B,NO ESCAPE,C,INTO MISCHIEF,SEEK AND DESTROY,VERRAZANO,TAYLOR MADE SALES AGENCY AGENT X,ABUBAKER KADOURA,40000,,02/06/2022,KY,12,,RA,,https://youtu.be/G7v_szuUw68,[object Object]
July Selected Horses of Racing Age (2025),2025-07-08,326,B,OBELISK,G,QUALITY ROAD,BETTER LUCKY,GHOSTZAPPER,BROOKDALE AGENT FOR GODOLPHIN,STEVE MOGER,95000,,05/08/2021,KY,10,,RA,,https://vimeo.com/1099102068,[object Object]
July Selected Horses of Racing Age (2025),2025-07-08,327,B,PURSUIT OF LIBERTY,F,CONSTITUTION,MEDIA MADNESS,EMPIRE MAKER,ELITE AGENT,OUT,0,,02/15/2021,KY,9,,RA,,,[object Object]
July Selected Horses of Racing Age (2025),2025-07-08,328,B,RED DRAPES,F,PRACTICAL JOKE,RED CURLS,CURLIN,PARAMOUNT SALES AGENT I,HUNT LANE RACING,52000,,02/23/2023,KY,10,,RA,,https://vimeo.com/1099157194,[object Object]
July Selected Horses of Racing Age (2025),2025-07-08,329,CH,RED ROUTE ONE,H,GUN RUNNER,RED HOUSE,TAPIT,TAYLOR MADE SALES AGENCY AGENT XI,NARVICK INT'L,550000,,03/12/2020,KY,12,,RA,,https://youtu.be/q_ygw2NvsNk,[object Object]
July Selected Horses of Racing Age (2025),2025-07-08,330,GR/RO,RIYADH MOON,G,MALIBU MOON,PRINCESS OF CHINA,UNBRIDLED'S SONG,TAYLOR MADE SALES AGENCY AGENT IX,OUT,0,,03/12/2021,KY,12,,RA,,,[object Object]
July Selected Horses of Racing Age (2025),2025-07-08,331,B,ROMANESQUE,C,PRACTICAL JOKE,MONY'SLITTLEGRACIE,ALPHABET SOUP,ELITE AGENT,PEWTER STABLE,90000,,04/04/2022,PA,9,,RA,,https://vimeo.com/1099139070,[object Object]
July Selected Horses of Racing Age (2025),2025-07-08,332,DK B/,ROSIE JEEKS,F,WORLD OF TROUBLE,REMINGTON ROSE,TAKE CHARGE INDY,ELITE AGENT,NARVICK INT'L,300000,,04/14/2021,FL,9,,RA,,https://vimeo.com/1099140894,[object Object]
July Selected Horses of Racing Age (2025),2025-07-08,333,B,ROTTERDAM,G,MENDELSSOHN,ARTEMIS,EMPIRE MAKER,HUNTER VALLEY FARM AGENT,JAMES SCHENCK AGENT,135000,,03/18/2020,KY,10,,RA,,https://vimeo.com/1098362188,[object Object]
July Selected Horses of Racing Age (2025),2025-07-08,334,B,SAM'S TREASURE,F,MUNNINGS,MALIBU TREASURE,MALIBU MOON,TAYLOR MADE SALES AGENCY AGENT VII,CORSER THOROUGHBREDS,270000,,01/30/2021,KY,12,,RA,,https://youtu.be/PfKbHwGeM6c,[object Object]
July Selected Horses of Racing Age (2025),2025-07-08,335,GR/RO,SENSITIVITY,M,STREET SENSE,FROYO STAR,ROCKPORT HARBOR,GROVENDALE SALES AGENT IV,NOT SOLD,210000,,03/20/2019,KY,10,,RA,,https://vimeo.com/1099389652,[object Object]
July Selected Horses of Racing Age (2025),2025-07-08,336,DK B/,SHEWONTBUDGE,F,ARMY MULE,JOYFUL FROLIC,CURLIN,ELITE AGENT,OUT,0,,03/29/2022,KY,9,,RA,,,[object Object]
July Selected Horses of Racing Age (2025),2025-07-08,337,DK B/,SHIFTY GOLD,C,TWIRLING CANDY,IS IT GOLD,INDYGO SHINER,ELITE AGENT,OUT,0,,04/20/2022,KY,9,,RA,,,[object Object]
July Selected Horses of Racing Age (2025),2025-07-08,338,DK B/,SIR LONDON,G,MALIBU MOON,SEEKING ATLANTIS,SEEKING THE GOLD,ELITE AGENT,CLARITY TB AGENT,85000,,04/14/2019,KY,9,,RA,,https://vimeo.com/1099141424,[object Object]
July Selected Horses of Racing Age (2025),2025-07-08,339,DKB,STAR OF WONDER,C,UNCLE MO,STARSHIP WARPSPEED,CONGRATS,ELITE AGENT FOR WINSTAR RACING,PEDRO LANZ AGENT FOR KAS STABLES,325000,,03/26/2021,KY,9,,RA,,https://vimeo.com/1098217482,[object Object]
July Selected Horses of Racing Age (2025),2025-07-08,340,DK B/,SUGARCOAT,F,CONSTITUTION,KALAHARI CAT,CAPE TOWN,LEGACY BLOODSTOCK AGENT,GREGORY F. MARTIN AGENT,110000,,02/15/2021,KY,9,,RA,,HTTPS://VIMEO.COM/1099179993?SHARE=COPY#T=0,[object Object]
July Selected Horses of Racing Age (2025),2025-07-08,341,B,SWAN HOUSE,F,HARD SPUN,GOOSE LEMON DROP,ELUSIVE QUALITY,ELITE AGENT,HIGH ST INVESTMENTS,42000,,01/06/2022,KY,9,,RA,,https://vimeo.com/1099142666,[object Object]
July Selected Horses of Racing Age (2025),2025-07-08,342,B,TIMING DIFFERENCE,G,MUNNINGS,BERNADREAMY,BERNARDINI,ELITE AGENT,KNIPPENBERG RACING,80000,,02/13/2021,KY,9,,RA,,https://vimeo.com/1099143613,[object Object]
July Selected Horses of Racing Age (2025),2025-07-08,343,CH,WEEKENDSANDWHISKEY,C,JUSTIFY,MARKETPLACE,STORMY ATLANTIC,TAYLOR MADE SALES AGENCY AGENT X,OUT,0,,02/22/2022,KY,12,,RA,,,[object Object]
July Selected Horses of Racing Age (2025),2025-07-08,344,DKB,AUTUMN CHILL,F,CONSTITUTION,OLD TIME CHICAGO,STREET SENSE,DARBY DAN FARM AGENT I,SOUTHERN LEGACY THORUGHBREDS LLC,40000,,04/08/2021,KY,10,,RA,,https://vimeo.com/1098514664?share=copy,[object Object]
July Selected Horses of Racing Age (2025),2025-07-08,345,B,BACKGAMMON,F,MAXIMUM SECURITY,VINDICATED GHOST,VINDICATION,JOHN ENNIS TRAINING AGENT,STEVEN W YOUNG AGT,100000,,04/16/2023,KY,9,,RA,,https://vimeo.com/1099140650?share=copy,[object Object]
July Selected Horses of Racing Age (2025),2025-07-08,346,GR/RO,BATTEN DOWN,R,TAPIT,CLOSE HATCHES,FIRST DEFENCE,TAYLOR MADE SALES AGENCY AGENT FOR JUDDMONTE,OUT,0,,03/11/2021,KY,12,,RA,,,[object Object]
July Selected Horses of Racing Age (2025),2025-07-08,347,GR/RO,BERGEN,C,LIAM'S MAP,TONI'S HOLLYDAY,HARLAN'S HOLIDAY,ELITE AGENT,K BAIM AGENT FOR K WYCOFF,80000,,03/11/2021,KY,9,,RA,,https://vimeo.com/1099145839,[object Object]
July Selected Horses of Racing Age (2025),2025-07-08,348,B,BOLTAGE,C,BOLT D'ORO,ULTIMATE PRIZE,SMART STRIKE,TAYLOR MADE SALES AGENCY AGENT VIII,JULY CAVALRY PREPS TO PROS TOV,160000,,03/11/2021,KY,12,,RA,,https://youtu.be/ZwdijaSOAEc,[object Object]
July Selected Horses of Racing Age (2025),2025-07-08,349,DKB,CALLING ON HEAVEN,C,INSTILLED REGARD,SWITCHBOARD,BERNARDINI,TAYLOR MADE SALES AGENCY AGENT V,JORDAN V WYCOFF,70000,,03/15/2022,KY,12,,RA,,https://youtu.be/tDTJxNe0fdU,[object Object]
July Selected Horses of Racing Age (2025),2025-07-08,350,B,CASCAIS,H,INTO MISCHIEF,REVE D'AMOUR,WARRIOR'S REWARD,TAYLOR MADE SALES AGENCY AGENT II,TRIPLE T RANCH,150000,,03/31/2020,KY,12,,RA,,https://youtu.be/8qFtrwwE9Vo,[object Object]
July Selected Horses of Racing Age (2025),2025-07-08,351,CH,CHAMBOURCIN,F,COPPER BULLET,COAL AND ICE,TAPIT,JOHN ENNIS TRAINING AGENT,NOT SOLD,95000,,03/19/2023,KY,9,,RA,,https://vimeo.com/1099142408?share=copy,[object Object]
July Selected Horses of Racing Age (2025),2025-07-08,352,B,COMING IN HOT,C,MACLEAN'S MUSIC,ALLIANNA,FLAT OUT,JOHN ENNIS TRAINING AGENT,OUT,0,,04/28/2022,KY,9,,RA,,,[object Object]
July Selected Horses of Racing Age (2025),2025-07-08,353,B,CONTRARY THINKING,G,INTO MISCHIEF,VALADORNA,CURLIN,ELITE AGENT,OUT,0,,03/21/2020,KY,9,,RA,,,[object Object]
July Selected Horses of Racing Age (2025),2025-07-08,354,B,CORMAN,C,FROSTED,HONEY MUFFIN,CANDY RIDE (ARG),JOHNSON CROSS AGENT I,OUT,0,,02/16/2022,KY,9,,RA,,,[object Object]
July Selected Horses of Racing Age (2025),2025-07-08,355,B,PRINCESS INDY,F,LORD NELSON,BONITA MIA,WARRIOR'S REWARD,TAYLOR MADE SALES AGENCY AGENT XIII,SWYNFORD MANAGEMENT FOR YOSHIDA STABLES,110000,,03/17/2021,KY,12,,RA,,https://youtu.be/5Nf7nwGnW7Y,[object Object]
July Selected Horses of Racing Age (2025),2025-07-08,356,B,BACK RING BUZZ,F,HARD SPUN,BABYBEL,BODEMEISTER,TAYLOR MADE SALES AGENCY AGENT XIV,THREE DIAMONDS FARM,230000,,04/03/2023,KY,12,,RA,,https://youtu.be/vQJWIWJaPL0,[object Object]
July Selected Horses of Racing Age (2025),2025-07-08,357,DK B/,PERFECT FIGURE,F,CARACARO,FIGRARE,PURGE,ELITE AGENT,SPRINGHOUSE FARM,125000,,03/02/2022,KY,9,,RA,,https://vimeo.com/1099145899,[object Object]
July Selected Horses of Racing Age (2025),2025-07-08,358,GR/RO,SHOPPER'S REVENGE,H,TAPIT,STOPCHARGINGMARIA,TALE OF THE CAT,TAYLOR MADE SALES AGENCY AGENT XV,TRIPLE T RANCH,300000,,03/01/2020,KY,12,,RA,,https://youtu.be/olNxs095Y3Q,[object Object]
July Selected Horses of Racing Age (2025),2025-07-08,359,DK B/,VICTORY MUSIC,F,MACLEAN'S MUSIC,VICTORY SQUARE,TIZNOW,PARAMOUNT SALES AGENT II,OUT,0,,03/28/2023,KY,10,,RA,,https://vimeo.com/1099155605,[object Object]
July Selected Horses of Racing Age (2025),2025-07-08,360,B,WACO,G,MAXIMUS MISCHIEF,BEAUTIFUL TREASURE,UNBRIDLED,MULHOLLAND SPRINGS AGENT FOR THE ESTATE OF D. WAYNE LUKAS,SWEEZEY AGENT FOR STARRY NIGHT RACING,47000,,01/29/2022,KY,12,,RA,,https://vimeo.com/1098924621,[object Object]
July Selected Horses of Racing Age (2025),2025-07-08,361,CH,GOING STEADY,F,CONSTITUTION,BLUEJEANS,GHOSTZAPPER,MULHOLLAND SPRINGS AGENT FOR THE ESTATE OF D. WAYNE LUKAS,H. ALBINA AGENT,150000,,03/22/2022,KY,12,,RA,,https://vimeo.com/1098924886,[object Object]
July Selected Horses of Racing Age (2025),2025-07-08,362,GR/RO,SUMMER DATE,F,ESSENTIAL QUALITY,SHE CAT,BLUEGRASS CAT,MULHOLLAND SPRINGS AGENT FOR THE ESTATE OF D. WAYNE LUKAS,ROBBIE MEDINA AGENT SNAKE RIVER STABLES LLC,170000,,03/25/2023,KY,12,,RA,,https://vimeo.com/1098925123,[object Object]
July Selected Horses of Racing Age (2025),2025-07-08,363,GR/RO,LOST VALLEY,C,LIAM'S MAP,PRIVATE BEACH,MALIBU MOON,MULHOLLAND SPRINGS AGENT FOR THE ESTATE OF D. WAYNE LUKAS,TROPICAL RACING LLC,120000,,04/14/2023,KY,12,,RA,,https://vimeo.com/1098925319,[object Object]
July Selected Horses of Racing Age (2025),2025-07-08,364,CH,OUR KEEPSAKE,F,CINCO CHARLIE,BECCAWHIT,ROMAN RULER,MULHOLLAND SPRINGS AGENT FOR THE ESTATE OF D. WAYNE LUKAS,JD THOROUGHBREDS,52000,,03/30/2021,KY,12,,RA,,https://vimeo.com/1099190960,[object Object]
July Selected Horses of Racing Age (2025),2025-07-08,365,CH,UPON A STAR,F,MUNNINGS,TIMELY,VERRAZANO,ELITE AGENT,THREE DIAMONDS FARM,100000,,02/28/2021,KY,9,,RA,,,[object Object]
July Selected Horses of Racing Age (2025),2025-07-08,366,DK B/,CLASSIC CATCH,H,CLASSIC EMPIRE,MOON CATCHER,MALIBU MOON,TAYLOR MADE SALES AGENCY AGENT XVI,CHAD SCHUMER AGENT/KGS,340000,,01/20/2020,KY,12,,RA,,https://youtu.be/wysJlinLE_I,[object Object]
July Selected Horses of Racing Age (2025),2025-07-08,367,CH,JACKSTOWN,H,SPEIGHTSTOWN,NO NAME NEEDED,MEDAGLIA D'ORO,ELITE AGENT,RANCHO AGUA NEGRA S.A. LEB AGENT,75000,,01/31/2020,KY,9,,RA,,https://vimeo.com/1099146698,[object Object]
July Selected Horses of Racing Age (2025),2025-07-08,368,B,DELANCEY STREET,C,STREET SENSE,MOOGHAREADH,MALIBU MOON,MULHOLLAND SPRINGS AGENT FOR THE ESTATE OF D. WAYNE LUKAS & PARTNERS,JUSTIN CASSE,400000,,02/25/2023,KY,12,,RA,,https://vimeo.com/1099190571,[object Object]
July Selected Horses of Racing Age (2025),2025-07-08,369,B,NANZIG,F,MACLEAN'S MUSIC,COUNT TO ELEVEN,GRAND SLAM,MULHOLLAND SPRINGS AGENT I,CHESTER MILLER,45000,,01/29/2023,KY,12,,RA,,https://vimeo.com/1099191310,[object Object]
July Selected Horses of Racing Age (2025),2025-07-08,370,DK B/,ROMEO,C,HONOR A. P.,FANCY LOVE,NOT FOR LOVE,PARAMOUNT SALES AGENT III,MAHMUD MOUNI,1700000,,03/05/2023,MD,10,,RA,,https://vimeo.com/1099363257,[object Object]
