SALE TITLE,SESSION,HIP,COLOR,NAME,SEX,SIRE,DAM,SIRE OF DAM,PROPERTY LINE,PURCHASER,PRICE,PRIVATE SALE,YEAR OF BIRTH,FOALED,BARN,COVER DATE,SOLD AS DESCRIPTION,VIRTUAL INSPECTION
July Horses of Racing Age (2020),2020-07-13,1,B,ABRUPT,C,LEA,IRE,POLITICAL FORCE,CLAIBORNE FARM AGENT,CJ THOROUGHBREDS,20000,,04/20/2017,KENTUCKY,3,,,
July Horses of Racing Age (2020),2020-07-13,2,CH,ALFIE SOLOMONS,C,KANTHAROS,MEETS EXPECTATIONS,VALID EXPECTATIONS,HUNTER VALLEY FARM AGENT,OUT,0,,02/24/2017,FLORIDA,4,,,
July Horses of Racing Age (2020),2020-07-13,3,DKB,ALPHA DOG,G,MORE THAN READY,SWEET CORINE,PULPIT,ROYAL OAK FARM (DAMIAN & BRAXTON LYNCH) AGENT,ERIC REED,17000,,04/26/2017,KENTUCKY,3,,,
July Horses of Racing Age (2020),2020-07-13,4,B,ANCIENT TIMES,G,CARPE DIEM,COURTLY CHOICE,DONERAILE COURT,WINSTAR RACING AGENT,OUT,0,,02/28/2017,NEW YORK,9,,,
July Horses of Racing Age (2020),2020-07-13,5,CH,ANDIAMA,F,LEA,ALLUVIAL GOLD (IRE),DANEHILL DANCER (IRE),JAMES B. KEOGH (GROVENDALE) AGENT III,JAMES FISHER,10000,,02/18/2017,KENTUCKY,9,,,
July Horses of Racing Age (2020),2020-07-13,6,CH,APPIAN WAY,G,KANTHAROS,ORCHID ISLE,ZAMINDAR,DENALI STUD AGENT II,JEFF ENGLER AGENT FOR LEA FARMS LLC,11000,,03/20/2017,FLORIDA,1,,,https://youtu.be/66rrUWbCUFA
July Horses of Racing Age (2020),2020-07-13,7,B,ARCTIC FOX,C,FLATTER,STOWE WHITE,NOT FOR LOVE,DENALI STUD AGENT II,NOT SOLD,10000,,05/13/2017,NEW YORK,1,,,
July Horses of Racing Age (2020),2020-07-13,8,B,ASSIDUOUSLY (GB),C,LOPE DE VEGA (IRE),SENSATIONALLY (GB),MONTJEU (IRE),ELITE AGENT,OUT,0,,02/08/2017,GB,10,,,
July Horses of Racing Age (2020),2020-07-13,9,DKB,AVALINA,F,TALE OF EKATI,PERFECT NODOUBLE,PERFECT SOUL (IRE),TAYLOR MADE SALES AGENCY AGENT II,BRUNO DEBERDT,75000,,04/15/2016,KENTUCKY,2,,,https://youtu.be/iX2k8DTkhP4
July Horses of Racing Age (2020),2020-07-13,10,DKB,BEACHWALKER,G,STREET SENSE,KIAWAH CAT,LEMON DROP KID,BROOKDALE SALES AGENT,FRANK D'AMATO DMD,30000,,02/19/2017,KENTUCKY,2,,,
July Horses of Racing Age (2020),2020-07-13,11,DKB,BEACON HILL,C,BLAME,MY MAMMY,CAME HOME,ELITE AGENT,CAROLINE & GREG BENTLEY,180000,,05/07/2017,KENTUCKY,10,,,
July Horses of Racing Age (2020),2020-07-13,12,CH,BEHIND THE COUCH,F,AWESOME AGAIN,TAPITBYTHESEA,TAPIT,GAINESWAY AGENT II,NOT SOLD,39000,,03/10/2016,NEW YORK,6,,,https://vimeo.com/437491904
July Horses of Racing Age (2020),2020-07-13,13,B,BETTER TAPIT,G,TAPIT,BETTERBETTERBETTER (IRE),GALILEO (IRE),FOUR STAR SALES AGENT,DEBRA KACHEL,27000,,02/04/2016,KENTUCKY,4,,,https://vimeo.com/437642559/dd988b3463
July Horses of Racing Age (2020),2020-07-13,14,DKB,BODECREAM,G,BODEMEISTER,CALL MARIAH,DIXIE UNION,TAYLOR MADE SALES AGENCY AGENT V,MIKE MAKER AGENT FOR REPOLE STABLE,50000,Y,04/08/2017,KENTUCKY,2,,,https://youtu.be/w8JDmRUTZ-k
July Horses of Racing Age (2020),2020-07-13,15,B,BOURBON TRAIL,C,MALIBU MOON,HANGOVER SATURDAY,POMEROY,ELITE AGENT,OUT,0,,04/22/2017,FLORIDA,10,,,
July Horses of Racing Age (2020),2020-07-13,16,DKB,BRONZE LION,G,CENTRAL BANKER,MYTHICAL BROWNIE,LORD AVIE,FOUR STAR SALES AGENT,OUT,0,,02/09/2017,NEW YORK,4,,,
July Horses of Racing Age (2020),2020-07-13,17,DKB,CARAMELITO,G,MEDAGLIA D'ORO,CARAMEL SNAP,SMART STRIKE,BROOKDALE SALES AGENT,MEAH LLOYD BLOODSTOCK AGENT FOR ANNA MEAH RACING,77000,,03/23/2017,KENTUCKY,2,,,
July Horses of Racing Age (2020),2020-07-13,18,B,CARDIAC KID,C,AMERICAN PHAROAH,NEW WAVE,TALE OF THE CAT,MAGDALENA FARM AGENT,ERIC REED AGENT,10000,Y,04/07/2017,KENTUCKY,5,,,
July Horses of Racing Age (2020),2020-07-13,19,DKB,CARMEL BAY,C,ENGLISH CHANNEL,AURORE,ARCH,BLUEWATER SALES LLC AGENT III,NOT SOLD,10000,,05/11/2017,KENTUCKY,8,,,
July Horses of Racing Age (2020),2020-07-13,20,B,CERNAN,C,MALIBU MOON,GOLD DUST WOMAN,DISTORTED HUMOR,GAINESWAY AGENT IV,JEROME AND KRISTINA RUSSELL,40000,,04/16/2017,KENTUCKY,6,,,https://vimeo.com/437489953
July Horses of Racing Age (2020),2020-07-13,21,DKB,CHASING ANNA,C,FAST ANNA,RIBOLETTI,DISTORTED HUMOR,MAGDALENA FARM AGENT,OUT,0,,03/06/2017,KENTUCKY,5,,,
July Horses of Racing Age (2020),2020-07-13,22,B,CLAW,C,CAIRO PRINCE,SARATOGA KARAOKE,HARLAN'S HOLIDAY,TAYLOR MADE SALES AGENCY AGENT IX,RJG RACING MANAGEMENT LLC,23000,Y,02/13/2018,KENTUCKY,2,,,https://www.youtube.com/watch?v=lqzFVlcvJK8&list=PLy-GWw7H1AKE-9GIRKn317CtjlC91ArXV&index=2&t=0s
July Horses of Racing Age (2020),2020-07-13,23,B,CLEAR AS DAY,F,SKY MESA,MUCH OBLIGED,KINGMAMBO,DENALI STUD AGENT III,NOT SOLD,47000,,04/21/2016,KENTUCKY,1,,,https://youtu.be/WRbCDuPD_qQ
July Horses of Racing Age (2020),2020-07-13,24,CH,COMBATIVE,C,VIOLENCE,WITCH'S COVEN,CUVEE,TAYLOR MADE SALES AGENCY AGENT VI,OUT,0,,02/15/2016,ONTARIO,2,,,
July Horses of Racing Age (2020),2020-07-13,25,CH,COUNTLESS FUN,F,GHOSTZAPPER,COUNTESS CURLIN,CURLIN,MAGDALENA FARM AGENT,TROY LEVY,10000,,03/01/2017,KENTUCKY,5,,,
July Horses of Racing Age (2020),2020-07-13,26,B,COUSIN ANDREW,C,INTO MISCHIEF,VEGAS TRIP,ALDEBARAN,ELITE AGENT,NOT SOLD,75000,,04/16/2017,KENTUCKY,10,,,
July Horses of Racing Age (2020),2020-07-13,27,DKB,DRAW THE LINE,G,BROKEN VOW,PURE SARAH,PURE PRIZE,JAMES B. KEOGH (GROVENDALE) AGENT II,ME II RACING,22000,,02/09/2017,KENTUCKY,9,,,
July Horses of Racing Age (2020),2020-07-13,28,B,DREAM HIGH,C,HONOR CODE,ECOLOGY,UNBRIDLED'S SONG,JAMES B. KEOGH (GROVENDALE) AGENT II,NOT SOLD,10000,,01/31/2017,KENTUCKY,9,,,
July Horses of Racing Age (2020),2020-07-13,29,B,ELUSIVE ROAD,G,QUALITY ROAD,WEAPONRY,WAR FRONT,JAMES B. KEOGH (GROVENDALE) AGENT II,NOT SOLD,10000,,02/05/2017,KENTUCKY,9,,,
July Horses of Racing Age (2020),2020-07-13,30,B,EMPIRE ANGEL,F,EMPIRE MAKER,MISS PATRICIA,INDIAN CHARLIE,TAYLOR MADE SALES AGENCY AGENT VI,OUT,0,,04/07/2017,KENTUCKY,2,,,
July Horses of Racing Age (2020),2020-07-13,31,CH,EMPTY TOMB,C,SPEIGHTSTOWN,SURE PEG,ARCH,BLUEWATER SALES LLC AGENT III,OUT,0,,04/06/2016,KENTUCKY,8,,,http://thorostride.com/sales/fasig-tipton-july-hra-2020-hip-31
July Horses of Racing Age (2020),2020-07-13,32,CH,EXTRAORDINARY,C,SPEIGHTSTOWN,FIFTYSHADESOFHAY,PULPIT,WINSTAR RACING AGENT,FOUR STAR SALES AGENT,107000,,02/17/2017,KENTUCKY,9,,,
July Horses of Racing Age (2020),2020-07-13,33,B,FANCIFIED,F,WILL TAKE CHARGE,REAL FANCY RUNNER,JOHANNESBURG,MAGDALENA FARM AGENT,JOHN FOX,17000,,02/27/2017,KENTUCKY,5,,,
July Horses of Racing Age (2020),2020-07-13,34,B,FEARLESS,G,GHOSTZAPPER,AND WHY NOT,STREET CRY (IRE),WINSTAR RACING AGENT,NOT SOLD,120000,,03/17/2016,KENTUCKY,9,,,
July Horses of Racing Age (2020),2020-07-13,35,DKB,FIFTYFIVE STRONG,C,WICKED STRONG,EL REBECCA,EL CORREDOR,JAMES B. KEOGH (GROVENDALE) AGENT IV,NOT SOLD,10000,,02/25/2017,KENTUCKY,9,,,
July Horses of Racing Age (2020),2020-07-13,36,B,FINALIST,G,TONALIST,VAL MARIE,CORONADO'S QUEST,TAYLOR MADE SALES AGENCY AGENT VI,OUT,0,,02/22/2017,FLORIDA,2,,,
July Horses of Racing Age (2020),2020-07-13,37,DKB,FIT FOR A KING,G,STREET SENSE,TIZAQUEENA,TIZNOW,BROOKDALE SALES AGENT,CAROLINE & GREG BENTLEY,18000,,02/25/2017,KENTUCKY,2,,,
July Horses of Racing Age (2020),2020-07-13,38,DKB,FLATTEN,G,FLATTER,HOT RENDEZVOUS,MACHO UNO,ELITE AGENT,OUT,0,,02/04/2017,KENTUCKY,10,,,
July Horses of Racing Age (2020),2020-07-13,39,B,FLUTE MAKER,C,SKY MESA,PERFECT FLUTE,PLEASANTLY PERFECT,MAGDALENA FARM AGENT,OUT,0,,02/14/2017,KENTUCKY,5,,,
July Horses of Racing Age (2020),2020-07-13,40,B,FORK UNION,G,LEA,AFLEET MAGGI,AFLEET ALEX,CLAIBORNE FARM AGENT,OUT,0,,02/06/2017,KENTUCKY,3,,,
July Horses of Racing Age (2020),2020-07-13,41,GRR,FORTY UNDER,C,UNCLE MO,ARGENT AFFAIR,BLACK TIE AFFAIR (IRE),GAINESWAY AGENT III,THREE DIAMONDS FARM,70000,,03/11/2016,KENTUCKY,6,,,https://vimeo.com/437487875
July Horses of Racing Age (2020),2020-07-13,42,CH,FREEDOM FORCE,C,AMERICAN PHAROAH,CONCINNOUS,EL CORREDOR,WINSTAR RACING AGENT,THREE DIAMONDS FARM,45000,,03/17/2017,FLORIDA,9,,,
July Horses of Racing Age (2020),2020-07-13,43,B,FREEDOM'S FLIGHT,C,TAPIZAR,POINT CHANEL,POINT GIVEN,MILL RIDGE SALES AGENT,OUT,0,,01/17/2016,KENTUCKY,3,,,
July Horses of Racing Age (2020),2020-07-13,44,CH,FREEZER BURN,F,KANTHAROS,TRIPPI HONOR,TRIPPI,INDIAN CREEK AGENT,OUT,0,,02/14/2017,FLORIDA,1,,,
July Horses of Racing Age (2020),2020-07-13,45,B,GARDENISTA,F,CURLIN,VALBENNY (IRE),VAL ROYAL (FR),DENALI STUD AGENT I,NOT SOLD,27000,,03/05/2016,KENTUCKY,1,,,https://youtu.be/Pvs5zeDKG8Y
July Horses of Racing Age (2020),2020-07-13,46,B,GOLD CZAR,C,MEDAGLIA D'ORO,PLEASANT REVIEW,PLEASANT TAP,GAINESWAY AGENT X,ELIZABETH BARR D/B/A TURKS HEAD TURF,27000,,05/14/2017,KENTUCKY,6,,,https://vimeo.com/437486755
July Horses of Racing Age (2020),2020-07-13,47,DKB,GRACEFULLY,F,QUALITY ROAD,MIDNIGHT RAMBLE,UNBRIDLED'S SONG,LANE'S END AGENT,OUT,0,,05/20/2017,PENNSYLVANIA,1,,,
July Horses of Racing Age (2020),2020-07-13,48,B,HE HATE ME,G,ALGORITHMS,QUIET HOLIDAY,HARLAN'S HOLIDAY,CLAIBORNE FARM AGENT,PATRICIA'S HOPE LLC,70000,,02/23/2015,FLORIDA,3,,,http://thorostride.com/sales/fasig-tipton-july-hra-2020-hip-48
July Horses of Racing Age (2020),2020-07-13,49,B,HIGH AMPLITUDE,G,BERNARDINI,LADY ON HOLIDAY,HARLAN'S HOLIDAY,ELITE AGENT,OUT,0,,01/31/2016,KENTUCKY,10,,,
July Horses of Racing Age (2020),2020-07-13,50,GRR,HOLY MUCHACHO,C,MACHO UNO,TRISHA,FOREST CAMP,MAGDALENA FARM AGENT,RECIO/FAHEY AGENT,14000,,02/25/2017,KENTUCKY,5,,,
July Horses of Racing Age (2020),2020-07-13,51,GRR,I CAN DO ANYTHING,G,UNCLE MO,SPLENDID SONG,UNBRIDLED'S SONG,CLAIBORNE FARM AGENT,THREE DIAMONDS FARM,60000,,03/16/2014,KENTUCKY,3,,,http://thorostride.com/sales/fasig-tipton-july-hra-2020-hip-51
July Horses of Racing Age (2020),2020-07-13,52,B,IDENTITY POLITICS,H,INTO MISCHIEF,BRIANNA ROSE,DISTORTED HUMOR,ELITE AGENT,OUT,0,,02/18/2015,KENTUCKY,10,,,
July Horses of Racing Age (2020),2020-07-13,53,DKB,IMPECCABLE STYLE,F,UNCLE MO,DEB'S CANDY GIRL,CANDY RIDE (ARG),GAINESWAY AGENT I,BRADLEY THOROUGHBREDS AGENT,275000,,02/20/2017,KENTUCKY,6,,,https://vimeo.com/437490661
July Horses of Racing Age (2020),2020-07-13,54,DKB,IMPETUOUS,C,FAST ANNA,ROXIE DANCER,SUCCESSFUL APPEAL,DENALI STUD AGENT II,JEFFREY ENGLEHART,12000,,02/28/2017,NEW YORK,1,,,https://youtu.be/fNgWgm16v2c
July Horses of Racing Age (2020),2020-07-13,55,B,JANGADA,G,TAPIT,CATBOAT,TALE OF THE CAT,BROOKDALE SALES AGENT,NOT SOLD,10000,,03/11/2017,KENTUCKY,2,,,
July Horses of Racing Age (2020),2020-07-13,56,B,JOURNEYMAN,G,ANIMAL KINGDOM,TOUT CHARMANT,SLEWVESCENT,BROOKDALE SALES AGENT,THREE DIAMONDS FARM,85000,,02/28/2016,KENTUCKY,2,,,
July Horses of Racing Age (2020),2020-07-13,57,B,KISS THE GIRL,F,INTO MISCHIEF,SPIN THE BOTTLE,HARD SPUN,BLUEWATER SALES LLC AGENT III,OUT,0,,03/21/2017,MARYLAND,8,,,
July Horses of Racing Age (2020),2020-07-13,58,B,KOKO STAR,C,KITTEN'S JOY,HIGH CHANT,WAR CHANT,FOUR STAR SALES AGENT,ROBERT L.S. NELSON,37000,,03/09/2017,KENTUCKY,4,,,https://vimeo.com/437643206/83fa00d64e
July Horses of Racing Age (2020),2020-07-13,59,GRR,LABEQ,G,TAPIT,LIFE IS SWEET,STORM CAT,BLUEWATER SALES LLC AGENT III,NOT SOLD,24000,,04/28/2015,KENTUCKY,8,,,
July Horses of Racing Age (2020),2020-07-13,60,B,LADY LAURA,F,QUALITY ROAD,LAURA'S PLEASURE,CACTUS RIDGE,JAMES B. KEOGH (GROVENDALE) AGENT FOR STONESTREET STABLES LLC,JERRY JAMGOTCHIAN,14000,,05/02/2017,KENTUCKY,9,,,
July Horses of Racing Age (2020),2020-07-13,61,B,LEBRON J,C,MEDAGLIA D'ORO,TAPICAT,TAPIT,FOUR STAR SALES AGENT,AKG CASTRO,10000,,03/20/2016,KENTUCKY,4,,,https://vimeo.com/437609684/f4bc19ab9e
July Horses of Racing Age (2020),2020-07-13,62,CH,LIBERTY BLUE,G,CONSTITUTION,VISION IN BLUE,BLUEGRASS CAT,MAGDALENA FARM AGENT,NOT SOLD,11000,,01/27/2017,KENTUCKY,5,,,
July Horses of Racing Age (2020),2020-07-13,63,CH,LIBERTY'S PURSUIT,C,CURLIN,ALLUDE,ORIENTATE,MAGDALENA FARM AGENT,DE BURGH EQUINE,12000,,03/04/2016,KENTUCKY,5,,,
July Horses of Racing Age (2020),2020-07-13,64,B,LIGHT UP NIGHT,F,BODEMEISTER,BRIGHT LINE,FUSAICHI PEGASUS,LANE'S END AGENT,OUT,0,,02/25/2017,KENTUCKY,1,,,
July Horses of Racing Age (2020),2020-07-13,65,CH,LIMETINI,C,TAPITURE,LIME LADY,LIMEHOUSE,FOUR STAR SALES AGENT,OUT,0,,01/21/2017,KENTUCKY,4,,,
July Horses of Racing Age (2020),2020-07-13,66,B,LOKOYA ROAD,C,QUALITY ROAD,JULIA TUTTLE,GIANT'S CAUSEWAY,JAMES B. KEOGH (GROVENDALE) AGENT I,THREE DIAMONDS FARM,30000,,03/27/2017,KENTUCKY,9,,,
July Horses of Racing Age (2020),2020-07-13,67,CH,MAGIC SAM,G,FIRST SAMURAI,MORE THAN MAGIC,MORE THAN READY,ELITE AGENT,OUT,0,,03/06/2017,KENTUCKY,10,,,
July Horses of Racing Age (2020),2020-07-13,68,GRR,MAGNIFICENT MAGS,F,ANCHOR DOWN,DANCEINTHEMOMENT,TIZNOW,TAYLOR MADE SALES AGENCY AGENT VIII,TAKE A SHOT LLC,12000,,01/26/2018,KENTUCKY,2,,,https://www.youtube.com/watch?v=EwfoTX21veE&list=PLy-GWw7H1AKE-9GIRKn317CtjlC91ArXV&index=3&t=0s
July Horses of Racing Age (2020),2020-07-13,69,DKB,MAJESTIC QUEEN,F,MAJESTICPERFECTION,PREDICTRESS,VICAR,FOUR STAR SALES AGENT,NOT SOLD,10000,,05/08/2016,KENTUCKY,4,,,https://vimeo.com/437416002/0575e2abed
July Horses of Racing Age (2020),2020-07-13,70,DKB,MALAHINI,C,CURLIN,KAUAI KATIE,MALIBU MOON,JAMES B. KEOGH (GROVENDALE) AGENT I,OUT,0,,04/26/2017,KENTUCKY,9,,,
July Horses of Racing Age (2020),2020-07-13,71,GRR,MARKET ANALYSIS,C,HONOR CODE,INTEREST FREE,EXCHANGE RATE,WINSTAR RACING AGENT,OO RACING,19000,,02/06/2017,KENTUCKY,9,,,
July Horses of Racing Age (2020),2020-07-13,72,B,MISS IMPORTANT,F,GRAYDAR,SUDDEN GHOST,GHOSTZAPPER,MAGDALENA FARM AGENT,BOARDSHORTS STABLES LLC,27000,,04/13/2017,KENTUCKY,5,,,
July Horses of Racing Age (2020),2020-07-13,73,B,MOON COLONY,C,UNCLE MO,PROMENADE GIRL,CARSON CITY,TAYLOR MADE SALES AGENCY AGENT VI,OUT,0,,05/11/2016,KENTUCKY,2,,,
July Horses of Racing Age (2020),2020-07-13,74,B,MORNING LIGHT,F,UNION RAGS,NEW HOPE SEVEN,CARSON CITY,LANE'S END AGENT,JERRY JAMGOTCHIAN,10000,,02/28/2017,KENTUCKY,1,,,
July Horses of Racing Age (2020),2020-07-13,75,B,MR RITZ (GB),H,OASIS DREAM (GB),QUE PUNTUAL (ARG),CONTESTED BID,DENALI STUD AGENT FOR EARLE I. MACK LLC,OUT,0,,01/16/2015,GB,1,,,
July Horses of Racing Age (2020),2020-07-13,76,B,NASTY,F,STREET SENSE,VALIANT PASSION,LION HEART,GAINESWAY AGENT IV,OUT,0,,03/09/2017,KENTUCKY,6,,,
July Horses of Racing Age (2020),2020-07-13,77,B,NOBLE KITTEN,F,NOBLE MISSION (GB),SWEET KITTEN,KITTEN'S JOY,DENALI STUD AGENT II,NOT SOLD,10000,,04/24/2016,ONTARIO,1,,,https://youtu.be/fNgWgm16v2c
July Horses of Racing Age (2020),2020-07-13,78,GRR,NOUDHA,F,AMERICAN PHAROAH,ALJALELA,UNBRIDLED'S SONG,ELITE AGENT,OUT,0,,03/22/2017,KENTUCKY,10,,,
July Horses of Racing Age (2020),2020-07-13,79,B,OLSON,G,MIDNIGHT LUTE,STORM LILY,STORM CAT,BROOKDALE SALES AGENT,OUT,0,,03/09/2017,KENTUCKY,2,,,
July Horses of Racing Age (2020),2020-07-13,80,B,OLYMPIC GAMES (FR),F,OLYMPIC GLORY (IRE),SUPER ANNA (FR),ANABAA,BLUEWATER SALES LLC AGENT I,OUT,0,,03/20/2016,FR,8,,,
July Horses of Racing Age (2020),2020-07-13,81,B,OUR DIXIE BLUE,F,WEIGELIA,DIXIEWOOD,DIXIE UNION,MILL RIDGE SALES AGENT,CAROLINE & GREG BENTLEY,35000,,04/08/2017,PENNSYLVANIA,3,,,https://youtu.be/eLFWVPEYXsk
July Horses of Racing Age (2020),2020-07-13,82,B,PACT,F,THE FACTOR,PEACE TALK,ARCH,LANE'S END AGENT,NOT SOLD,10000,,01/26/2017,KENTUCKY,1,,,
July Horses of Racing Age (2020),2020-07-13,83,DKB,PASSIVE INVESTING,F,TIZNOW,MARY RITA,DISTORTED HUMOR,ELITE AGENT,STEVEN W YOUNG AGENT,75000,,02/27/2016,KENTUCKY,10,,,
July Horses of Racing Age (2020),2020-07-13,84,DKB,PAYNE,H,PAYNTER,VERTICAL VISION,POLLARD'S VISION,LANE'S END AGENT,EDDIE KENNEALLY AGENT,125000,,04/09/2015,KENTUCKY,1,,,
July Horses of Racing Age (2020),2020-07-13,85,CH,PER CAPITA,C,TAPIT,SUCCESSFUL OUTLOOK,ORIENTATE,GAINESWAY AGENT I,RED OAK STABLE AGENT FOR RICK SACCO,325000,,02/22/2016,KENTUCKY,6,,,https://vimeo.com/437487032
July Horses of Racing Age (2020),2020-07-13,86,B,POSITIVE IMPACT,G,HARD SPUN,MYSTRA,LEMON DROP KID,BROOKDALE SALES AGENT,OUT,0,,02/01/2017,KENTUCKY,2,,,
July Horses of Racing Age (2020),2020-07-13,87,B,PRINCE VALESKI,C,MARK VALESKI,VINDI PRINCESS,VINDICATION,DENALI STUD AGENT II,AMADOR SANCHEZ,18000,,02/06/2017,KENTUCKY,1,,,https://youtu.be/eM5vLG0av9M
July Horses of Racing Age (2020),2020-07-13,88,B,PROVEN RESERVES,H,FLATTER,OIL EMPRESS,EMPIRE MAKER,ELITE AGENT,BRUNO DEBERDT,80000,,03/18/2015,KENTUCKY,10,,,
July Horses of Racing Age (2020),2020-07-13,89,DKB,QUIET COMPANY,F,TEMPLE CITY,CLARENDON FANCY,MALIBU MOON,CLAIBORNE FARM AGENT,WALDORF RACING STABLES LLC,55000,,01/27/2016,MARYLAND,3,,,http://thorostride.com/sales/fasig-tipton-july-hra-2020-hip-89
July Horses of Racing Age (2020),2020-07-13,90,CH,QUIET DIGNITY,F,KITTEN'S JOY,FIGARIE,BERNARDINI,BLUEWATER SALES LLC AGENT I,THREE DIAMONDS FARM,75000,,05/07/2016,KENTUCKY,8,,,
July Horses of Racing Age (2020),2020-07-13,91,B,REUNITE,F,TAPITURE,ELUSIVE ACT,ELUSIVE QUALITY,GAINESWAY AGENT IV,OUT,0,,02/11/2017,KENTUCKY,6,,,
July Horses of Racing Age (2020),2020-07-13,92,GRR,RHYTHM SECTION,R,AMERICAN PHAROAH,RHYTHM AND RHYME,UNBRIDLED'S SONG,HUNTER VALLEY FARM AGENT,THREE DIAMONDS FARM,67000,,04/24/2017,KENTUCKY,4,,,https://vimeo.com/437644820
July Horses of Racing Age (2020),2020-07-13,93,DKB,ROBBER BARON,C,EMPIRE MAKER,TOASTING,CONGRATS,DENALI STUD AGENT II,BOARDSHORTS STABLES LLC,14000,,04/06/2017,NEW YORK,1,,,https://youtu.be/xQma3-Os8sY
July Horses of Racing Age (2020),2020-07-13,94,B,SARATOGIAN,C,EMPIRE MAKER,SALTENDIPITY,SALT LAKE,ELITE AGENT,OUT,0,,03/13/2017,KENTUCKY,10,,,
July Horses of Racing Age (2020),2020-07-13,95,B,SAY HEY (FR),F,PIVOTAL (GB),ZYNAH (IRE),OASIS DREAM (GB),BLUEWATER SALES LLC AGENT I,OUT,0,,02/28/2016,FR,8,,,
July Horses of Racing Age (2020),2020-07-13,96,CH,SCARS ARE COOL,C,MALIBU MOON,READY SIGNAL,MORE THAN READY,CLAIBORNE FARM AGENT,AHMAD ALABDULLATIF,175000,,03/09/2016,FLORIDA,3,,,http://thorostride.com/sales/fasig-tipton-july-hra-2020-hip-96
July Horses of Racing Age (2020),2020-07-13,97,DKB,SCREEN STAR,C,NOT THIS TIME,MOVIE STAR MAGIC,THE CLIFF'S EDGE,WINSTAR RACING AGENT,OUT,0,,04/15/2018,KENTUCKY,9,,,
July Horses of Racing Age (2020),2020-07-13,98,B,SEMIFINAL,G,WAR FRONT,TIFFANY'S HONOUR,STREET CRY (IRE),WINSTAR RACING AGENT,OUT,0,,04/07/2017,KENTUCKY,9,,,
July Horses of Racing Age (2020),2020-07-13,99,B,SHARECROPPER,C,PIONEEROF THE NILE,BLUE VIOLET,CURLIN,SMALL BATCH SALES AGENT FOR SPENDTHRIFT FARM LLC,FERGUS GALVIN AGENT FOR MARC DETAMPEL,55000,Y,02/02/2017,KENTUCKY,4,,,https://youtu.be/vfzNwduqv6o
July Horses of Racing Age (2020),2020-07-13,100,B,SHOW MAID,F,ALGORITHMS,PEBBLE HILL,LEMON DROP KID,LANE'S END AGENT,NOT SOLD,10000,,02/28/2017,KENTUCKY,1,,,
July Horses of Racing Age (2020),2020-07-13,101,DKB,SIGNIFY,F,SPEIGHTSTOWN,PICKAWAY (IRE),PIVOTAL (GB),WINSTAR RACING AGENT,OUT,0,,04/10/2017,KENTUCKY,9,,,
July Horses of Racing Age (2020),2020-07-13,102,B,SKIP THE SMALLTALK,G,JUMP START,CASUAL KISS,DEHERE,BLUEWATER SALES LLC AGENT IV,CHRIS DAVIS AGENT,16000,,04/26/2017,MARYLAND,8,,,
July Horses of Racing Age (2020),2020-07-13,103,CH,SMART RIDE,C,CANDY RIDE (ARG),TEMPERS FLAIR,SMART STRIKE,TAYLOR MADE SALES AGENCY AGENT VI,OUT,0,,05/01/2017,KENTUCKY,2,,,
July Horses of Racing Age (2020),2020-07-13,104,B,SMOOTHOVER,F,MEDAGLIA D'ORO,BLINGISMYTHING,ARCH,DENALI STUD AGENT I,ROCK RIDGE THOROUGHBREDS LLC,90000,,02/04/2017,KENTUCKY,1,,,https://youtu.be/xG5jiVFFTS0
July Horses of Racing Age (2020),2020-07-13,105,CH,SOMETHING SUPER,C,SUPER SAVER,SOMETHINABOUTBETTY,FORESTRY,FOUR STAR SALES AGENT,OUT,0,,02/28/2017,KENTUCKY,4,,,
July Horses of Racing Age (2020),2020-07-13,106,DKB,SONG RIVER,F,LIAM'S MAP,HARLAN'S HONOR,HARLAN'S HOLIDAY,TAYLOR MADE SALES AGENCY AGENT VI,CORSER THOROUGHBREDS LLC,90000,,02/21/2017,FLORIDA,2,,,https://youtu.be/b7r7R_7FoTM
July Horses of Racing Age (2020),2020-07-13,107,B,SOUTH BEND,C,ALGORITHMS,SANDRA'S ROSE,OLD TRIESTE,CLAIBORNE FARM AGENT,OUT,0,,02/12/2017,KENTUCKY,3,,,
July Horses of Racing Age (2020),2020-07-13,108,B,SPICE ROAD,G,STREET SENSE,KINDA SPICY,A.P. INDY,BROOKDALE SALES AGENT,JOSEPH KLAUSA,40000,,04/06/2016,KENTUCKY,2,,,
July Horses of Racing Age (2020),2020-07-13,109,DKB,STORM AT SEA,F,MEDAGLIA D'ORO,WINNER,HORSE CHESTNUT (SAF),ROYAL OAK FARM (DAMIAN & BRAXTON LYNCH) AGENT,PHILIP OLIVER,255000,,03/29/2017,KENTUCKY,3,,,
July Horses of Racing Age (2020),2020-07-13,110,DKB,STRIKE APPEAL,C,TONALIST,RATE OF EXCHANGE,EXCHANGE RATE,DENALI STUD AGENT II,ME II RACING,33000,,02/25/2017,KENTUCKY,1,,,https://youtu.be/o42blIK5itI
July Horses of Racing Age (2020),2020-07-13,111,B,STRUGAR,G,HARD SPUN,AZORINA,EMPIRE MAKER,JAMES B. KEOGH (GROVENDALE) AGENT II,ERIC REED,16000,,04/09/2016,KENTUCKY,9,,,
July Horses of Racing Age (2020),2020-07-13,112,B,STYLISH ASH,F,MALIBU MOON,STYLISH D'ORO,MEDAGLIA D'ORO,HUNTER VALLEY FARM AGENT,ERIC REED,12000,,01/08/2016,KENTUCKY,4,,,https://vimeo.com/user119459938/review/437644422/3b420d539b
July Horses of Racing Age (2020),2020-07-13,113,DKB,SUPER CUTE,F,TEMPLE CITY,PEACH BREW,MILWAUKEE BREW,ELITE AGENT,OUT,0,,04/18/2017,KENTUCKY,10,,,
July Horses of Racing Age (2020),2020-07-13,114,B,SWIM,G,ENGLISH CHANNEL,NASHINDY,A.P. INDY,MILL RIDGE SALES AGENT,NOT SOLD,10000,,04/08/2017,KENTUCKY,3,,,https://youtu.be/411CwHSbXRU
July Horses of Racing Age (2020),2020-07-13,115,B,TABLED,G,SUPER SAVER,SKYLIGHTER,SKY MESA,BROOKDALE SALES AGENT,OUT,0,,02/18/2017,KENTUCKY,2,,,
July Horses of Racing Age (2020),2020-07-13,116,B,TAOS,G,TAPIT,GOLDEN VELVET,SEEKING THE GOLD,BROOKDALE SALES AGENT,JOSEPH KLAUSA,53000,,03/18/2016,KENTUCKY,2,,,
July Horses of Racing Age (2020),2020-07-13,117,CH,TAPAGE,G,TAPIT,HYSTERICALADY,DISTORTED HUMOR,BROOKDALE SALES AGENT,TWO HEARTS FARM II LLC,22000,,04/25/2017,KENTUCKY,2,,,
July Horses of Racing Age (2020),2020-07-13,118,B,THOMASVILLE,F,STREET SENSE,WILDLIFE FESTIVAL,SEEKING THE GOLD,LANE'S END AGENT,BO BROMAGEN AGENT,30000,,01/31/2017,KENTUCKY,1,,,
July Horses of Racing Age (2020),2020-07-13,119,GRR,TILTINGATWINDMILLS,F,KITTEN'S JOY,SILVER HOLIDAY,PURIM,ELITE AGENT,OUT,0,,04/11/2016,ONTARIO,10,,,
July Horses of Racing Age (2020),2020-07-13,120,B,TOLEDO,C,INTO MISCHIEF,ENDLESS CHAT,BERNARDINI,TAYLOR MADE SALES AGENCY AGENT FOR JUDDMONTE FARMS INC.,BRUNO DEBERDT,275000,,02/16/2017,KENTUCKY,2,,,https://www.youtube.com/watch?v=f-YUp6z2FvQ&list=PLy-GWw7H1AKE-9GIRKn317CtjlC91ArXV&index=4&t=0s
July Horses of Racing Age (2020),2020-07-13,121,CH,TOMATO BILL,C,MORE THAN READY,ALLEZ MARIE,UNBRIDLED'S SONG,FOUR STAR SALES AGENT,OUT,0,,03/11/2017,KENTUCKY,4,,,
July Horses of Racing Age (2020),2020-07-13,122,B,TOPAZ BRIDE,F,TIZNOW,RAESUNBRIDLEDFAITH,AFTER MARKET,FOUR STAR SALES AGENT,OUT,0,,03/06/2017,NEW YORK,4,,,
July Horses of Racing Age (2020),2020-07-13,123,B,TURN OF EVENTS,C,HARD SPUN,SRIKINGLYBEAUTIFUL,SMART STRIKE,BLUEWATER SALES LLC AGENT III,OUT,0,,03/01/2017,KENTUCKY,8,,,
July Horses of Racing Age (2020),2020-07-13,124,CH,UNILATERAL,C,CURLIN,MEKONG DELTA,STORMY ATLANTIC,TAYLOR MADE SALES AGENCY AGENT VII,OUT,0,,01/10/2016,ONTARIO,2,,,
July Horses of Racing Age (2020),2020-07-13,125,DKB,VINTAGE READY,F,MORE THAN READY,DUFF ONE,HARLAN'S HOLIDAY,JAMES B. KEOGH (GROVENDALE) AGENT FOR STONESTREET STABLES LLC,JERRY JAMGOTCHIAN,17000,,03/04/2017,KENTUCKY,9,,,
July Horses of Racing Age (2020),2020-07-13,126,B,WEAPON,C,DIALED IN,FACTFULL,THE FACTOR,TAYLOR MADE SALES AGENCY AGENT VIII,NOT SOLD,10000,,04/04/2018,KENTUCKY,2,,,https://www.youtube.com/watch?v=ZJFMi4GnVi8&list=PLy-GWw7H1AKE-9GIRKn317CtjlC91ArXV&index=5&t=0s
July Horses of Racing Age (2020),2020-07-13,127,B,WHISKY MAN,C,INTO MISCHIEF,IT'S TRUE LOVE,YES IT'S TRUE,GAINESWAY AGENT X,BIG PLAINS CONSULTING LLC,30000,,05/14/2017,KENTUCKY,6,,,https://vimeo.com/437487468
July Horses of Racing Age (2020),2020-07-13,128,GRR,WIN D'ORO,C,MEDAGLIA D'ORO,TAMBOZ,TAPIT,TAYLOR MADE SALES AGENCY AGENT VI,TMC,40000,,04/15/2017,KENTUCKY,2,,,https://youtu.be/N2urXlIikvc
July Horses of Racing Age (2020),2020-07-13,129,DKB,WINDSOR COURT,C,CITY ZIP,PRETTYATTHETABLE,POINT GIVEN,DENALI STUD AGENT II,NOT SOLD,10000,,02/19/2017,FLORIDA,1,,,
July Horses of Racing Age (2020),2020-07-13,130,CH,WINTER WOLF,G,WILL TAKE CHARGE,WINTER BOOK,ANY GIVEN SATURDAY,FOUR STAR SALES AGENT,OUT,0,,01/21/2016,KENTUCKY,4,,,
July Horses of Racing Age (2020),2020-07-13,131,B,AIR FORCE JET (GB),C,CHARM SPIRIT (IRE),WIND FIRE,DISTORTED HUMOR,HUNTER VALLEY FARM AGENT,BRENDAN WALSH,20000,,02/25/2017,GB,4,,,https://vimeo.com/437653257
July Horses of Racing Age (2020),2020-07-13,132,B,C C MY SIS,F,TIZNOW,PULPIT ANGEL,PULPIT,VINERY SALES AGENT II,OUT,0,,01/22/2016,KENTUCKY,9,,,
July Horses of Racing Age (2020),2020-07-13,133,DKB,LOVING MOMENT,M,UNCLE MO,RICH LOVE,NOT FOR LOVE,VINERY SALES AGENT II,OUT,0,,02/20/2015,KENTUCKY,9,,,
July Horses of Racing Age (2020),2020-07-13,134,B,COMPLICIT,M,BLAME,LADY SOLVIG,GIANT'S CAUSEWAY,VINERY SALES AGENT II,NOT SOLD,80000,,04/18/2014,KENTUCKY,9,,,
July Horses of Racing Age (2020),2020-07-13,135,DKB,ITSALLABOUTMEMEME,F,ATREIDES,FINE TIME TO LEAVE,EVEN THE SCORE,VINERY SALES AGENT II,NOT SOLD,20000,,03/26/2016,KENTUCKY,9,,,
July Horses of Racing Age (2020),2020-07-13,136,B,INAWEOFNOONEATALL,F,LEMON DROP KID,AWE THAT,BOUNDARY,VINERY SALES AGENT II,NOT SOLD,70000,,03/09/2017,KENTUCKY,9,,,
July Horses of Racing Age (2020),2020-07-13,137,GRR,LOUNGE ACT,M,CREATIVE CAUSE,HALLELUJAH TRAIL,GILDED TIME,VINERY SALES AGENT II,BOARDSHORTS STABLES LLC,60000,,05/08/2015,KENTUCKY,9,,,
July Horses of Racing Age (2020),2020-07-13,138,DKB,SHANGHAI RAIN,F,SHANGHAI BOBBY,THUNDER SHOWER,TIZNOW,VINERY SALES AGENT II,OUT,0,,05/28/2016,KENTUCKY,9,,,
July Horses of Racing Age (2020),2020-07-13,139,CH,SHESGONEMOVEON,C,UNION RAGS,HAPPILY EVER,SMART STRIKE,VINERY SALES AGENT II,OUT,0,,05/15/2017,KENTUCKY,9,,,
July Horses of Racing Age (2020),2020-07-13,140,B,NOMIRACLESNEEDED,F,UNION RAGS,MIRACLE RUN,STREET CRY (IRE),VINERY SALES AGENT II,NOT SOLD,30000,,02/05/2017,KENTUCKY,9,,,
July Horses of Racing Age (2020),2020-07-13,141,CH,GO UNCLE BOB,G,BELLAMY ROAD,GREAT DESIGN,STORM CAT,VINERY SALES AGENT II,STONELEA STABLES,30000,Y,03/31/2016,KENTUCKY,9,,,
July Horses of Racing Age (2020),2020-07-13,142,DKB,DEEP SPACE,F,CURLIN,PURPLE CAT,BLUEGRASS CAT,VINERY SALES AGENT II,OUT,0,,02/20/2016,NEW YORK,9,,,
July Horses of Racing Age (2020),2020-07-13,143,DKB,MERADA,F,SPEIGHTSTOWN,LADY CLARA,HARD SPUN,VINERY SALES AGENT II,OUT,0,,02/26/2016,FLORIDA,9,,,
July Horses of Racing Age (2020),2020-07-13,144,B,READY TO PLAY,F,FAST ANNA,CAVETTO (GB),OASIS DREAM (GB),FOUR STAR SALES AGENT,NOT SOLD,10000,,03/18/2017,KENTUCKY,4,,,https://vimeo.com/437410113/6227babbe9
July Horses of Racing Age (2020),2020-07-13,145,B,BRAZEN,C,GHOSTZAPPER,BEWARE OF THE BOP,BOP,ELITE AGENT,OUT,0,,05/04/2017,KENTUCKY,10,,,
July Horses of Racing Age (2020),2020-07-13,146,DKB,ETELKA,F,BODEMEISTER,ST PANCRAS,SCAT DADDY,SHADY LANE RACING AGENT,NOT SOLD,10000,,04/28/2017,KENTUCKY,8,,,
July Horses of Racing Age (2020),2020-07-13,147,B,NAVY ARMED GUARD,G,MIDSHIPMAN,BLACK JAVA,PINE BLUFF,SHADY LANE RACING AGENT,BOARDSHORTS STABLES LLC,60000,,04/30/2015,KENTUCKY,8,,,
July Horses of Racing Age (2020),2020-07-13,148,B,OVERDRESSED,F,OVERANALYZE,SIZZLE DRESS,HENRYTHENAVIGATOR,SHADY LANE RACING AGENT,THREE DIAMONDS FARM,22000,,03/20/2018,KENTUCKY,8,,,
July Horses of Racing Age (2020),2020-07-13,149,CH,STELLAR GRACE,F,VERRAZANO,STAR KEEPER,CAPE BLANCO (IRE),SHADY LANE RACING AGENT,NOT SOLD,170000,,04/11/2018,KENTUCKY,8,,,
July Horses of Racing Age (2020),2020-07-13,150,DKB,JUSTTEQUILATALKIN,F,VIOLENCE,ANDRI,A. P. WARRIOR,TAYLOR MADE SALES AGENCY AGENT XII,NOT SOLD,70000,,04/20/2018,KENTUCKY,2,,,https://www.youtube.com/watch?v=ywCaGzjKvZs&list=PLy-GWw7H1AKE-9GIRKn317CtjlC91ArXV&index=6&t=0s
July Horses of Racing Age (2020),2020-07-13,151,DKB,I'MTHEKATSMEOW,F,DISCREET CAT,LITTLE VENICE,SEATTLE SLEW,TAYLOR MADE SALES AGENCY AGENT XIII,NOT SOLD,25000,,03/03/2016,KENTUCKY,2,,,https://www.youtube.com/watch?v=gchIK0zVTsk&list=PLy-GWw7H1AKE-9GIRKn317CtjlC91ArXV&index=6
July Horses of Racing Age (2020),2020-07-13,152,DKB,QUEEN OF GOD,F,PAYNTER,CHAPALA,MEADOWLAKE,WINSTAR RACING AGENT,NOT SOLD,240000,,03/25/2017,KENTUCKY,9,,,
July Horses of Racing Age (2020),2020-07-13,153,DKB,JACCAT,M,MIDNIGHT LUTE,NYMPHETTE,DEVIL'S BAG,JANAVAR THOROUGHBREDS LLC,OUT,0,,03/31/2014,KENTUCKY,5,,,
July Horses of Racing Age (2020),2020-07-13,154,B,TRUE VALOUR (IRE),H,KODIAC (GB),SUTTON VENY (IRE),ACCLAMATION (GB),HUNTER VALLEY FARM AGENT,R LARRY JOHNSON,225000,,04/20/2014,IRE,4,,,https://vimeo.com/437644574
July Horses of Racing Age (2020),2020-07-13,155,B,SIEMPRE MI AMOR,F,UNCLE MO,KISS THE LADY,QUIET AMERICAN,TAYLOR MADE SALES AGENCY AGENT FOR TOWN & COUNTRY RACING LLC,EMERALD EDGE STUD AGENT,11000,,04/05/2017,KENTUCKY,2,,,https://www.youtube.com/watch?v=qkeTH-QwvPo&list=PLy-GWw7H1AKE-9GIRKn317CtjlC91ArXV&index=8&t=0s
July Horses of Racing Age (2020),2020-07-13,156,CH,CASSEY'S GIRL,F,TALE OF THE CAT,CASTLEBROOK,MONTBROOK,TAYLOR MADE SALES AGENCY AGENT FOR TOWN & COUNTRY RACING LLC,RANDEL VALLE,13000,,04/25/2017,KENTUCKY,2,,,https://www.youtube.com/watch?v=7-cyb3Doz4o&list=PLy-GWw7H1AKE-9GIRKn317CtjlC91ArXV&index=9&t=0s
July Horses of Racing Age (2020),2020-07-13,157,B,REIGNING SPIRIT,C,WAR FRONT,UPPERLINE,MARIA'S MON,TAYLOR MADE SALES AGENCY AGENT FOR TOWN & COUNTRY RACING LLC,NOT SOLD,145000,,03/03/2017,KENTUCKY,2,,,https://youtu.be/KBAvyd5zghE
July Horses of Racing Age (2020),2020-07-13,158,B,I AM MAGICAL (GB),F,DECLARATION OF WAR,LADY WINGSHOT (IRE),LAWMAN (FR),HUNTER VALLEY FARM AGENT,OUT,0,,03/15/2016,GB,4,,,https://vimeo.com/437657628
July Horses of Racing Age (2020),2020-07-13,159,GRR,ALMITHMAAR,G,TAPIT,GOTTA HAVE HER,ROYAL ACADEMY,TAYLOR MADE SALES AGENCY AGENT X,OUT,0,,05/05/2015,KENTUCKY,2,,,
July Horses of Racing Age (2020),2020-07-13,160,B,GOLD BUTTON,F,GEMOLOGIST,I BE ME,MINESHAFT,TAYLOR MADE SALES AGENCY AGENT XI,OUT,0,,02/23/2017,KENTUCKY,2,,,
July Horses of Racing Age (2020),2020-07-13,161,B,FUEGO CALIENTE,C,WILL TAKE CHARGE,NOBLE FIRE,HOOK AND LADDER,FOUR STAR SALES AGENT,OUT,0,,02/17/2018,KENTUCKY,4,,,https://vimeo.com/437644032/08df8dfbf7
July Horses of Racing Age (2020),2020-07-13,162,B,SOMBEYAY,C,INTO MISCHIEF,TERODA,LIMEHOUSE,TAYLOR MADE SALES AGENCY AGENT XIV,NOT SOLD,240000,,02/13/2016,KENTUCKY,2,,,https://www.youtube.com/watch?v=qSW_2AF7-Bo&list=PLy-GWw7H1AKE-9GIRKn317CtjlC91ArXV&index=10&t=0s
July Horses of Racing Age (2020),2020-07-13,163,GRR,PASSAGEWAY,C,CAIRO PRINCE,LADY LAPUMA,ELUSIVE QUALITY,WINSTAR RACING AGENT,NOT SOLD,10000,,03/18/2018,KENTUCKY,9,,,
July Horses of Racing Age (2020),2020-07-13,164,B,MOJO MAN,G,STAY THIRSTY,COOKING MAMA,BANDINI,ELITE AGENT,OUT,0,,04/28/2015,KENTUCKY,10,,,
July Horses of Racing Age (2020),2020-07-13,165,B,KISS AND RUN,F,CARPE DIEM,LEMON SPLENDOR,LEMON DROP KID,LANE'S END AGENT,OUT,0,,02/04/2017,NEW YORK,1,,,
July Horses of Racing Age (2020),2020-07-13,166,GRR,COUNTY FINAL,C,OXBOW,TAPAJO,TAPIT,JOHN ENNIS TRAINING AGENT,WEST POINT THOROUGHBREDS L.E.B. AGENT,475000,,02/18/2018,KENTUCKY,5,,,
July Horses of Racing Age (2020),2020-07-13,167,CH,MOONSHINE DREAMER,F,MALIBU MOON,SPEED SEEKER,HEATSEEKER (IRE),SHADY LANE RACING AGENT,TWO HEARTS FARM II LLC,60000,,02/14/2018,KENTUCKY,8,,,
July Horses of Racing Age (2020),2020-07-13,168,GRR,ZYRAMID,C,CITY ZIP,RAVI'S SONG,UNBRIDLED'S SONG,ELITE AGENT,PEWTER STABLE,20000,,03/27/2017,KENTUCKY,10,,,
July Horses of Racing Age (2020),2020-07-13,169,B,PAYNTED,C,PAYNTER,BEAUTIFUL JULIE,TIZNOW,ELITE AGENT,ME II RACING,20000,,03/18/2016,KENTUCKY,10,,,
July Horses of Racing Age (2020),2020-07-13,170,CH,PERLMAN,C,DISTORTED HUMOR,PIANIST,MORE THAN READY,ELITE AGENT,JRM,32000,,04/08/2016,KENTUCKY,10,,,
July Horses of Racing Age (2020),2020-07-13,171,DKB,MONY,C,SCAT DADDY,APRIL TRUE,YES IT'S TRUE,ELITE AGENT,JEFF ENGLER AGENT FOR LEA FARMS LLC,60000,,02/06/2016,FLORIDA,10,,,
July Horses of Racing Age (2020),2020-07-13,172,CH,SALOW,C,DISTORTED HUMOR,EVE GISELLE,FIVE STAR DAY,ELITE AGENT,DONALD STRICKLAND TERRY BRENNAN AGENT,175000,,04/21/2017,KENTUCKY,10,,,
July Horses of Racing Age (2020),2020-07-13,173,B,SUPER SOL,H,AWESOME AGAIN,KISS THE LADY,QUIET AMERICAN,ELITE AGENT,JOHN WILKINS/TEED OFF STABLES,30000,,03/25/2015,KENTUCKY,10,,,
July Horses of Racing Age (2020),2020-07-13,174,GRR,BAYTOWN BEAR,G,UPSTART,AND YOU CAN,ISTAN,BALLYSAX BLOODSTOCK AGENT I,OUT,0,,02/08/2018,KENTUCKY,7,,,
July Horses of Racing Age (2020),2020-07-13,175,GRR,FADED MEMORIES,F,LIAM'S MAP,SUAVE VOIR FAIRE,SUAVE,BALLYSAX BLOODSTOCK AGENT II,OUT,0,,03/09/2018,KENTUCKY,7,,,
July Horses of Racing Age (2020),2020-07-13,176,DKB,PRODIGY DOLL,F,SHANGHAI BOBBY,HI LILI,SILVER DEPUTY,BALLYSAX BLOODSTOCK AGENT II,NOT SOLD,40000,,03/28/2018,KENTUCKY,7,,,
July Horses of Racing Age (2020),2020-07-13,177,DKB,THE BLACK ALBUM (FR),C,WOOTTON BASSETT (GB),MODEL BLACK (IRE),TRADE FAIR (GB),BLUEWATER SALES LLC AGENT VII,NOT SOLD,240000,,03/14/2016,FR,8,,,http://thorostride.com/sales/fasig-tipton-july-hra-2020-hip-177
July Horses of Racing Age (2020),2020-07-13,178,CH,NEVERSAYNOLETSGO,F,INCLUDE,QUEENSGUARD,HENRYTHENAVIGATOR,VINERY SALES AGENT II,NOT SOLD,30000,,04/12/2017,KENTUCKY,9,,,
July Horses of Racing Age (2020),2020-07-13,179,DKB,GOTTAGOTOGETMYDO,F,ATREIDES,MILDRED,HARD SPUN,VINERY SALES AGENT II,NOT SOLD,25000,,05/10/2017,KENTUCKY,9,,,
July Horses of Racing Age (2020),2020-07-13,180,B,DOUBLY BLESSED,G,EMPIRE MAKER,VIA VILLAGGIO,BERNARDINI,ELITE AGENT,THREE DIAMONDS FARM,45000,,03/04/2017,KENTUCKY,10,,,
July Horses of Racing Age (2020),2020-07-13,181,DKB,ON BASE,C,EMPIRE MAKER,BURREN TRAIL (IRE),SHAMARDAL,ELITE AGENT,BIG PLAINS CONSULTING LLC,23000,,02/09/2017,KENTUCKY,10,,,
July Horses of Racing Age (2020),2020-07-13,182,GRR,LIAM'S PRIDE,C,LIAM'S MAP,INDIAN SNOW,A.P. INDY,ELITE AGENT,NOT SOLD,340000,,03/02/2017,KENTUCKY,10,,,
