SALE TITLE,SESSION,HIP,COLOR,NAME,SEX,SIRE,DAM,SIRE OF DAM,PROPERTY LINE,PURCHASER,PRICE,PRIVATE SALE,YEAR OF BIRTH,FOALED,BARN,COVERING SIRE,COVER DATE,CONSIGNOR NAME,SOLD AS DESCRIPTION,VIRTUAL INSPECTION
Midlantic December Mixed (2011),2011-12-05,1,B,ELLENA,M,END SWEEP,GO AGAIN GIRL,BROAD BRUSH,LEGACY BLOODSTOCK AGENT,KENNETH G GROFF,1500,,2000-03-24,KENTUCKY,I,E DUBAI,2011-05-06,LEGACY BLOODSTOCK AGENT,,
Midlantic December Mixed (2011),2011-12-05,2,DKB,EXTRA APPEAL,M,SUCCESSFUL APPEAL,SONDAY EXTRA,RAISE A MAN,BILL REIGHTLER AGENT,NOT SOLD,1000,,2003-02-23,FLORIDA,C-D,STREET MAGICIAN,2011-04-26,BILL REIGHTLER AGENT,,
Midlantic December Mixed (2011),2011-12-05,3,B,EXTRA IMPACT,M,HONOUR AND GLORY,YOURE SPEEDING LUV,A.P. INDY,RHAPSODY FARM LLC/HIDDEN LAKE FARM LLC AGENTS,OUT,0,,2003-03-14,NEW YORK,J-K,FREUD,2011-04-01,RHAPSODY FARM LLC/HIDDEN LAKE FARM LLC AGENTS,,
Midlantic December Mixed (2011),2011-12-05,4,DKB,FALL COLLECTION,M,GRAND SLAM,HANNABARBERA (FR),DARSHAAN (GB),CHARLTON (MR. & MRS. RICK ABBOTT) AGENT,NOT SOLD,1000,,2005-04-19,VIRGINIA,J-K,GRAND RESERVE,2011-06-10,CHARLTON (MR. & MRS. RICK ABBOTT) AGENT,,
Midlantic December Mixed (2011),2011-12-05,5,B,FEELIN ABIT FRISKY,M,POSSE,PRIME ADVANTAGE,TACTICAL ADVANTAGE,BILL REIGHTLER AGENT,MCMAHON & HILL BLOODSTOCK AGT,6300,,2008-05-19,KENTUCKY,C-D,STREET MAGICIAN,2011-04-10,BILL REIGHTLER AGENT,,
Midlantic December Mixed (2011),2011-12-05,6,B,FLIGHT NAVIGATOR,M,BOUNDARY,ONE FOREST,GREEN FOREST,MCMAHON OF SARATOGA THOROUGHBREDS LLC AGENT,NOT SOLD,1000,,2004-05-18,KENTUCKY,L,UTOPIA (JPN),2011-05-21,MCMAHON OF SARATOGA THOROUGHBREDS LLC AGENT,,
Midlantic December Mixed (2011),2011-12-05,7,B,FOLLOW YOUR BLISS,M,THUNDER GULCH,FOLLOW THE MONEY,PINE BLUFF,MARSHALL W. SILVERMAN AGENT,OUT,0,,2002-05-23,KENTUCKY,I-J,LION HEARTED,2011-04-11,MARSHALL W. SILVERMAN AGENT,,
Midlantic December Mixed (2011),2011-12-05,8,DKB,FOND MOMENT,M,OUR EMBLEM,KAREN S.,KRIS S.,BECKY MERKEL AGENT,PINEY RUN STABLES,12000,,2004-04-10,KENTUCKY,B,MASS MEDIA,2011-02-21,BECKY MERKEL AGENT,,
Midlantic December Mixed (2011),2011-12-05,9,B,FRECCIA,M,CRYPTOCLEARANCE,JADE BRACELET,JADE HUNTER,SALLY THOMAS AGENT,STEVE WILLIAMS,1000,,1999-03-31,KENTUCKY,I,PURIM,2011-04-26,SALLY THOMAS AGENT,,
Midlantic December Mixed (2011),2011-12-05,10,B,GAELIC BAY,M,HAY HALO,SHAKEN BAY,L'ENJOLEUR,JOE-DAN FARM,MARK WEDIG,1200,,1996-04-23,NEW JERSEY,C,HEY CHUB,2011-06-19,JOE-DAN FARM,,
Midlantic December Mixed (2011),2011-12-05,11,DKB,GO JUMP,M,SALT LAKE,TWO PUNCH CHRISTY,TWO PUNCH,SALLY THOMAS AGENT,OUT,0,,2004-03-09,MARYLAND,I,,,SALLY THOMAS AGENT,,
Midlantic December Mixed (2011),2011-12-05,12,CH,GOOD LISTENER,M,HONOR GRADES,VICTORIOUS GIRL,RAISE A MAN,RHAPSODY FARM LLC/HIDDEN LAKE FARM LLC AGENTS,NOT SOLD,1000,,2001-04-10,KENTUCKY,J-K,UTOPIA (JPN),2011-04-29,RHAPSODY FARM LLC/HIDDEN LAKE FARM LLC AGENTS,,
Midlantic December Mixed (2011),2011-12-05,13,B,GOODNESS GREATNESS,M,ALBERT THE GREAT,HOW 'BOUT CHRIS,UNBRIDLED,BILL REIGHTLER AGENT,DENNIS L BYBEE,2500,Y,2005-03-18,MARYLAND,C-D,CHEROKEE'S BOY,2011-03-09,BILL REIGHTLER AGENT,,
Midlantic December Mixed (2011),2011-12-05,14,DKB,GRAND IDEA,M,CATIENUS,VIRGINIA DEBUTANTE,ROANOKE,LEGACY BLOODSTOCK AGENT,OUT,0,,2003-03-18,KENTUCKY,I,JUMP START,2011-02-22,LEGACY BLOODSTOCK AGENT,,
Midlantic December Mixed (2011),2011-12-05,15,CH,GREELEY'S STARRE,M,MR. GREELEY,ASCOT STARRE,ASCOT KNIGHT,RHAPSODY FARM LLC/HIDDEN LAKE FARM LLC AGENTS,NOT SOLD,1000,,2003-03-09,KENTUCKY,J-K,NOONMARK,2011-06-07,RHAPSODY FARM LLC/HIDDEN LAKE FARM LLC AGENTS,,
Midlantic December Mixed (2011),2011-12-05,16,B,HARBORSIDE,M,STORMY ATLANTIC,HANNABARBERA (FR),DARSHAAN (GB),CHARLTON (MR. & MRS. RICK ABBOTT) AGENT,NOT SOLD,1000,,2007-04-07,KENTUCKY,J-K,GRAND RESERVE,2011-07-03,CHARLTON (MR. & MRS. RICK ABBOTT) AGENT,,
Midlantic December Mixed (2011),2011-12-05,17,DKB,HARMONIC MISS,M,SUBORDINATION,ORCHESTRA,PROPER REALITY,BECKY MERKEL AGENT,TOM COULTER,4000,,2002-03-31,KENTUCKY,B,DENIS OF CORK,2011-04-23,BECKY MERKEL AGENT,,
Midlantic December Mixed (2011),2011-12-05,18,CH,HUGGABLE,M,GOLDEN MISSILE,ELISE',DISTINCTIVE PRO,HARRY L. LANDRY BLOODSTOCK LLC AGENT,RENE K MOORE,1000,,2006-02-23,NEW YORK,J,,,HARRY L. LANDRY BLOODSTOCK LLC AGENT,,
Midlantic December Mixed (2011),2011-12-05,19,GRR,ICE'EM,M,TWO PUNCH,CAPP ICE,ICECAPADE,TAKARO FARM,BILL W BENSON DVM,2200,,2001-03-15,MARYLAND,C,FAIRBANKS,2011-04-13,TAKARO FARM,,
Midlantic December Mixed (2011),2011-12-05,20,B,ICY TRICK,M,CLEVER TRICK,JUST LIKE KATIE,BOONE'S MILL,BILL REIGHTLER AGENT,NOT SOLD,1000,,2004-04-21,KENTUCKY,C-D,STREET MAGICIAN,2011-06-05,BILL REIGHTLER AGENT,,
Midlantic December Mixed (2011),2011-12-05,21,B,I'M A LITTLE BUSY,M,POLISH NUMBERS,RARE FLIGHT,RARE PERFORMER,BILL REIGHTLER AGENT FOR DESTINAIRE FARM (EDWARD A. GAMBLE),JODIE POINTER,1000,,1998-05-20,KENTUCKY,C-D,DANCE WITH RAVENS,2011-04-09,BILL REIGHTLER AGENT FOR DESTINAIRE FARM (EDWARD A. GAMBLE),,
Midlantic December Mixed (2011),2011-12-05,22,B,INDIAN LADY,F,INDIAN CHARLIE,LADY PRANTLACK,ROYAL ACADEMY,CHARLTON (MR. & MRS. RICK ABBOTT) AGENT,NOT SOLD,11000,,2007-03-12,NEW YORK,J-K,,,CHARLTON (MR. & MRS. RICK ABBOTT) AGENT,,
Midlantic December Mixed (2011),2011-12-05,23,B,ISLAND SAGA,M,SOUTHERN HALO,CHANNEL ISLAND,PERSONAL HOPE,BECKY MERKEL AGENT,CARLOS S E MOORE AGENT,1000,,2001-04-01,KENTUCKY,B,TALENT SEARCH,2011-05-11,BECKY MERKEL AGENT,,
Midlantic December Mixed (2011),2011-12-05,24,CH,JAZZY J J,M,JAMBALAYA JAZZ,ROSE ROUGE,STAR DE NASKRA,SALLY THOMAS AGENT,ROBERT H ZOELLNER,1000,Y,2002-03-11,MARYLAND,I,TEMPLE CITY,2011-04-01,SALLY THOMAS AGENT,,
Midlantic December Mixed (2011),2011-12-05,25,DKB,JU JU BEAN,M,SIPHON (BRZ),LARK IN THE MEADOW,GREINTON (GB),MARSHALL W. SILVERMAN AGENT,NOT SOLD,1000,,2001-04-12,KENTUCKY,I-J,DURING,2011-06-16,MARSHALL W. SILVERMAN AGENT,,
Midlantic December Mixed (2011),2011-12-05,26,CH,KENNEDY'S GIRL,M,MIDDLESEX DRIVE,TWIN LIGHTS,HOLY BULL,LEGACY BLOODSTOCK AGENT,NOT SOLD,1000,,2006-02-26,PENNSYLVANIA,I,GRAND REWARD,2011-03-12,LEGACY BLOODSTOCK AGENT,,
Midlantic December Mixed (2011),2011-12-05,27,GRR,KNOCK OUT QUEEN,M,TWO PUNCH,SHIFRA,POLISH NUMBERS,BECKY DAVIS INC. AGENT,HAROLD L SHOTWELL,8000,,2005-03-12,MARYLAND,A-B,DEPUTY STORM,2011-03-04,BECKY DAVIS INC. AGENT,,
Midlantic December Mixed (2011),2011-12-05,28,B,LADY BULLET,M,RED BULLET,RED'S LADY,THE WICKED NORTH,BILL REIGHTLER AGENT,NOT SOLD,1000,,2004-05-14,KENTUCKY,C-D,STREET MAGICIAN,2011-06-09,BILL REIGHTLER AGENT,,
Midlantic December Mixed (2011),2011-12-05,29,B,LADY JULIA,M,TABASCO CAT,BEDGAY'S LADY,LORD GAYLORD,MARSHALL W. SILVERMAN AGENT,EMMA JANE LACKEY,5200,,2000-02-09,KENTUCKY,I-J,E DUBAI,2011-05-26,MARSHALL W. SILVERMAN AGENT,,
Midlantic December Mixed (2011),2011-12-05,30,CH,LADY MARION,M,FORESTRY,HIGH LADY,LORD AVIE,CHARLTON (MR. & MRS. RICK ABBOTT) AGENT,A BRICE RIDGELY,1200,,2005-02-07,KENTUCKY,J-K,JUMP START,2011-06-14,CHARLTON (MR. & MRS. RICK ABBOTT) AGENT,,
Midlantic December Mixed (2011),2011-12-05,31,B,LA MENINA,M,EL PRADO (IRE),CAMELLA,HOUSEBUSTER,CHARLTON (MR. & MRS. RICK ABBOTT) AGENT,CLAIBORNE FARM,40000,,2005-03-09,KENTUCKY,J-K,AFLEET ALEX,2011-04-21,CHARLTON (MR. & MRS. RICK ABBOTT) AGENT,,
Midlantic December Mixed (2011),2011-12-05,32,B,LEAR SKYWALKER,M,LEAR FAN,JERRE JO GLANVILLE,SKYWALKER,LITZ BLOODSTOCK SERVICES AGENT,NOT SOLD,1000,,1998-04-02,KENTUCKY,J,SCIPION,2011-04-03,LITZ BLOODSTOCK SERVICES AGENT,,
Midlantic December Mixed (2011),2011-12-05,33,B,LEAVES OF AUTUMN,M,EXPELLED,GOLD OF AUTUMN,SLEW O' GOLD,SALLY THOMAS AGENT FOR BRUCE SMART (TRAPPE HILL FARM),MTBS,10000,Y,2003-03-05,MARYLAND,I,NOT FOR LOVE,2011-03-21,SALLY THOMAS AGENT FOR BRUCE SMART (TRAPPE HILL FARM),,
Midlantic December Mixed (2011),2011-12-05,34,DKB,LESLIEMARI,M,DISTORTED HUMOR,SCOUTINGAROUND,DEPUTY MINISTER,RHAPSODY FARM LLC/HIDDEN LAKE FARM LLC AGENTS,JAMES W CASEY,2200,,2005-03-16,KENTUCKY,J-K,NOONMARK,2011-06-08,RHAPSODY FARM LLC/HIDDEN LAKE FARM LLC AGENTS,,
Midlantic December Mixed (2011),2011-12-05,35,CH,LIVELY GAL,M,HIGH YIELD,OUR GAL,A.P. INDY,BUCKSTUD,NOT SOLD,1000,,2003-04-10,KENTUCKY,A,GHOSTLY MINISTER,2011-05-05,BUCKSTUD,,
Midlantic December Mixed (2011),2011-12-05,36,B,LOYAL FAN,M,LEAR FAN,TROP SPECIAL,NUREYEV,CHANCELAND FARM INC. AGENT FOR SMITTEN FARM,NOT SOLD,9500,,2004-05-30,VIRGINIA,C,MAJESTIC WARRIOR,2011-03-31,CHANCELAND FARM INC. AGENT FOR SMITTEN FARM,,
Midlantic December Mixed (2011),2011-12-05,37,B,LUCKY TURK,M,TURKOMAN,READY FOR LUCK,RUN OF LUCK,BECKY MERKEL AGENT,STEPHEN GLESSNER & D TULLNER,1300,,2000-03-28,CALIFORNIA,B,JUMP START,2011-03-02,BECKY MERKEL AGENT,,
Midlantic December Mixed (2011),2011-12-05,38,B,MAGICAL POINT,F,POINT GIVEN,MAGICAL BROAD,BROAD BRUSH,BILL REIGHTLER AGENT,D DAVID MOOSE,10000,,2008-01-31,MARYLAND,C-D,,,BILL REIGHTLER AGENT,,
Midlantic December Mixed (2011),2011-12-05,39,GRR,MIA SPOSA,M,RUNAWAY GROOM,SISTER DIANE,GIANT'S CAUSEWAY,CHARLTON (MR. & MRS. RICK ABBOTT) AGENT,STEVE WILLIAMS,1000,,1995-04-26,KENTUCKY,J-K,DAAHER,2011-04-30,CHARLTON (MR. & MRS. RICK ABBOTT) AGENT,,
Midlantic December Mixed (2011),2011-12-05,41,CH,MILLASHAND,M,REGAL INTENTION,SOILED DOVE,BOLD RUCKUS,MARSHALL W. SILVERMAN AGENT FOR THE ESTATE OF CARY W. JACKSON,OUT,0,,1996-05-03,ONTARIO,I-J,,,MARSHALL W. SILVERMAN AGENT FOR THE ESTATE OF CARY W. JACKSON,,
Midlantic December Mixed (2011),2011-12-05,42,B,MISS ATLANTIC,M,STORMY ATLANTIC,GAN'S GIRL,PROSPECTOR'S MUSIC,CHARLTON (MR. & MRS. RICK ABBOTT) AGENT,SCOTT NAYLOR,33000,,2004-04-22,KENTUCKY,J-K,AFLEET ALEX,2011-03-07,CHARLTON (MR. & MRS. RICK ABBOTT) AGENT,,
Midlantic December Mixed (2011),2011-12-05,43,DKB,MISS HADIF,M,HADIF,LITTLE MISS MILLER,SHARPEN UP (GB),BUCKSTUD,ED PRICE,2000,,1998-04-30,TEXAS,A,GHOSTLY MINISTER,2011-04-22,BUCKSTUD,,
Midlantic December Mixed (2011),2011-12-05,44,CH,MUSICALLY,M,LINE IN THE SAND,FRANCIE'S MUSIC,TILT UP,BUCKSTUD,NOT SOLD,1000,,2001-04-08,FLORIDA,A,GHOSTLY MINISTER,2011-04-29,BUCKSTUD,,
Midlantic December Mixed (2011),2011-12-05,45,CH,MYSTERIOUS BANDIT,M,TIME BANDIT,ABOUNDING MYSTERY,LYPHARD'S RIDGE,SALLY THOMAS AGENT,ED PRICE,1200,,2002-03-13,FLORIDA,I,,,SALLY THOMAS AGENT,,
Midlantic December Mixed (2011),2011-12-05,46,CH,NEVERMISTAQUARTER,M,DISTORTED HUMOR,SHARE THE FUN,DEPUTY MINISTER,HARRY L. LANDRY BLOODSTOCK LLC AGENT,CARLOS S E MOORE AGENT,4000,,2004-03-26,KENTUCKY,J,CONGAREE,2011-05-14,HARRY L. LANDRY BLOODSTOCK LLC AGENT,,
Midlantic December Mixed (2011),2011-12-05,47,CH,NIKO'S FIRE,M,HENNESSY,WEBEE,KINGMAMBO,MARES NEST FARM,NOT SOLD,1000,,2006-04-13,KENTUCKY,A,ALBERT THE GREAT,2011-04-04,MARES NEST FARM,,
Midlantic December Mixed (2011),2011-12-05,48,DKB,NO SMALL DREAMS,M,BRAHMS,NO SMALL WONDER,CAPOTE,CHARLTON (MR. & MRS. RICK ABBOTT) AGENT,HAROLD SHOTWELL,1700,,2006-04-06,KENTUCKY,J-K,SMARTY JONES,2011-06-01,CHARLTON (MR. & MRS. RICK ABBOTT) AGENT,,
Midlantic December Mixed (2011),2011-12-05,49,B,OPEN AND SHUT,M,OPEN FORUM,PAT MAGS,HIGHLAND BLADE,LEGACY BLOODSTOCK AGENT,NOT SOLD,1000,,2000-04-05,FLORIDA,I,JUMP START,2011-06-23,LEGACY BLOODSTOCK AGENT,,
Midlantic December Mixed (2011),2011-12-05,50,B,PARADE CHARADE,M,DIXIELAND BAND,FAST TIPPER,EXCELLER,BILL REIGHTLER AGENT FOR BLACK HORSE TAVERN LLC,E J BAISDEN JR,16000,,1998-05-02,MARYLAND,C-D,HOLY BULL,2011-04-01,BILL REIGHTLER AGENT FOR BLACK HORSE TAVERN LLC,,
Midlantic December Mixed (2011),2011-12-05,51,B,PHILLY GOSSIP,M,LION HEART,INSIDE STORY,MOSCOW BALLET,MARSHALL W. SILVERMAN AGENT FOR WINTICKETT FARM LLC,STONEGATE STABLES LLC,1200,,2007-05-11,PENNSYLVANIA,I-J,BANDINI,2011-04-28,MARSHALL W. SILVERMAN AGENT FOR WINTICKETT FARM LLC,,
Midlantic December Mixed (2011),2011-12-05,52,B,PICABO'S CONCHO,M,TRIPPI,PICABO SILVER,GOLD MERIDIAN,MARSHALL W. SILVERMAN AGENT FOR WINTICKETT FARM LLC,BILL W BENSON DVM,4000,,2007-05-10,PENNSYLVANIA,I-J,LOVE OF MONEY,2011-04-24,MARSHALL W. SILVERMAN AGENT FOR WINTICKETT FARM LLC,,
Midlantic December Mixed (2011),2011-12-05,53,B,PIERSIXER,M,SEA WALL,DOUCE DOUCE,BOLD RUCKUS,LITZ BLOODSTOCK SERVICES AGENT,RENE K MOORE,1000,,2000-03-30,FLORIDA,J,SCIPION,2011-03-30,LITZ BLOODSTOCK SERVICES AGENT,,
Midlantic December Mixed (2011),2011-12-05,54,B,PLEASANT PASTURES,M,VALLEY CROSSING,JOY VALENTINE,SHADEED,CHARLTON (MR. & MRS. RICK ABBOTT) AGENT FOR WELCOME HERE FARM,ED PRICE,6000,,1999-05-17,PENNSYLVANIA,J-K,POLLARD'S VISION,2011-03-30,CHARLTON (MR. & MRS. RICK ABBOTT) AGENT FOR WELCOME HERE FARM,,
Midlantic December Mixed (2011),2011-12-05,55,CH,POLYANTHA,M,CHARISMATIC,BLUE SKY PRINCESS,CONQUISTADOR CIELO,MARSHALL W. SILVERMAN AGENT FOR THE ESTATE OF CARY W. JACKSON,CHAD SCHUMER AGENT,1700,,2002-05-01,MARYLAND,I-J,,,MARSHALL W. SILVERMAN AGENT FOR THE ESTATE OF CARY W. JACKSON,,
Midlantic December Mixed (2011),2011-12-05,56,DKB,PRINCESS NYLA,M,LION HEARTED,BOLDLY BRASS,MARINE BRASS,BILL REIGHTLER AGENT,JOE-DAN FARM,5500,,2005-03-06,MARYLAND,C-D,,,BILL REIGHTLER AGENT,,
Midlantic December Mixed (2011),2011-12-05,57,B,PULPIT'S PRIDE,M,PULPIT,UNBRIDLED'S PRIDE,UNBRIDLED,RHAPSODY FARM LLC/HIDDEN LAKE FARM LLC AGENTS,DAVID COTTLE,5000,,2006-05-16,KENTUCKY,J-K,NOONMARK,2011-04-11,RHAPSODY FARM LLC/HIDDEN LAKE FARM LLC AGENTS,,
Midlantic December Mixed (2011),2011-12-05,58,CH,PUNCHY KELL,M,TWO PUNCH,ANOTHER KELL,PARFAITEMENT,LEGACY FARM (R. LARRY JOHNSON) AGENT,HAROLD L SHOTWELL,2200,,2006-04-13,VIRGINIA,A,STREET MAGICIAN,2011-03-10,LEGACY FARM (R. LARRY JOHNSON) AGENT,,
Midlantic December Mixed (2011),2011-12-05,59,B,QUICKQUESTIONFORYA,M,PARTNER'S HERO,KELLY'S QUESTION,MR. GREELEY,LEGACY FARM (R. LARRY JOHNSON) AGENT,NOT SOLD,1500,,2006-02-20,VIRGINIA,A,STREET MAGICIAN,2011-04-12,LEGACY FARM (R. LARRY JOHNSON) AGENT,,
Midlantic December Mixed (2011),2011-12-05,60,CH,READY TO LOVE,M,NOT FOR LOVE,READY,POLISH NUMBERS,MARSHALL W. SILVERMAN AGENT FOR CORBETT FARM,ROGER C MATTEI,5000,,2006-04-05,MARYLAND,I-J,SMARTY JONES,2011-05-30,MARSHALL W. SILVERMAN AGENT FOR CORBETT FARM,,
Midlantic December Mixed (2011),2011-12-05,61,DKB,RESPECTFUL,M,HONOUR AND GLORY,STILL WISHING,CARSON CITY,BECKY DAVIS INC. AGENT,JODIE POINTER,3000,,1999-02-06,KENTUCKY,A-B,FAIRBANKS,2011-05-23,BECKY DAVIS INC. AGENT,,
Midlantic December Mixed (2011),2011-12-05,62,B,RHYTHMICAL,M,BRAHMS,COPPERBAND,SEEKING THE GOLD,CHARLTON (MR. & MRS. RICK ABBOTT) AGENT,HAROLD SHOTWELL,1000,,2007-05-19,KENTUCKY,J-K,GRAND RESERVE,2011-05-30,CHARLTON (MR. & MRS. RICK ABBOTT) AGENT,,
Midlantic December Mixed (2011),2011-12-05,63,GRR,RITUAL DANCE,M,RUNAWAY GROOM,PAGAN DANCE,VALLEY CROSSING,BILL REIGHTLER AGENT WOLVER HILL FARM (MRS. C. OLIVER ISELIN,OUT,0,,2001-03-02,VIRGINIA,C-D,NOT FOR LOVE,2011-05-22,BILL REIGHTLER AGENT WOLVER HILL FARM (MRS. C. OLIVER ISELIN,,
Midlantic December Mixed (2011),2011-12-05,64,DKB,ROCK N REBECCA,M,POINT GIVEN,MERCENARY HAWK,SILVER HAWK,FOGGY BOTTOM FARM,NOT SOLD,4000,,2004-03-08,KENTUCKY,I,NORTHERN SPUR (IRE),2011-03-03,FOGGY BOTTOM FARM,,
Midlantic December Mixed (2011),2011-12-05,65,DKB,ROSHNETI,M,ANET,ROSHNI,PANCHO VILLA,RHAPSODY FARM LLC/HIDDEN LAKE FARM LLC AGENTS,NOT SOLD,1000,,2000-03-03,FLORIDA,J-K,NOONMARK,2011-05-23,RHAPSODY FARM LLC/HIDDEN LAKE FARM LLC AGENTS,,
Midlantic December Mixed (2011),2011-12-05,66,CH,SASSY NUMBER,F,INCLUDE,STAR NUMBER,POLISH NUMBERS,BILL REIGHTLER AGENT,EDMUND T MUDGE IV,12000,,2008-03-30,MARYLAND,C-D,,,BILL REIGHTLER AGENT,,
Midlantic December Mixed (2011),2011-12-05,67,DKB,SCINTILLATING,M,WAR DEPUTY,SINISTRAL,TWO PUNCH,LEGACY BLOODSTOCK AGENT,CAROL MURRAY FOR CLEAR CREEK,4500,,1998-04-25,ONTARIO,I,JUMP START,2011-04-08,LEGACY BLOODSTOCK AGENT,,
Midlantic December Mixed (2011),2011-12-05,68,DKB,SEHRA,M,SILVER HAWK,SHAPIRO'S MISTRESS,UNPREDICTABLE,RHAPSODY FARM LLC/HIDDEN LAKE FARM LLC AGENTS,OUT,0,,1997-01-28,KENTUCKY,J-K,FREUD,2011-05-25,RHAPSODY FARM LLC/HIDDEN LAKE FARM LLC AGENTS,,
Midlantic December Mixed (2011),2011-12-05,69,B,SERENITY JANE,M,AFFIRMED,ILLERIA,STOP THE MUSIC,MARSHALL W. SILVERMAN AGENT,NOT SOLD,19000,,1995-01-30,MARYLAND,I-J,BLUEGRASS CAT,2011-04-15,MARSHALL W. SILVERMAN AGENT,,
Midlantic December Mixed (2011),2011-12-05,70,DKB,SEVENTH VEIL,M,CAPOTE,VIBRANT (GB),MACHIAVELLIAN,SALLY THOMAS AGENT FOR CORDELIA STABLES,GREAT MINDS,10000,,2003-02-20,KENTUCKY,I,TALE OF EKATI,2011-02-27,SALLY THOMAS AGENT FOR CORDELIA STABLES,,
Midlantic December Mixed (2011),2011-12-05,71,DKB,SHAUNNA,M,HOUSEBUSTER,CATY'S QUEST,NORQUESTOR,BILL REIGHTLER AGENT,THOMAS G COULTER,4000,,2006-04-06,VIRGINIA,C-D,LOVE OF MONEY,2011-04-01,BILL REIGHTLER AGENT,,
Midlantic December Mixed (2011),2011-12-05,72,DKB,SHE CAME HOME,M,CAME HOME,SHOW ME THE STAGE,SLEW THE SURGEON,CHARLTON (MR. & MRS. RICK ABBOTT) AGENT,OUT,0,,2004-03-15,KENTUCKY,J-K,JUMP START,2011-03-27,CHARLTON (MR. & MRS. RICK ABBOTT) AGENT,,
Midlantic December Mixed (2011),2011-12-05,73,CH,SHE'S EXCLUSIVE,M,PYRAMID PEAK,EXCLUSIVE BIRD,STORM BIRD,MARATHON FARMS,NOT SOLD,1000,,2001-02-10,KENTUCKY,K,GREEK SUN,2011-05-23,MARATHON FARMS,,
Midlantic December Mixed (2011),2011-12-05,74,DKB,SHE SHINES,M,POLISH NUMBERS,VAGUELY RICH,CAVEAT,MARSHALL W. SILVERMAN AGENT FOR THE ESTATE OF CARY W. JACKSON,MRS FRANK P WRIGHT,2000,,2003-04-05,MARYLAND,I-J,,,MARSHALL W. SILVERMAN AGENT FOR THE ESTATE OF CARY W. JACKSON,,
Midlantic December Mixed (2011),2011-12-05,75,B,SHE'S SO SLY,M,SILVER DEPUTY,ADORABLE LADY,AFFIRMED,RHAPSODY FARM LLC/HIDDEN LAKE FARM LLC AGENTS,VINCENT POTARO,2500,,2007-02-03,KENTUCKY,J-K,MAIMONIDES,2011-03-09,RHAPSODY FARM LLC/HIDDEN LAKE FARM LLC AGENTS,,
Midlantic December Mixed (2011),2011-12-05,76,CH,POLISH PROSPECT,M,POLISH NUMBERS,ALSMAC,ALLEN'S PROSPECT,BECKY MERKEL AGENT,NOT SOLD,1000,,2001-04-22,KENTUCKY,B,WINDSOR CASTLE,2011-05-23,BECKY MERKEL AGENT,,
Midlantic December Mixed (2011),2011-12-05,77,B,SISTER DYER,M,PULPIT,BELTERRA,UNBRIDLED,CHANCELAND FARM INC. AGENT,MORRIS BLOODSTOCK SERVICES AGT,8500,,2006-02-08,KENTUCKY,C,BULLSBAY,2011-05-07,CHANCELAND FARM INC. AGENT,,
Midlantic December Mixed (2011),2011-12-05,78,B,STAR RANSOM,M,RED RANSOM,DEARYOULOVEME,HAWAII,LEGACY BLOODSTOCK AGENT,RICHARD P HESSEE,2000,Y,1994-05-12,KENTUCKY,I,SMARTY JONES,2011-04-24,LEGACY BLOODSTOCK AGENT,,
Midlantic December Mixed (2011),2011-12-05,79,B,STEFANI'S SURPRISE,M,STEPHEN GOT EVEN,HAPPY NUMBERS,POLISH NUMBERS,BECKY MERKEL AGENT,JOHN CASEY,5000,,2007-03-13,KENTUCKY,B,MASS MEDIA,2011-05-15,BECKY MERKEL AGENT,,
Midlantic December Mixed (2011),2011-12-05,80,CH,STERLING VOW,M,BROKEN VOW,SILVER N SATIN,SILVER DEPUTY,BILL REIGHTLER AGENT FOR AT LAST FARM LLC,MCMAHON & HILL BLOODSTOCK LLC,30000,Y,2005-02-16,MARYLAND,C-D,,,BILL REIGHTLER AGENT FOR AT LAST FARM LLC,,
Midlantic December Mixed (2011),2011-12-05,81,CH,STILL,F,SPEIGHTSTOWN,SANDRA'S SONG,A.P. INDY,GREEN WILLOW FARMS AGENT,NOT SOLD,1000,,2008-04-09,MARYLAND,I,,,GREEN WILLOW FARMS AGENT,,
Midlantic December Mixed (2011),2011-12-05,82,DKB,STOP THE WEDDING,F,CONGRATS,WEDDING JITTERS,RUNAWAY GROOM,BECKY MERKEL AGENT,NOT SOLD,1500,,2008-04-07,FLORIDA,B,,,BECKY MERKEL AGENT,,
Midlantic December Mixed (2011),2011-12-05,84,B,STRUCTURED,M,WEST BY WEST,FAN FARE,BELIEVE IT,RHAPSODY FARM LLC/HIDDEN LAKE FARM LLC AGENTS,NOT SOLD,1000,,2000-03-22,KENTUCKY,J-K,NOONMARK,2011-05-21,RHAPSODY FARM LLC/HIDDEN LAKE FARM LLC AGENTS,,
Midlantic December Mixed (2011),2011-12-05,85,DKB,SUPREME DISCOVERY,M,SUPREMO,DISCOVERED SECRET,LOST CODE,HARRY L. LANDRY BLOODSTOCK LLC AGENT,NOT SOLD,1000,,1999-05-12,ARKANSAS,J,BUSTIN STONES,2011-04-23,HARRY L. LANDRY BLOODSTOCK LLC AGENT,,
Midlantic December Mixed (2011),2011-12-05,86,B,SWEEP UP,M,SKIP AWAY,BROAD GAINS,BROAD BRUSH,CHARLTON (MR. & MRS. RICK ABBOTT) AGENT FOR WELCOME HERE FARM,NOT SOLD,2000,,2000-03-16,MARYLAND,J-K,E DUBAI,2011-05-16,CHARLTON (MR. & MRS. RICK ABBOTT) AGENT FOR WELCOME HERE FARM,,
Midlantic December Mixed (2011),2011-12-05,87,DKB,TANTA BERTIE,M,SLEW CITY SLEW,WONDROUS ME,MY DAD GEORGE,JOE-DAN FARM,NOT SOLD,1000,,1997-02-25,KENTUCKY,C,,,JOE-DAN FARM,,
Midlantic December Mixed (2011),2011-12-05,88,B,TARA'S AFFAIR,M,ESSENCE OF DUBAI,TARAHUMARA,BLACK TIE AFFAIR (IRE),CHARLTON (MR. & MRS. RICK ABBOTT) AGENT,JOSEPH BESECKER,3800,,2005-04-25,FLORIDA,J-K,E DUBAI,2011-05-06,CHARLTON (MR. & MRS. RICK ABBOTT) AGENT,,
Midlantic December Mixed (2011),2011-12-05,89,DKB,THREE QUEENS,M,ALLEN'S PROSPECT,DOLLAR POKER,SILVER BUCK,BECKY DAVIS INC. AGENT,NOT SOLD,3200,,2004-03-08,MARYLAND,A-B,FAIRBANKS,2011-05-19,BECKY DAVIS INC. AGENT,,
Midlantic December Mixed (2011),2011-12-05,90,B,TIMBER TROUBLE,M,FOREST DANGER,WINGOVER,RAHY,LEGACY FARM (R. LARRY JOHNSON) AGENT,NOT SOLD,1000,,2007-02-23,FLORIDA,A,STREET MAGICIAN,2011-03-12,LEGACY FARM (R. LARRY JOHNSON) AGENT,,
Midlantic December Mixed (2011),2011-12-05,91,B,TOUT DE SUITE,M,REGAL SANCTION,SWEETGEORGIABROWN,MAZEL TRICK,STERLINGBROOK FARM,NOT SOLD,1000,,2006-03-19,NEW YORK,K,,,STERLINGBROOK FARM,,
Midlantic December Mixed (2011),2011-12-05,92,DKB,TRESPASSING,M,BELONG TO ME,COPPER HORIZON,PLEASANT COLONY,BILL REIGHTLER AGENT FOR LICKITYSPLIT SERVICES,NOT SOLD,1000,,2002-04-17,PENNSYLVANIA,C-D,,,BILL REIGHTLER AGENT FOR LICKITYSPLIT SERVICES,,
Midlantic December Mixed (2011),2011-12-05,93,B,WEE IRISH STAR,M,IRISH RIVER (FR),VALAY MAID,CARNIVALAY,LEGACY BLOODSTOCK AGENT,NOT SOLD,1000,,1999-02-24,MARYLAND,I,JUMP START,2011-06-09,LEGACY BLOODSTOCK AGENT,,
Midlantic December Mixed (2011),2011-12-05,94,DKB,WHAT AM I GONNA DO,M,PARTNER'S HERO,WHAT DO I DO,TWO SMART,LEGACY FARM (R. LARRY JOHNSON) AGENT,NOT SOLD,1000,,2006-03-19,VIRGINIA,A,STREET MAGICIAN,2011-04-29,LEGACY FARM (R. LARRY JOHNSON) AGENT,,
Midlantic December Mixed (2011),2011-12-05,95,CH,WHIPPORWILL CREEK,M,FOREST CAMP,CRYSTAL BULL,HOLY BULL,RHAPSODY FARM LLC/HIDDEN LAKE FARM LLC AGENTS,MICHAEL SPIELMAN,2500,,2005-02-04,KENTUCKY,J-K,NOONMARK,2011-05-22,RHAPSODY FARM LLC/HIDDEN LAKE FARM LLC AGENTS,,
Midlantic December Mixed (2011),2011-12-05,96,CH,WILLA BROKE,M,PEMBROKE,WILLAMAE,TENTAM,HARRY L. LANDRY BLOODSTOCK LLC AGENT,OFF THE HOOK,1500,,2000-03-28,KENTUCKY,J,BUSTIN STONES,2011-05-18,HARRY L. LANDRY BLOODSTOCK LLC AGENT,,
Midlantic December Mixed (2011),2011-12-05,97,GRR,ZADA RAE,M,UNBRIDLED'S SONG,YETTAJET,TRI JET,HIDDEN BROOK AGENT,NOT SOLD,29000,,1999-05-01,KENTUCKY,D-H,FREUD,2011-04-22,HIDDEN BROOK AGENT,,
Midlantic December Mixed (2011),2011-12-05,98,CH,ABODE,F,LIMEHOUSE,NIKITA MOON,SECRET HELLO,GREEN WILLOW FARMS AGENT,MARK WEDIG,1000,,2007-04-05,MARYLAND,I,,,GREEN WILLOW FARMS AGENT,,
Midlantic December Mixed (2011),2011-12-05,99,B,A CHARMING POSE,M,POSSE,SANDHILL CHARM,VANLANDINGHAM,LEGACY FARM (R. LARRY JOHNSON) AGENT,JASON R DAISEY,1000,Y,2008-02-14,ONTARIO,A,STREET MAGICIAN,2011-04-13,LEGACY FARM (R. LARRY JOHNSON) AGENT,,
Midlantic December Mixed (2011),2011-12-05,101,DKB,AD MUSTER,M,DIXIE UNION,I DREAM,WAJIMA,MCMAHON OF SARATOGA THOROUGHBREDS LLC AGENT,RONNEY W BROWN,1000,,2004-02-24,NEW YORK,L,UTOPIA (JPN),2011-05-03,MCMAHON OF SARATOGA THOROUGHBREDS LLC AGENT,,
Midlantic December Mixed (2011),2011-12-05,102,B,BALI PIE,M,CHARISMATIC,DAHONI,SLEWPY,BECKY MERKEL AGENT,RENE K MOORE,1000,,2003-05-05,FLORIDA,B,TALENT SEARCH,2011-05-23,BECKY MERKEL AGENT,,
Midlantic December Mixed (2011),2011-12-05,103,CH,BAROUCHKA,M,NOT FOR LOVE,MILLASHAND,REGAL INTENTION,MARSHALL W. SILVERMAN AGENT FOR THE ESTATE OF CARY W. JACKSON,NOT SOLD,5700,,2006-05-25,MARYLAND,I-J,JUMP START,2011-04-26,MARSHALL W. SILVERMAN AGENT FOR THE ESTATE OF CARY W. JACKSON,,
Midlantic December Mixed (2011),2011-12-05,104,B,BEMA'S GOLD,M,OUT OF PLACE,BEMA,PULPIT,RHAPSODY FARM LLC/HIDDEN LAKE FARM LLC AGENTS,GRATEFUL STABLE,5500,,2004-03-24,KENTUCKY,J-K,FREUD,2011-02-23,RHAPSODY FARM LLC/HIDDEN LAKE FARM LLC AGENTS,,
Midlantic December Mixed (2011),2011-12-05,105,DKB,BIANCA LOVE,M,BIANCONI,GABBY'S LOVE,PERKIN WARBECK,GREEN WILLOW FARMS AGENT,R LARRY JOHNSON,11000,,2003-05-23,MARYLAND,I,COWBOY CAL,2011-03-06,GREEN WILLOW FARMS AGENT,,
Midlantic December Mixed (2011),2011-12-05,106,DKB,BIKINI RANSOM,M,RED RANSOM,NOTHING SPECIAL,TEJABO,SALLY THOMAS AGENT,ROGER C MATTEI,26000,,2002-03-24,KENTUCKY,I,POSSE,2011-06-09,SALLY THOMAS AGENT,,
Midlantic December Mixed (2011),2011-12-05,107,B,BLUE LAKE,M,AMERICAN CHANCE,COPPERBAND,SEEKING THE GOLD,CHARLTON (MR. & MRS. RICK ABBOTT) AGENT,NOT SOLD,1000,,2001-05-10,KENTUCKY,J-K,GRAND RESERVE,2011-05-22,CHARLTON (MR. & MRS. RICK ABBOTT) AGENT,,
Midlantic December Mixed (2011),2011-12-05,108,B,BLUMIN EXUBERANT,M,BLUMIN AFFAIR,HONORARY GUEST,BOB'S DUSTY,SALLY THOMAS AGENT,RONNEY W BROWN,1000,,1998-04-27,IOWA,I,SMARTY JONES,2011-06-12,SALLY THOMAS AGENT,,
Midlantic December Mixed (2011),2011-12-05,109,DKB,BRAUN 'N GOLD,M,FORESTRY,ITSOEASY,EASY GOER,MCMAHON OF SARATOGA THOROUGHBREDS LLC AGENT,NOT SOLD,1000,,2003-04-25,KENTUCKY,L,PURGE,2011-04-23,MCMAHON OF SARATOGA THOROUGHBREDS LLC AGENT,,
Midlantic December Mixed (2011),2011-12-05,110,B,BROAD,F,STEPHEN GOT EVEN,REINA TERRA,BLUSHING GROOM (FR),BILL REIGHTLER AGENT,JODY HUCKABAY,38000,,2008-04-16,MARYLAND,C-D,,,BILL REIGHTLER AGENT,,
Midlantic December Mixed (2011),2011-12-05,111,B,BROAD OUTLINE,F,SMART STRIKE,FARA'S PASSION,STORM CAT,BILL REIGHTLER AGENT,EDMUND T MUDGE IV,27000,,2008-04-11,MARYLAND,C-D,,,BILL REIGHTLER AGENT,,
Midlantic December Mixed (2011),2011-12-05,112,B,BUFF 'N POLISH,M,POLISH NUMBERS,BUFFELS,VAAL REEF,CHARLTON (MR. & MRS. RICK ABBOTT) AGENT FOR WELCOME HERE FARM,ED PRICE,10500,,2001-01-31,PENNSYLVANIA,J-K,POLLARD'S VISION,2011-04-22,CHARLTON (MR. & MRS. RICK ABBOTT) AGENT FOR WELCOME HERE FARM,,
Midlantic December Mixed (2011),2011-12-05,113,DKB,CAFE ESPRESSO,M,CRYPTOCLEARANCE,STAY UP LATE,ALOMA'S RULER,LITZ BLOODSTOCK SERVICES AGENT,NOT SOLD,1000,,2000-02-16,PENNSYLVANIA,J,SCIPION,2011-03-20,LITZ BLOODSTOCK SERVICES AGENT,,
Midlantic December Mixed (2011),2011-12-05,114,DKB,CALLDARA,M,SULTRY SONG,DAILY ROUTINE,WELL DECORATED,LITZ BLOODSTOCK SERVICES AGENT,THOMAS G COULTER,2000,,2000-05-02,KENTUCKY,J,LION HEARTED,2011-05-27,LITZ BLOODSTOCK SERVICES AGENT,,
Midlantic December Mixed (2011),2011-12-05,115,DKB,CAPE TOWN LASS,M,HORSE CHESTNUT (SAF),HIGHLAND TOOTSIE,HIGHLAND BLADE,BILL REIGHTLER AGENT,THOMAS G COULTER,12000,,2001-03-05,KENTUCKY,C-D,FAIRBANKS,2011-03-05,BILL REIGHTLER AGENT,,
Midlantic December Mixed (2011),2011-12-05,116,GRR,CAPOTE'S NINER,M,CAPOTE,NINER'S HOME,FORTY NINER,MARATHON FARMS,NOT SOLD,1000,,1999-03-18,KENTUCKY,K,GREEK SUN,2011-03-22,MARATHON FARMS,,
Midlantic December Mixed (2011),2011-12-05,117,B,CARAMEL DELIGHT,M,CHEROKEE RUN,CARAMEL CUSTARD,CHIEF HONCHO,CHARLTON (MR. & MRS. RICK ABBOTT) AGENT,NOT SOLD,1000,,2004-03-06,VIRGINIA,J-K,GRAND RESERVE,2011-03-14,CHARLTON (MR. & MRS. RICK ABBOTT) AGENT,,
Midlantic December Mixed (2011),2011-12-05,118,CH,CARNA,M,DEHERE,COUNTESS SHORWIND,DANCING COUNT,MARSHALL W. SILVERMAN AGENT FOR THE ESTATE OF CARY W. JACKSON,MACHMER HALL,60000,,1997-05-13,KENTUCKY,I-J,LEMON DROP KID,2011-04-18,MARSHALL W. SILVERMAN AGENT FOR THE ESTATE OF CARY W. JACKSON,,
Midlantic December Mixed (2011),2011-12-05,119,GRR,CHANTESS,M,UNBRIDLED'S SONG,CHIEFTRESS,CHIEF'S CROWN,RHAPSODY FARM LLC/HIDDEN LAKE FARM LLC AGENTS,NOT SOLD,1000,,2003-02-10,KENTUCKY,J-K,FREUD,2011-05-15,RHAPSODY FARM LLC/HIDDEN LAKE FARM LLC AGENTS,,
Midlantic December Mixed (2011),2011-12-05,120,B,CONDUCT,M,BROAD BRUSH,STEAL A HEART,CRAFTY PROSPECTOR,CHARLTON (MR. & MRS. RICK ABBOTT) AGENT,NOT SOLD,1000,,2002-02-08,KENTUCKY,J-K,,,CHARLTON (MR. & MRS. RICK ABBOTT) AGENT,,
Midlantic December Mixed (2011),2011-12-05,121,CH,DIAMONDS OR GOLD,M,JOHANNESBURG,PLEASANT SUNSHINE,PLEASANT COLONY,BECKY MERKEL AGENT,JAMES W CASEY,5000,,2005-04-10,KENTUCKY,B,SILVER TRAIN,2011-03-09,BECKY MERKEL AGENT,,
Midlantic December Mixed (2011),2011-12-05,122,DKB,CONTAGIOUS SMILE,M,HALO,WILLASSERT,ASSERT (IRE),LEGACY BLOODSTOCK AGENT,BRADLEY THOROUGHBREDS LLC,4500,,1994-03-29,KENTUCKY,I,JUMP START,2011-05-10,LEGACY BLOODSTOCK AGENT,,
Midlantic December Mixed (2011),2011-12-05,123,B,CRISPY CAT,M,TALE OF THE CAT,CRISP AND COOL,OGYGIAN,CHARLTON (MR. & MRS. RICK ABBOTT) AGENT,STEPHEN GLESSNER & D TULLNER,4200,,2003-04-30,KENTUCKY,J-K,JUMP START,2011-03-23,CHARLTON (MR. & MRS. RICK ABBOTT) AGENT,,
Midlantic December Mixed (2011),2011-12-05,124,DKB,CRUZ NOW,F,TIZNOW,CRUISE ALONG,RUNAWAY GROOM,BILL REIGHTLER AGENT,JAMES W CASEY,1200,,2007-02-14,MARYLAND,C-D,,,BILL REIGHTLER AGENT,,
Midlantic December Mixed (2011),2011-12-05,125,B,CRYSTAL SEA,M,SEA HERO,JANE ARNOLD,DAMASCUS,BILL REIGHTLER AGENT,THOMAS G COULTER,11000,,1997-04-05,KENTUCKY,C-D,FAIRBANKS,2011-02-24,BILL REIGHTLER AGENT,,
Midlantic December Mixed (2011),2011-12-05,126,B,DAHLIA WALK,M,MALIBU MOON,COTTON HOUSE BAY,CARSON CITY,GREEN WILLOW FARMS AGENT,DENNY ANDREWS,1000,,2007-04-04,FLORIDA,I,,,GREEN WILLOW FARMS AGENT,,
Midlantic December Mixed (2011),2011-12-05,127,DKB,DANCE FOR PLEASURE,F,DANCE WITH RAVENS,FAST PLEASURE,FAST PLAY,HARRY L. LANDRY BLOODSTOCK LLC AGENT,JOHN CASEY,4500,,2009-03-19,MARYLAND,J,,,HARRY L. LANDRY BLOODSTOCK LLC AGENT,,
Midlantic December Mixed (2011),2011-12-05,128,B,DARNESTOWN,M,WILLIAMSTOWN,PEACE TECH,PEACE FOR PEACE,BECKY DAVIS INC. AGENT,FRANK A BONSAL JR,26000,,1999-04-28,MARYLAND,A-B,TWO PUNCH,2011-04-11,BECKY DAVIS INC. AGENT,,
Midlantic December Mixed (2011),2011-12-05,129,GRR,DIPLOMACY,M,COZZENE,GUERRE ET PAIX,SOVIET STAR,CHARLTON (MR. & MRS. RICK ABBOTT) AGENT,KUNZ EQUINE,1000,,2001-05-26,PENNSYLVANIA,J-K,GRAND RESERVE,2011-05-18,CHARLTON (MR. & MRS. RICK ABBOTT) AGENT,,
Midlantic December Mixed (2011),2011-12-05,130,DKB,DIXIE JOY,M,DIXIE UNION,ENJOY,ROAR,BILL REIGHTLER AGENT,RENE K MOORE,1100,,2006-05-02,KENTUCKY,C-D,MEDALLIST,2011-04-27,BILL REIGHTLER AGENT,,
Midlantic December Mixed (2011),2011-12-05,131,B,DULCET,M,BROAD BRUSH,COPPER PLAY,FAST PLAY,MARSHALL W. SILVERMAN AGENT FOR CORBETT FARM,BRADLEY THOROUGHBREDS LLC,8000,,2000-01-24,KENTUCKY,I-J,E DUBAI,2011-04-16,MARSHALL W. SILVERMAN AGENT FOR CORBETT FARM,,
Midlantic December Mixed (2011),2011-12-05,132,B,DURAJAZZ,M,DIXIELAND BAND,DURANTS,RED RANSOM,SALLY THOMAS AGENT,ED PRICE,9500,,2003-05-13,ONTARIO,I,GREAT NOTION,2011-05-13,SALLY THOMAS AGENT,,
Midlantic December Mixed (2011),2011-12-05,133,B,FAIRLY LOVELY,F,FAIRBANKS,FAIRY DUSTER,RUN SOFTLY,BILL REIGHTLER AGENT FOR SOUTH BRANCH EQUINE LLC,TIMOTHY COLLINS,1100,,2011-05-08,PENNSYLVANIA,C-D,,,BILL REIGHTLER AGENT FOR SOUTH BRANCH EQUINE LLC,,
Midlantic December Mixed (2011),2011-12-05,134,DKB,,F,ROCK SLIDE,FALCON'S EYE,MUTAKDDIM,BILL REIGHTLER AGENT FOR LITTLE MAN FARM,NOT SOLD,1000,,2011-05-13,MARYLAND,C-D,,,BILL REIGHTLER AGENT FOR LITTLE MAN FARM,,
Midlantic December Mixed (2011),2011-12-05,135,B,,C,JUMP START,FIRST CLASS DONNA,TAYLOR'S SPECIAL,CHARLTON (MR. & MRS. RICK ABBOTT) AGENT,NOT SOLD,12500,,2011-03-04,PENNSYLVANIA,J-K,,,CHARLTON (MR. & MRS. RICK ABBOTT) AGENT,,
Midlantic December Mixed (2011),2011-12-05,136,B,,F,CITY ZIP,FIRST CLASS FEVER,STORMIN FEVER,CHARLTON (MR. & MRS. RICK ABBOTT) AGENT,DAVID A ROSS,81000,,2011-03-12,PENNSYLVANIA,J-K,,,CHARLTON (MR. & MRS. RICK ABBOTT) AGENT,,
Midlantic December Mixed (2011),2011-12-05,137,CH,,C,UTOPIA (JPN),FLIGHT NAVIGATOR,BOUNDARY,MCMAHON OF SARATOGA THOROUGHBREDS LLC AGENT,KMA,1000,,2011-04-19,NEW YORK,L,,,MCMAHON OF SARATOGA THOROUGHBREDS LLC AGENT,,
Midlantic December Mixed (2011),2011-12-05,138,CH,,C,BOP,FOLLOW YOUR BLISS,THUNDER GULCH,MARSHALL W. SILVERMAN AGENT,NICK ZAVOLAS,6000,,2011-03-14,WEST VIRGINIA,I-J,,,MARSHALL W. SILVERMAN AGENT,,
Midlantic December Mixed (2011),2011-12-05,139,DKB,HONOUR AND GALLANT,C,HONOUR AND GLORY,GALLANT EFFORT,MOSCOW BALLET,WINDERMERE FARM,GRANDPA'S DREAM,2200,,2011-04-23,PENNSYLVANIA,I,,,WINDERMERE FARM,,
Midlantic December Mixed (2011),2011-12-05,141,CH,,F,FANTASTICAT,GEMSTONE'S JEWEL,CLEVER TRICK,BILL REIGHTLER AGENT FOR GREENMOUNT FARM,NOT SOLD,1000,,2011-03-04,MARYLAND,C-D,,,BILL REIGHTLER AGENT FOR GREENMOUNT FARM,,
Midlantic December Mixed (2011),2011-12-05,142,DKB,SMOOTH JUMPER,C,DEVIL HIS DUE,GULCH JUMPER,JUMP START,WINDERMERE FARM,KMA,1600,,2011-02-06,PENNSYLVANIA,I,,,WINDERMERE FARM,,
Midlantic December Mixed (2011),2011-12-05,143,GRR,,F,TWO PUNCH,GYPSY EYES,ALPHABET SOUP,MARSHALL W. SILVERMAN AGENT FOR CORBETT FARM,LAWRENCE P GETTO,2700,,2011-05-02,MARYLAND,I-J,,,MARSHALL W. SILVERMAN AGENT FOR CORBETT FARM,,
Midlantic December Mixed (2011),2011-12-05,144,DKB,,C,ST AVERIL,HAMSEH,DANZIG,LITZ BLOODSTOCK SERVICES AGENT,NOT SOLD,1400,,2011-04-01,MARYLAND,J,,,LITZ BLOODSTOCK SERVICES AGENT,,
Midlantic December Mixed (2011),2011-12-05,145,B,LADY SWEETPEA,F,ST AVERIL,HAPPY HAILEY,ROCK SLIDE,CHANCELAND FARM INC. AGENT FOR MARILYN DOETSCH,RODNEY T EIKENRODE,1000,,2011-03-02,MARYLAND,C,,,CHANCELAND FARM INC. AGENT FOR MARILYN DOETSCH,,
Midlantic December Mixed (2011),2011-12-05,146,DKB,NOGO,C,WITH DISTINCTION,HARMONIC MISS,SUBORDINATION,BECKY MERKEL AGENT,NOT SOLD,3000,,2011-04-14,WEST VIRGINIA,B,,,BECKY MERKEL AGENT,,
Midlantic December Mixed (2011),2011-12-05,147,B,HIBERNIA EMERALD,F,PARTNER'S HERO,HEADED FOR LOVE,NOT FOR LOVE,BILL REIGHTLER AGENT FOR DELLERSBECK FARM,CHARLES E ROBINSON,7500,,2011-03-20,PENNSYLVANIA,C-D,,,BILL REIGHTLER AGENT FOR DELLERSBECK FARM,,
Midlantic December Mixed (2011),2011-12-05,148,DKB,,F,FAIRBANKS,HOMOGINIZE,KNOWN FACT,CHARLTON (MR. & MRS. RICK ABBOTT) AGENT,JOSEPH MAISONNEUV,3800,,2011-02-17,PENNSYLVANIA,J-K,,,CHARLTON (MR. & MRS. RICK ABBOTT) AGENT,,
Midlantic December Mixed (2011),2011-12-05,149,GRR,FAST MELT DOWN,F,FASTNESS (IRE),ICE STAR,ESKIMO,WINDERMERE FARM,ED PRICE,1200,,2011-05-31,PENNSYLVANIA,I,,,WINDERMERE FARM,,
Midlantic December Mixed (2011),2011-12-05,150,CH,,F,DELAWARE TOWNSHIP,ICY TRICK,CLEVER TRICK,BILL REIGHTLER AGENT,OUT,0,,2011-05-10,VIRGINIA,C-D,,,BILL REIGHTLER AGENT,,
Midlantic December Mixed (2011),2011-12-05,151,DKB,LONELY COWBOY,C,FREUD,I'M A REAL COWGIRL,WESTERN EXPRESSION,HARRY L. LANDRY BLOODSTOCK LLC AGENT,MACHMER HALL,11000,Y,2011-03-05,NEW YORK,J,,,HARRY L. LANDRY BLOODSTOCK LLC AGENT,,
Midlantic December Mixed (2011),2011-12-05,152,GRR,,C,OUTFLANKER,IT'S IN HIS KISS,YES IT'S TRUE,LITZ BLOODSTOCK SERVICES AGENT,NOT SOLD,2500,,2011-04-26,MARYLAND,J,,,LITZ BLOODSTOCK SERVICES AGENT,,
Midlantic December Mixed (2011),2011-12-05,153,B,,C,GO FOR GIN,JAZZY J J,JAMBALAYA JAZZ,SALLY THOMAS AGENT,RONNEY W BROWN,1800,,2011-03-02,MARYLAND,I,,,SALLY THOMAS AGENT,,
Midlantic December Mixed (2011),2011-12-05,154,DKB,,C,WISEMAN'S FERRY,JESSICA MARIE,INDIAN CHARLIE,WINDERMERE FARM,NOT SOLD,1200,,2011-04-14,PENNSYLVANIA,I,,,WINDERMERE FARM,,
Midlantic December Mixed (2011),2011-12-05,156,B,,C,LOUIS QUATORZE,JU JU BEAN,SIPHON (BRZ),MARSHALL W. SILVERMAN AGENT,GRANDPA'S DREAM,2200,,2011-05-14,WEST VIRGINIA,I-J,,,MARSHALL W. SILVERMAN AGENT,,
Midlantic December Mixed (2011),2011-12-05,157,CH,,F,CAT THIEF,LADY BULLET,RED BULLET,BILL REIGHTLER AGENT,OUT,0,,2011-05-12,VIRGINIA,C-D,,,BILL REIGHTLER AGENT,,
Midlantic December Mixed (2011),2011-12-05,158,DKB,,F,STEPHEN GOT EVEN,LIGHT WAVE,TURKOMAN,HARRY L. LANDRY BLOODSTOCK LLC AGENT,XAVIER INT'L BLOODSTOCK AGT,27000,,2011-05-12,NEW YORK,J,,,HARRY L. LANDRY BLOODSTOCK LLC AGENT,,
Midlantic December Mixed (2011),2011-12-05,159,CH,,F,NOONMARK,LINE OF FIRE,LINE IN THE SAND,MCMAHON OF SARATOGA THOROUGHBREDS LLC AGENT,KMA,2500,,2011-04-22,NEW YORK,L,,,MCMAHON OF SARATOGA THOROUGHBREDS LLC AGENT,,
Midlantic December Mixed (2011),2011-12-05,160,B,PLANKING,F,YARROW BRAE,LUCKY TURK,TURKOMAN,BECKY MERKEL AGENT,R LARRY JOHNSON,2000,,2011-02-04,WEST VIRGINIA,B,,,BECKY MERKEL AGENT,,
Midlantic December Mixed (2011),2011-12-05,161,B,,C,YESBYJIMMINY,MARQUED TO MOVE,MARQUETRY,MARSHALL W. SILVERMAN AGENT,TERRY D LOVELACE,1400,,2011-03-01,WEST VIRGINIA,I-J,,,MARSHALL W. SILVERMAN AGENT,,
Midlantic December Mixed (2011),2011-12-05,162,GRR,,C,FAIRBANKS,MAXIMALISTA (ARG),EQUALIZE,CHARLTON (MR. & MRS. RICK ABBOTT) AGENT,STEVE KLESARIS,8500,,2011-02-18,PENNSYLVANIA,J-K,,,CHARLTON (MR. & MRS. RICK ABBOTT) AGENT,,
Midlantic December Mixed (2011),2011-12-05,163,DKB,,F,CATIENUS,MAYA'S NOTE,EDITOR'S NOTE,MCMAHON OF SARATOGA THOROUGHBREDS LLC AGENT,NOT SOLD,1000,,2011-03-25,NEW YORK,L,,,MCMAHON OF SARATOGA THOROUGHBREDS LLC AGENT,,
Midlantic December Mixed (2011),2011-12-05,164,CH,,C,FAIRBANKS,MERRIWEATHER,OPENING VERSE,BECKY DAVIS INC. AGENT,DIMITRI RACING STABLES,5000,,2011-03-10,MARYLAND,A-B,,,BECKY DAVIS INC. AGENT,,
Midlantic December Mixed (2011),2011-12-05,165,CH,,F,LANGFUHR,MILLASHAND,REGAL INTENTION,MARSHALL W. SILVERMAN AGENT FOR FOXHARBOR FARM,HOLLY & IVY STABLE LLC,15000,,2011-05-06,MARYLAND,I-J,,,MARSHALL W. SILVERMAN AGENT FOR FOXHARBOR FARM,,
Midlantic December Mixed (2011),2011-12-05,166,B,,F,AFLEET ALEX,MINDSET,CORONADO'S QUEST,CHARLTON (MR. & MRS. RICK ABBOTT) AGENT,GRANDPA'S DREAMS,3500,,2011-03-02,PENNSYLVANIA,J-K,,,CHARLTON (MR. & MRS. RICK ABBOTT) AGENT,,
Midlantic December Mixed (2011),2011-12-05,168,B,,C,SONGANDAPRAYER,MISSILE STRIKE,GOLDEN MISSILE,BECKY MERKEL AGENT FOR WALMAC FARM AND D. OTTAVIANI,JOSEPH MAISONNEUV,4500,,2011-04-02,PENNSYLVANIA,B,,,BECKY MERKEL AGENT FOR WALMAC FARM AND D. OTTAVIANI,,
Midlantic December Mixed (2011),2011-12-05,169,B,,F,FAIRBANKS,MITOTE MAYA,POLISH NUMBERS,BECKY DAVIS INC. AGENT,LAWRENCE P GETTO,1500,,2011-05-12,MARYLAND,A-B,,,BECKY DAVIS INC. AGENT,,
Midlantic December Mixed (2011),2011-12-05,170,DKB,HERECOMESBIG L,C,SMOOTH JAZZ,MIZ KAYLENE,MIZZEN MAST,WINDERMERE FARM,NOT SOLD,1000,,2011-04-17,PENNSYLVANIA,I,,,WINDERMERE FARM,,
Midlantic December Mixed (2011),2011-12-05,171,DKB,,F,READY'S IMAGE,POLISHED NATURE,VALIANT NATURE,BILL REIGHTLER AGENT FOR BLACK HORSE TAVERN LLC,NOT SOLD,12500,,2011-02-27,WEST VIRGINIA,C-D,,,BILL REIGHTLER AGENT FOR BLACK HORSE TAVERN LLC,,
Midlantic December Mixed (2011),2011-12-05,172,B,,F,DANCE WITH RAVENS,POLYANTHA,CHARISMATIC,MARSHALL W. SILVERMAN AGENT FOR THE ESTATE OF CARY W. JACKSON,LAWRENCE P GETTO,1000,,2011-05-01,MARYLAND,I-J,,,MARSHALL W. SILVERMAN AGENT FOR THE ESTATE OF CARY W. JACKSON,,
Midlantic December Mixed (2011),2011-12-05,173,DKB,,C,UTOPIA (JPN),PRIDE OF DIABLO,DIABLO,SALLY THOMAS AGENT,OUT,0,,2011-04-21,NEW YORK,I,,,SALLY THOMAS AGENT,,
Midlantic December Mixed (2011),2011-12-05,174,B,SOUTHERN FASHION,F,EDDINGTON,PROVEN FORM,PARTNER'S HERO,BILL REIGHTLER AGENT FOR SOUTH BRANCH EQUINE LLC,OUT,0,,2011-03-16,PENNSYLVANIA,C-D,,,BILL REIGHTLER AGENT FOR SOUTH BRANCH EQUINE LLC,,
Midlantic December Mixed (2011),2011-12-05,175,DKB,,F,UTOPIA (JPN),QUEEN OF THE CITY,MEDAGLIA D'ORO,SALLY THOMAS AGENT,JESSE HOPPEL AGENT,2500,,2011-02-08,NEW YORK,I,,,SALLY THOMAS AGENT,,
Midlantic December Mixed (2011),2011-12-05,176,DKB,,C,SMOOTH JAZZ,QUIET WAKITA,QUIET AMERICAN,WINDERMERE FARM,GRANDPA'S DREAMS,1200,,2011-05-07,PENNSYLVANIA,I,,,WINDERMERE FARM,,
Midlantic December Mixed (2011),2011-12-05,177,CH,,F,TWO PUNCH,READY TO LOVE,NOT FOR LOVE,MARSHALL W. SILVERMAN AGENT FOR CORBETT FARM,GRANDPA'S DREAMS,3200,,2011-04-10,MARYLAND,I-J,,,MARSHALL W. SILVERMAN AGENT FOR CORBETT FARM,,
Midlantic December Mixed (2011),2011-12-05,178,B,,F,LION HEARTED,ROMANTIC NUMBERS,POLISH NUMBERS,MARSHALL W. SILVERMAN AGENT FOR CORBETT FARM,NANCY TERHUNE,1500,Y,2011-05-13,MARYLAND,I-J,,,MARSHALL W. SILVERMAN AGENT FOR CORBETT FARM,,
Midlantic December Mixed (2011),2011-12-05,179,B,,F,TIZ WONDERFUL,SAGAMOON,MALIBU MOON,BILL REIGHTLER AGENT,CHARLES E ROBINSON,26000,,2011-02-09,MARYLAND,C-D,,,BILL REIGHTLER AGENT,,
Midlantic December Mixed (2011),2011-12-05,180,CH,,C,MILWAUKEE BREW,SAINTLINESS,HOLY BULL,CHARLTON (MR. & MRS. RICK ABBOTT) AGENT,JON BROWN,1700,,2011-05-13,PENNSYLVANIA,J-K,,,CHARLTON (MR. & MRS. RICK ABBOTT) AGENT,,
Midlantic December Mixed (2011),2011-12-05,182,DKB,,F,OUTFLANKER,SERENITY JANE,AFFIRMED,MARSHALL W. SILVERMAN AGENT,ALEXANDRA WHITE,7700,,2011-03-17,VIRGINIA,I-J,,,MARSHALL W. SILVERMAN AGENT,,
Midlantic December Mixed (2011),2011-12-05,183,,,C,TWO PUNCH,SHASHOBEGON,BROAD BRUSH,BECKY DAVIS INC. AGENT,GRANDPA'S DREAM,4000,,2011-04-28,MARYLAND,A-B,,,BECKY DAVIS INC. AGENT,,
Midlantic December Mixed (2011),2011-12-05,184,GRR,,C,TWO PUNCH,SHE'S A LIVELY ONE,LIVELY ONE,MARSHALL W. SILVERMAN AGENT FOR CORBETT FARM,DAVID A ROSS,15000,,2011-04-24,MARYLAND,I-J,,,MARSHALL W. SILVERMAN AGENT FOR CORBETT FARM,,
Midlantic December Mixed (2011),2011-12-05,185,B,,F,YES IT'S TRUE,SHE SHINES,POLISH NUMBERS,MARSHALL W. SILVERMAN AGENT FOR THE ESTATE OF CARY W. JACKSON,GRANDPA'S DREAM,1500,,2011-05-03,MARYLAND,I-J,,,MARSHALL W. SILVERMAN AGENT FOR THE ESTATE OF CARY W. JACKSON,,
Midlantic December Mixed (2011),2011-12-05,186,DKB,,C,HERE'S ZEALOUS,SHOWER SCENE,BATES MOTEL,WINDERMERE FARM,TIMOTHY COLLINS,1100,,2011-05-09,PENNSYLVANIA,I,,,WINDERMERE FARM,,
Midlantic December Mixed (2011),2011-12-05,187,B,LOUIE'S MEDAL,C,MEDALLIST,SLEIGH BELLS,TWO PUNCH,BILL REIGHTLER AGENT FOR SOUTH BRANCH EQUINE LLC,OUT,0,,2011-04-18,PENNSYLVANIA,C-D,,,BILL REIGHTLER AGENT FOR SOUTH BRANCH EQUINE LLC,,
Midlantic December Mixed (2011),2011-12-05,188,B,,F,DANCE WITH RAVENS,SLICK PUNCH,TWO PUNCH,BECKY DAVIS INC. AGENT,DAVID ROSE,1000,,2011-02-24,MARYLAND,A-B,,,BECKY DAVIS INC. AGENT,,
Midlantic December Mixed (2011),2011-12-05,189,CH,,C,GOLDEN MISSILE,SOMERBY,DIESIS (GB),RHAPSODY FARM LLC/HIDDEN LAKE FARM LLC AGENTS,NOT SOLD,1000,,2011-03-01,NEW YORK,J-K,,,RHAPSODY FARM LLC/HIDDEN LAKE FARM LLC AGENTS,,
Midlantic December Mixed (2011),2011-12-05,190,B,,F,MEDALLIST,SWEETGEORGIABROWN,MAZEL TRICK,BILL REIGHTLER AGENT,OUT,0,,2011-04-28,VIRGINIA,C-D,,,BILL REIGHTLER AGENT,,
Midlantic December Mixed (2011),2011-12-05,191,DKB,,C,FROST GIANT,TAKE ME IN,TAKE ME OUT,SALLY THOMAS AGENT,NOT SOLD,4700,,2011-04-10,NEW YORK,I,,,SALLY THOMAS AGENT,,
Midlantic December Mixed (2011),2011-12-05,192,B,,F,BORREGO,TAM TAM,FUSAICHI PEGASUS,WINDERMERE FARM,WES CARTER,1500,Y,2011-02-24,PENNSYLVANIA,I,,,WINDERMERE FARM,,
Midlantic December Mixed (2011),2011-12-05,193,DKB,,F,DIXIE UNION,THEDAMEWANTSTOWIN,GULCH,BILL REIGHTLER AGENT,ORCHARD LANE FARM,50000,,2011-04-17,MARYLAND,C-D,,,BILL REIGHTLER AGENT,,
Midlantic December Mixed (2011),2011-12-05,194,B,,F,ONE NICE CAT,TOKEN KITTY,GOLD TOKEN,SALLY THOMAS AGENT,JAMES R & BARBARA ANN LAYDEN,5000,,2011-04-25,NEW YORK,I,,,SALLY THOMAS AGENT,,
Midlantic December Mixed (2011),2011-12-05,196,CH,,C,FREUD,UNBRIDLED BETTY,UNBRIDLED'S SONG,RHAPSODY FARM LLC/HIDDEN LAKE FARM LLC AGENTS FOR RHAPSODY F,BEACH BAR LLC,75000,,2011-04-12,NEW YORK,J-K,,,RHAPSODY FARM LLC/HIDDEN LAKE FARM LLC AGENTS FOR RHAPSODY F,,
Midlantic December Mixed (2011),2011-12-05,197,CH,,C,BOP,WAY BEYOND,ORDWAY,MARSHALL W. SILVERMAN AGENT,SANDRA DONO,1000,,2011-05-09,WEST VIRGINIA,I-J,,,MARSHALL W. SILVERMAN AGENT,,
Midlantic December Mixed (2011),2011-12-05,198,DKB,,F,LION HEARTED,WILLY'S SISTER,HORATIUS,WINDERMERE FARM,PATRICK J MAGILL,1000,,2011-03-16,PENNSYLVANIA,I,,,WINDERMERE FARM,,
Midlantic December Mixed (2011),2011-12-05,199,B,,F,GREAT NOTION,WISE GIFT,WHISKEY WISDOM,BECKY DAVIS INC. AGENT,LAWRENCE P GETTO,1000,,2011-03-03,MARYLAND,A-B,,,BECKY DAVIS INC. AGENT,,
Midlantic December Mixed (2011),2011-12-05,201,B,,F,SMOOTH JAZZ,WITH AFFIRMATION,WITH APPROVAL,WINDERMERE FARM,NOT SOLD,1000,,2011-05-29,PENNSYLVANIA,I,,,WINDERMERE FARM,,
Midlantic December Mixed (2011),2011-12-05,202,DKB,FAST AS ZOZO,F,FASTNESS (IRE),ZOIE QUATORZE,LOUIS QUATORZE,WINDERMERE FARM,TIMOTHY COLLINS,1000,,2011-02-22,PENNSYLVANIA,I,,,WINDERMERE FARM,,
Midlantic December Mixed (2011),2011-12-05,203,B,,F,UTOPIA (JPN),AD MUSTER,DIXIE UNION,MCMAHON OF SARATOGA THOROUGHBREDS LLC AGENT,KMA,1500,,2011-04-01,NEW YORK,L,,,MCMAHON OF SARATOGA THOROUGHBREDS LLC AGENT,,
Midlantic December Mixed (2011),2011-12-05,204,DKB,,F,ALBERT THE GREAT,AMAZING TURN,CARNIVALAY,BILL REIGHTLER AGENT FOR LESLIE CONDON,NOT SOLD,10500,,2011-05-04,WEST VIRGINIA,C-D,,,BILL REIGHTLER AGENT FOR LESLIE CONDON,,
Midlantic December Mixed (2011),2011-12-05,205,CH,,C,TWO PUNCH,AMPLE'S STAR,RISEN STAR,BILL REIGHTLER AGENT,AUBREY'S FIRST LLC,7500,,2011-04-29,MARYLAND,C-D,,,BILL REIGHTLER AGENT,,
Midlantic December Mixed (2011),2011-12-05,206,B,,C,JUMP START,BAROUCHKA,NOT FOR LOVE,MARSHALL W. SILVERMAN AGENT FOR THE ESTATE OF CARY W. JACKSON,STONEY LANE FARM,10000,,2011-04-03,PENNSYLVANIA,I-J,,,MARSHALL W. SILVERMAN AGENT FOR THE ESTATE OF CARY W. JACKSON,,
Midlantic December Mixed (2011),2011-12-05,207,CH,,F,ANY GIVEN SATURDAY,BEAS BLACKEYEDSUE,FORESTRY,MARSHALL W. SILVERMAN AGENT,OUT,0,,2011-03-14,KENTUCKY,I-J,,,MARSHALL W. SILVERMAN AGENT,,
Midlantic December Mixed (2011),2011-12-05,208,B,,C,TALENT SEARCH,BLUE FLARE,PHONE TRICK,BECKY MERKEL AGENT,STEVE KLESARIS,3000,,2011-02-21,PENNSYLVANIA,B,,,BECKY MERKEL AGENT,,
Midlantic December Mixed (2011),2011-12-05,209,CH,LUZINSKI,C,HOLY BULL,BOOTSIEBLUEBEAR,NEPAL,CHARLTON (MR. & MRS. RICK ABBOTT) AGENT,MTBS AGENT,16000,,2011-02-07,PENNSYLVANIA,J-K,,,CHARLTON (MR. & MRS. RICK ABBOTT) AGENT,,
Midlantic December Mixed (2011),2011-12-05,210,CH,,F,POLLARD'S VISION,BRAVE THE STORM,STORM CAT,RHAPSODY FARM LLC/HIDDEN LAKE FARM LLC AGENTS,OUT,0,,2011-04-03,NEW YORK,J-K,,,RHAPSODY FARM LLC/HIDDEN LAKE FARM LLC AGENTS,,
Midlantic December Mixed (2011),2011-12-05,211,CH,,F,BORREGO,CAPE TOWN LASS,HORSE CHESTNUT (SAF),BILL REIGHTLER AGENT,OUT,0,,2011-01-27,PENNSYLVANIA,C-D,,,BILL REIGHTLER AGENT,,
Midlantic December Mixed (2011),2011-12-05,212,CH,,F,NOONMARK,CARNIE'S DANCER,CARNIVALAY,HARRY L. LANDRY BLOODSTOCK LLC AGENT,NOT SOLD,1000,,2011-04-28,NEW YORK,J,,,HARRY L. LANDRY BLOODSTOCK LLC AGENT,,
Midlantic December Mixed (2011),2011-12-05,213,DKB,,C,LUFTIKUS,CATY'S QUEST,NORQUESTOR,BILL REIGHTLER AGENT,PAUL GAGE,5000,,2011-03-25,VIRGINIA,C-D,,,BILL REIGHTLER AGENT,,
Midlantic December Mixed (2011),2011-12-05,214,GRR,FORMERLYKNOWNAS,C,FAIRBANKS,CHARGING RUBY,RUBIANO,BECKY MERKEL AGENT,NOT SOLD,3500,,2011-06-03,WEST VIRGINIA,B,,,BECKY MERKEL AGENT,,
Midlantic December Mixed (2011),2011-12-05,215,CH,,C,SIR SHACKLETON,CHIQUILINA,OUR EMBLEM,WINDERMERE FARM,NOT SOLD,1000,,2011-04-14,PENNSYLVANIA,I,,,WINDERMERE FARM,,
Midlantic December Mixed (2011),2011-12-05,216,B,,F,HERE'S ZEALOUS,CLEVER SIS,SECRET HELLO,WINDERMERE FARM,NOT SOLD,1000,,2011-05-20,PENNSYLVANIA,I,,,WINDERMERE FARM,,
Midlantic December Mixed (2011),2011-12-05,217,B,,C,SIR SHACKLETON,COCOMAMA,GLITTERMAN,WINDERMERE FARM,NOT SOLD,1000,,2011-04-09,PENNSYLVANIA,I,,,WINDERMERE FARM,,
Midlantic December Mixed (2011),2011-12-05,218,DKB,,F,ORIENTATE,CONCEAL,PRIVATE TERMS,LITZ BLOODSTOCK SERVICES AGENT,CHARLES E ROBINSON,10000,,2011-03-06,KENTUCKY,J,,,LITZ BLOODSTOCK SERVICES AGENT,,
Midlantic December Mixed (2011),2011-12-05,219,CH,,C,UTOPIA (JPN),COUNTING VISIONS,UNACCOUNTED FOR,RHAPSODY FARM LLC/HIDDEN LAKE FARM LLC AGENTS,TENERI FARM,8000,,2011-02-19,NEW YORK,J-K,,,RHAPSODY FARM LLC/HIDDEN LAKE FARM LLC AGENTS,,
Midlantic December Mixed (2011),2011-12-05,220,CH,,F,TALENT SEARCH,CRAFTY SARAH,CRAFTY FRIEND,BECKY MERKEL AGENT,OLD FRIENDS STABLE,12000,,2011-02-23,PENNSYLVANIA,B,,,BECKY MERKEL AGENT,,
Midlantic December Mixed (2011),2011-12-05,221,DKB,,F,GOLDEN MISSILE,DADDY'S DARLING (BRZ),GHADEER (FR),RHAPSODY FARM LLC/HIDDEN LAKE FARM LLC AGENTS,NOT SOLD,1000,,2011-01-31,NEW YORK,J-K,,,RHAPSODY FARM LLC/HIDDEN LAKE FARM LLC AGENTS,,
Midlantic December Mixed (2011),2011-12-05,222,,,C,MIDNIGHT LUTE,DANCAPADE,POLKA,RHAPSODY FARM LLC/HIDDEN LAKE FARM LLC AGENTS,MARSHALL DOWELL,92000,,2011-03-06,NEW YORK,J-K,,,RHAPSODY FARM LLC/HIDDEN LAKE FARM LLC AGENTS,,
Midlantic December Mixed (2011),2011-12-05,224,B,ROCKINPOP,C,ROCK SLIDE,DAYLIGHT LASSIE,SEEKING DAYLIGHT,CHANCELAND FARM INC. AGENT FOR MARILYN DOETSCH,JESSE HOPPEL AGENT,1000,,2011-02-24,MARYLAND,C,,,CHANCELAND FARM INC. AGENT FOR MARILYN DOETSCH,,
Midlantic December Mixed (2011),2011-12-05,225,B,,C,UTOPIA (JPN),DIAMOND MAMA,PERSONAL FLAG,RHAPSODY FARM LLC/HIDDEN LAKE FARM LLC AGENTS,NOT SOLD,5700,,2011-03-06,NEW YORK,J-K,,,RHAPSODY FARM LLC/HIDDEN LAKE FARM LLC AGENTS,,
Midlantic December Mixed (2011),2011-12-05,226,B,GIN'S DANDY GIRL,F,GO FOR GIN,DINGLE DANDY,CONQUISTADOR CIELO,CHANCELAND FARM INC. AGENT FOR MARILYN DOETSCH,SANDRA DONO,1000,,2011-04-18,MARYLAND,C,,,CHANCELAND FARM INC. AGENT FOR MARILYN DOETSCH,,
Midlantic December Mixed (2011),2011-12-05,227,DKB,,F,ONE NICE CAT,DISTINCTIVE MANNER,DISTINCTIVE PRO,SALLY THOMAS AGENT,OUT,0,,2011-03-09,NEW YORK,I,,,SALLY THOMAS AGENT,,
Midlantic December Mixed (2011),2011-12-05,228,DKB,,C,GOLDEN MISSILE,DOWNSTREAM BLUES,CURE THE BLUES,RHAPSODY FARM LLC/HIDDEN LAKE FARM LLC AGENTS,NOT SOLD,1000,,2011-03-03,NEW YORK,J-K,,,RHAPSODY FARM LLC/HIDDEN LAKE FARM LLC AGENTS,,
Midlantic December Mixed (2011),2011-12-05,229,DKB,,C,REPENT,DOYOURTHING,KNOWN FACT,BILL REIGHTLER AGENT FOR CROSSROADS FARM,KUNZ EQUINE,9500,,2011-02-20,PENNSYLVANIA,C-D,,,BILL REIGHTLER AGENT FOR CROSSROADS FARM,,
Midlantic December Mixed (2011),2011-12-05,230,B,,F,READ THE FOOTNOTES,DYNAZONE,DYNAFORMER,MCMAHON OF SARATOGA THOROUGHBREDS LLC AGENT,PAULETTE FRENCH,1200,,2011-05-03,NEW YORK,L,,,MCMAHON OF SARATOGA THOROUGHBREDS LLC AGENT,,
Midlantic December Mixed (2011),2011-12-05,231,DKB,,C,GRAND RESERVE,FALL COLLECTION,GRAND SLAM,CHARLTON (MR. & MRS. RICK ABBOTT) AGENT,NOT SOLD,1000,,2010-04-21,VIRGINIA,J-K,,,CHARLTON (MR. & MRS. RICK ABBOTT) AGENT,,
Midlantic December Mixed (2011),2011-12-05,232,B,,C,FOREST DANGER,FOLLOW YOUR BLISS,THUNDER GULCH,MARSHALL W. SILVERMAN AGENT,CHARLES E ROBINSON,10000,,2010-02-28,WEST VIRGINIA,I-J,,,MARSHALL W. SILVERMAN AGENT,,
Midlantic December Mixed (2011),2011-12-05,233,DKB,,F,RAFFIE'S MAJESTY,GOSPEL,SAINT BALLADO,RHAPSODY FARM LLC/HIDDEN LAKE FARM LLC AGENTS FOR WELLSPRING,NOT SOLD,1000,,2010-05-23,NEW YORK,J-K,,,RHAPSODY FARM LLC/HIDDEN LAKE FARM LLC AGENTS FOR WELLSPRING,,
Midlantic December Mixed (2011),2011-12-05,234,CH,,F,VALUE PLUS,I'M AFRAID,LION HEARTED,CHARLTON (MR. & MRS. RICK ABBOTT) AGENT,FIDDLERS GREEN STABLE,2300,,2010-04-29,PENNSYLVANIA,J-K,,,CHARLTON (MR. & MRS. RICK ABBOTT) AGENT,,
Midlantic December Mixed (2011),2011-12-05,235,B,,C,QUIET AMERICAN,LEAP FOR JOY,FLY SO FREE,BILL REIGHTLER AGENT WOLVER HILL FARM (MRS. C. OLIVER ISELIN,GEORGE E GREGORY,6000,,2010-05-06,VIRGINIA,C-D,,,BILL REIGHTLER AGENT WOLVER HILL FARM (MRS. C. OLIVER ISELIN,,
Midlantic December Mixed (2011),2011-12-05,236,B,SAFARI GIRL,F,YES IT'S TRUE,LUCKY MONKEY,REAL QUIET,MARSHALL W. SILVERMAN AGENT FOR WINTICKETT FARM LLC,THREE DIAMONDS FARM,30000,,2010-03-12,PENNSYLVANIA,I-J,,,MARSHALL W. SILVERMAN AGENT FOR WINTICKETT FARM LLC,,
Midlantic December Mixed (2011),2011-12-05,237,CH,MISS CHEETAH,F,LITE THE FUSE,MISS CHEEKTOWAGA,CRAFTY FRIEND,MARES NEST FARM,NOT SOLD,7200,,2010-03-26,WEST VIRGINIA,A,,,MARES NEST FARM,,
Midlantic December Mixed (2011),2011-12-05,238,B,,F,WAR CHANT,MOUNTAIN BONFIRE,MT. LIVERMORE,SALLY THOMAS AGENT,OUT,0,,2010-04-30,KENTUCKY,I,,,SALLY THOMAS AGENT,,
Midlantic December Mixed (2011),2011-12-05,239,B,TEXTINGTIGER,C,STORMELLO,PANTALETA (ARG),EQUALIZE,SALLY THOMAS AGENT,OUT,0,,2010-05-11,MARYLAND,I,,,SALLY THOMAS AGENT,,
Midlantic December Mixed (2011),2011-12-05,241,GRR,TIZ MAGNIFIQUE,F,TIZ WONDERFUL,PARIS GEM,RUBIANO,MARSHALL W. SILVERMAN AGENT FOR WINTICKETT FARM LLC,SANDRA DONO,15000,,2010-01-26,PENNSYLVANIA,I-J,,,MARSHALL W. SILVERMAN AGENT FOR WINTICKETT FARM LLC,,
Midlantic December Mixed (2011),2011-12-05,242,CH,,F,GRAND SLAM,PARTY SILKS,TOUCH GOLD,HARRY L. LANDRY BLOODSTOCK LLC AGENT,JAMES R & BARBARA ANN LAYDEN,20000,,2010-03-04,NEW YORK,J,,,HARRY L. LANDRY BLOODSTOCK LLC AGENT,,
Midlantic December Mixed (2011),2011-12-05,243,DKB,JUST STRUTTIN',F,KAFWAIN,TRISTATE LADY,TWO PUNCH,MARES NEST FARM,SANDRA DONO,5000,,2010-05-16,WEST VIRGINIA,A,,,MARES NEST FARM,,
Midlantic December Mixed (2011),2011-12-05,244,DKB,,F,MIDNIGHT LUTE,PIERIA,ATTICUS,CHARLTON (MR. & MRS. RICK ABBOTT) AGENT,PTK LLC,9000,,2010-02-01,PENNSYLVANIA,J-K,,,CHARLTON (MR. & MRS. RICK ABBOTT) AGENT,,
Midlantic December Mixed (2011),2011-12-05,245,CH,,F,MALIBU MOON,RACING LUCK,OUT OF PLACE,BILL REIGHTLER AGENT,NICK ZAVOLAS,3000,,2010-03-14,KENTUCKY,C-D,,,BILL REIGHTLER AGENT,,
Midlantic December Mixed (2011),2011-12-05,246,DKB,,F,SALUTE THE SARGE,UKRAINIAN DANCER,MT. LIVERMORE,RHAPSODY FARM LLC/HIDDEN LAKE FARM LLC AGENTS FOR WELLSPRING,DAVID RAPOSA,2000,,2010-04-12,NEW YORK,J-K,,,RHAPSODY FARM LLC/HIDDEN LAKE FARM LLC AGENTS FOR WELLSPRING,,
Midlantic December Mixed (2011),2011-12-05,247,CH,,F,PURE PRIZE,ANOTHER JEWEL,DIAMOND,BILL REIGHTLER AGENT,FUBAR STABLES,28000,,2010-03-30,PENNSYLVANIA,C-D,,,BILL REIGHTLER AGENT,,
Midlantic December Mixed (2011),2011-12-05,248,CH,,C,PURGE,ARRESTED LADY,THUNDER GULCH,SALLY THOMAS AGENT,EVERETT PRATT,4000,,2010-04-16,MARYLAND,I,,,SALLY THOMAS AGENT,,
Midlantic December Mixed (2011),2011-12-05,249,CH,,F,INDYGO SHINER,BIOGIO'S KIDS,LEMON DROP KID,MARSHALL W. SILVERMAN AGENT,GRAHAM RACING,7000,,2010-02-23,NEW YORK,I-J,,,MARSHALL W. SILVERMAN AGENT,,
Midlantic December Mixed (2011),2011-12-05,250,CH,,C,CONGAREE,BLUE LAKE,AMERICAN CHANCE,CHARLTON (MR. & MRS. RICK ABBOTT) AGENT,PTK LLC,4000,,2010-03-18,VIRGINIA,J-K,,,CHARLTON (MR. & MRS. RICK ABBOTT) AGENT,,
Midlantic December Mixed (2011),2011-12-05,251,DKB,,C,GRAND RESERVE,CARAMEL DELIGHT,CHEROKEE RUN,CHARLTON (MR. & MRS. RICK ABBOTT) AGENT,NOT SOLD,1000,,2010-04-04,VIRGINIA,J-K,,,CHARLTON (MR. & MRS. RICK ABBOTT) AGENT,,
Midlantic December Mixed (2011),2011-12-05,252,B,CHOIR OF ANGELS,F,ECCLESIASTIC,CASE OF THE BLUES,IN CASE,SALLY THOMAS AGENT,OUT,0,,2010-05-19,MARYLAND,I,,,SALLY THOMAS AGENT,,
Midlantic December Mixed (2011),2011-12-05,253,GRR,LIVERPOOL MCKAY,F,VALUE PLUS,COCOMAMA,GLITTERMAN,WINDERMERE FARM,NOT SOLD,2000,,2010-03-03,PENNSYLVANIA,I,,,WINDERMERE FARM,,
Midlantic December Mixed (2011),2011-12-05,254,B,,F,E DUBAI,CRAFTY MOVE,SILVER DEPUTY,LEGACY BLOODSTOCK AGENT FOR CHARLES E. FESTA JR.,BRUCE LEVINE,17000,,2010-03-15,NEW YORK,I,,,LEGACY BLOODSTOCK AGENT FOR CHARLES E. FESTA JR.,,
Midlantic December Mixed (2011),2011-12-05,255,B,,C,HERE'S ZEALOUS,DANCING LILLIAN,ANEES,WINDERMERE FARM,NOT SOLD,2000,,2010-02-09,PENNSYLVANIA,I,,,WINDERMERE FARM,,
Midlantic December Mixed (2011),2011-12-05,256,CH,,C,LOVE OF MONEY,DOUBLE YOUR LUCK,POLISH NUMBERS,BECKY DAVIS INC. AGENT,HARRY KASSAP,6000,,2010-04-25,MARYLAND,A-B,,,BECKY DAVIS INC. AGENT,,
Midlantic December Mixed (2011),2011-12-05,257,B,E. QUEEN,F,E DUBAI,QUEEN ARETE,REGAL CLASSIC,MCMAHON OF SARATOGA THOROUGHBREDS LLC AGENT,OUT,0,,2008-04-26,NEW YORK,L,,,MCMAHON OF SARATOGA THOROUGHBREDS LLC AGENT,,
Midlantic December Mixed (2011),2011-12-05,258,GRR,FIVE STAR RATING,C,EXCHANGE RATE,FIVE GOLD STARS,MINING,KENWOOD RACING LLC.,BRYAN WEIPERT,3700,,2009-04-04,PENNSYLVANIA,J,,,KENWOOD RACING LLC.,,
Midlantic December Mixed (2011),2011-12-05,259,DKB,GRANNY MAC,F,FOREST CAMP,ROMANTIC REASON,DEVIL'S BAG,KENWOOD RACING LLC.,NOT SOLD,1000,,2007-03-31,KENTUCKY,J,,,KENWOOD RACING LLC.,,
Midlantic December Mixed (2011),2011-12-05,260,B,GREAT HARBOUR,C,JOHANNESBURG,GOLDEN IMAGE,STRIKE THE GOLD,CARY FROMMER AGENT FOR TIMBER BAY (FINAL PHASE OF COMPLETE D,OUT,0,,2007-04-22,KENTUCKY,B,,,CARY FROMMER AGENT FOR TIMBER BAY (FINAL PHASE OF COMPLETE D,,
Midlantic December Mixed (2011),2011-12-05,261,CH,LACROSSE MOON,G,MALIBU MOON,JAMIE'S SUNSHINE,TEMPERENCE HILL,BILL REIGHTLER AGENT,MICHAEL HORVATH,2500,,2007-02-18,KENTUCKY,C-D,,,BILL REIGHTLER AGENT,,
Midlantic December Mixed (2011),2011-12-05,262,CH,LORI'S LOVE,F,BOWMAN'S BAND,BIANCA LOVE,BIANCONI,GREEN WILLOW FARMS AGENT,R LARRY JOHNSON,15000,,2009-04-04,MARYLAND,I,,,GREEN WILLOW FARMS AGENT,,
Midlantic December Mixed (2011),2011-12-05,263,B,LUCKY HOLLY,F,POWERSCOURT (GB),DAS IS ALLES,ROY,CHANCELAND FARM INC. AGENT,OUT,0,,2007-03-18,MARYLAND,C,,,CHANCELAND FARM INC. AGENT,,
Midlantic December Mixed (2011),2011-12-05,264,B,MATTAPONI,F,YONAGUSKA,PRIMEQUEST,CORONADO'S QUEST,GREEN WILLOW FARMS AGENT,JOHN STAHLIN,2300,,2008-02-27,MARYLAND,I,,,GREEN WILLOW FARMS AGENT,,
Midlantic December Mixed (2011),2011-12-05,265,DKB,MCDERMOTT,C,ARTIE SCHILLER,TROPIC RHYTHM,DYNAFORMER,CARY FROMMER AGENT FOR TIMBER BAY (FINAL PHASE OF COMPLETE D,OUT,0,,2009-02-04,PENNSYLVANIA,B,,,CARY FROMMER AGENT FOR TIMBER BAY (FINAL PHASE OF COMPLETE D,,
Midlantic December Mixed (2011),2011-12-05,266,B,MEDAGLIA'S IMAGE,G,MEDAGLIA D'ORO,GOLDEN IMAGE,STRIKE THE GOLD,CARY FROMMER AGENT FOR TIMBER BAY (FINAL PHASE OF COMPLETE D,OUT,0,,2008-05-05,PENNSYLVANIA,B,,,CARY FROMMER AGENT FOR TIMBER BAY (FINAL PHASE OF COMPLETE D,,
Midlantic December Mixed (2011),2011-12-05,267,B,MOON MEETING TOO,F,MALIBU MOON,CARNA,DEHERE,MARSHALL W. SILVERMAN AGENT FOR THE ESTATE OF CARY W. JACKSON,COUNTRY LIFE FARM AGENT,25000,,2009-02-24,MARYLAND,I-J,,,MARSHALL W. SILVERMAN AGENT FOR THE ESTATE OF CARY W. JACKSON,,
Midlantic December Mixed (2011),2011-12-05,268,B,MOSTLY LOVE,F,LEROIDESANIMAUX (BRZ),ANABELTAYLOR,LEAR FAN,LITZ BLOODSTOCK SERVICES AGENT,NOT SOLD,6000,,2008-03-12,NEW YORK,J,,,LITZ BLOODSTOCK SERVICES AGENT,,
Midlantic December Mixed (2011),2011-12-05,269,CH,PEGGY RING,F,GHOSTZAPPER,TOTALLY COSMIC,COZZENE,CHARLTON (MR. & MRS. RICK ABBOTT) AGENT,PEWTER STABLE,3500,,2008-05-08,PENNSYLVANIA,J-K,,,CHARLTON (MR. & MRS. RICK ABBOTT) AGENT,,
Midlantic December Mixed (2011),2011-12-05,270,B,REEL VICTORY,M,VICTORY GALLOP,DE ROSE COLONY,DEHERE,CARY FROMMER AGENT FOR TIMBER BAY (FINAL PHASE OF COMPLETE D,ANN W MERRYMAN,23000,,2006-02-07,KENTUCKY,B,,,CARY FROMMER AGENT FOR TIMBER BAY (FINAL PHASE OF COMPLETE D,,
Midlantic December Mixed (2011),2011-12-05,271,B,SCHILLERETTE,F,ARTIE SCHILLER,MISSMAYBE,TALE OF THE CAT,CARY FROMMER AGENT FOR TIMBER BAY (FINAL PHASE OF COMPLETE D,OUT,0,,2008-01-14,NEW YORK,B,,,CARY FROMMER AGENT FOR TIMBER BAY (FINAL PHASE OF COMPLETE D,,
Midlantic December Mixed (2011),2011-12-05,272,DKB,SHAK SHAK,F,BRAHMS,POINCIANA,HORSE CHESTNUT (SAF),CHANCELAND FARM INC. AGENT,JAMES TSIRIGOTIS JR,3200,,2008-02-23,KENTUCKY,C,,,CHANCELAND FARM INC. AGENT,,
Midlantic December Mixed (2011),2011-12-05,273,DKB,SHESALLALADY,F,SNOW RIDGE,THIRD COLLECTION,EVENING KRIS,CRANE THOROUGHBREDS AGENT,OUT,0,,2009-03-02,PENNSYLVANIA,J,,,CRANE THOROUGHBREDS AGENT,,
Midlantic December Mixed (2011),2011-12-05,274,DKB,SON OF BERYL,C,BELONG TO ME,DE ROSE COLONY,DEHERE,CARY FROMMER AGENT FOR TIMBER BAY (FINAL PHASE OF COMPLETE D,OUT,0,,2009-03-28,KENTUCKY,B,,,CARY FROMMER AGENT FOR TIMBER BAY (FINAL PHASE OF COMPLETE D,,
Midlantic December Mixed (2011),2011-12-05,275,DKB,THEME PARK,F,SMOKE GLACKEN,THEME,THEATRICAL (IRE),CHARLTON (MR. & MRS. RICK ABBOTT) AGENT,PHILIP H KETRELAKES,4500,,2009-04-03,KENTUCKY,J-K,,,CHARLTON (MR. & MRS. RICK ABBOTT) AGENT,,
Midlantic December Mixed (2011),2011-12-05,276,DKB,ZIPPY'S TIGER,G,JOHAR,DAS IS ALLES,ROY,CHANCELAND FARM INC. AGENT,ANN HERMAN,5000,,2008-04-03,MARYLAND,C,,,CHANCELAND FARM INC. AGENT,,
Midlantic December Mixed (2011),2011-12-05,277,B,ALTRUISTIC TALES,F,ARTIE SCHILLER,FAIRYTALESCOMETRUE,IRISH RIVER (FR),GREEN WILLOW FARMS AGENT,NOT SOLD,5200,,2008-04-16,KENTUCKY,I,,,GREEN WILLOW FARMS AGENT,,
Midlantic December Mixed (2011),2011-12-05,278,B,ARTIE'S PARTY,F,ARTIE SCHILLER,MAY WE,CARSON CITY,CARY FROMMER AGENT FOR TIMBER BAY (FINAL PHASE OF COMPLETE D,A FERRIS ALLEN III AGENT,20000,,2008-04-11,KENTUCKY,B,,,CARY FROMMER AGENT FOR TIMBER BAY (FINAL PHASE OF COMPLETE D,,
Midlantic December Mixed (2011),2011-12-05,279,B,CLASS MARK,G,NOT FOR LOVE,CLASS EXCELLS,CLASS SECRET,WENDY HENDRIKS AGENT FOR DEBRA E. KACHEL,NOT SOLD,1000,,2006-04-19,VIRGINIA,J,,,WENDY HENDRIKS AGENT FOR DEBRA E. KACHEL,,
Midlantic December Mixed (2011),2011-12-05,280,CH,DISCOUNT RATE,F,EXCHANGE RATE,FIRST SONG,RAHY,GREEN WILLOW FARMS AGENT,CLASSIC FOR ELLIOT MAVORAH,3000,,2009-04-17,KENTUCKY,I,,,GREEN WILLOW FARMS AGENT,,
Midlantic December Mixed (2011),2011-12-05,285,DKB,,F,COSMONAUT,FAIR GAME,WESTERN EXPRESSION,HIDDEN BROOK AGENT FOR FLYING ZEE STABLE DISPERSAL PHASE II,LYNWOOD STABLE AGENT,25000,,2011-02-24,NEW YORK,D-H,,,HIDDEN BROOK AGENT FOR FLYING ZEE STABLE DISPERSAL PHASE II,,
Midlantic December Mixed (2011),2011-12-05,286,DKB,FIRST IMPRESSION,M,MR. GREELEY,CLASSIC IMP,HIS MAJESTY,HIDDEN BROOK AGENT FOR FLYING ZEE STABLE DISPERSAL PHASE II,HIDDEN BROOK FARM AGENT,3500,,1999-03-07,NEW YORK,D-H,,,HIDDEN BROOK AGENT FOR FLYING ZEE STABLE DISPERSAL PHASE II,,
Midlantic December Mixed (2011),2011-12-05,287,DKB,,C,INCLUDE,FIRST IMPRESSION,MR. GREELEY,HIDDEN BROOK AGENT FOR FLYING ZEE STABLE DISPERSAL PHASE II,JAMES R & BARBARA ANN LAYDEN,6500,,2011-05-26,NEW YORK,D-H,,,HIDDEN BROOK AGENT FOR FLYING ZEE STABLE DISPERSAL PHASE II,,
Midlantic December Mixed (2011),2011-12-05,288,CH,FLIPPANT,M,THUNDER PUDDLES,BRASH LASS,NOBLE NASHUA,HIDDEN BROOK AGENT FOR FLYING ZEE STABLE DISPERSAL PHASE II,CHAD SCHUMER AGENT,12000,,1993-03-05,NEW YORK,D-H,TALE OF THE CAT,2011-02-19,HIDDEN BROOK AGENT FOR FLYING ZEE STABLE DISPERSAL PHASE II,,
Midlantic December Mixed (2011),2011-12-05,289,B,,C,TALE OF THE CAT,FRENCH MANICURE,HAWKSTER,HIDDEN BROOK AGENT FOR FLYING ZEE STABLE DISPERSAL PHASE II,BEACH BAR LLC,45000,,2011-05-29,NEW YORK,D-H,,,HIDDEN BROOK AGENT FOR FLYING ZEE STABLE DISPERSAL PHASE II,,
Midlantic December Mixed (2011),2011-12-05,290,DKB,FRONT COVER,M,WESTERN EXPRESSION,KEVIN'S DECISION,EXPENSIVE DECISION,HIDDEN BROOK AGENT FOR FLYING ZEE STABLE DISPERSAL PHASE II,HARRY L LANDRY,3000,,2007-02-21,NEW YORK,D-H,JUSTENUFFHUMOR,2011-04-27,HIDDEN BROOK AGENT FOR FLYING ZEE STABLE DISPERSAL PHASE II,,
Midlantic December Mixed (2011),2011-12-05,291,CH,,F,MONTBROOK,FRONT COVER,WESTERN EXPRESSION,HIDDEN BROOK AGENT FOR FLYING ZEE STABLE DISPERSAL PHASE II,CANDYLAND,19000,,2011-03-17,NEW YORK,D-H,,,HIDDEN BROOK AGENT FOR FLYING ZEE STABLE DISPERSAL PHASE II,,
Midlantic December Mixed (2011),2011-12-05,292,CH,GRACE'N STYLE,M,AFLEET ALEX,GRACEFUL LEIGH,CLEVER TRICK,HIDDEN BROOK AGENT FOR FLYING ZEE STABLE DISPERSAL PHASE II,MARK WEDIG,1500,Y,2007-02-23,KENTUCKY,D-H,COSMONAUT,2011-05-09,HIDDEN BROOK AGENT FOR FLYING ZEE STABLE DISPERSAL PHASE II,,
Midlantic December Mixed (2011),2011-12-05,293,CH,HANGINGBYAMOMENT,M,THUNDER GULCH,KERMIS,GRAUSTARK,HIDDEN BROOK AGENT FOR FLYING ZEE STABLE DISPERSAL PHASE II,HIDDEN BROOK FARM AGENT,5200,,1999-04-05,KENTUCKY,D-H,,,HIDDEN BROOK AGENT FOR FLYING ZEE STABLE DISPERSAL PHASE II,,
Midlantic December Mixed (2011),2011-12-05,294,CH,,F,FIRST SAMURAI,HANGINGBYAMOMENT,THUNDER GULCH,HIDDEN BROOK AGENT FOR FLYING ZEE STABLE DISPERSAL PHASE II,OUT,0,,2011-05-19,NEW YORK,D-H,,,HIDDEN BROOK AGENT FOR FLYING ZEE STABLE DISPERSAL PHASE II,,
Midlantic December Mixed (2011),2011-12-05,295,B,HANGINGONAPRAYER,M,GRAND SLAM,HANGINGBYAMOMENT,THUNDER GULCH,HIDDEN BROOK AGENT FOR FLYING ZEE STABLE DISPERSAL PHASE II,ED PRICE,15000,,2005-03-24,NEW YORK,D-H,CONGAREE,2011-03-23,HIDDEN BROOK AGENT FOR FLYING ZEE STABLE DISPERSAL PHASE II,,
Midlantic December Mixed (2011),2011-12-05,296,DKB,IDLE GOSSIP,M,WESTERN EXPRESSION,FIRST IMPRESSION,MR. GREELEY,HIDDEN BROOK AGENT FOR FLYING ZEE STABLE DISPERSAL PHASE II,NOT SOLD,1000,,2006-04-07,NEW YORK,D-H,COSMONAUT,2011-05-29,HIDDEN BROOK AGENT FOR FLYING ZEE STABLE DISPERSAL PHASE II,,
Midlantic December Mixed (2011),2011-12-05,297,GRR,,C,COSMONAUT,IDLE GOSSIP,WESTERN EXPRESSION,HIDDEN BROOK AGENT FOR FLYING ZEE STABLE DISPERSAL PHASE II,NY ROAD SALES,17000,,2011-03-20,NEW YORK,D-H,,,HIDDEN BROOK AGENT FOR FLYING ZEE STABLE DISPERSAL PHASE II,,
Midlantic December Mixed (2011),2011-12-05,298,CH,KEVIN'S DECISION,M,EXPENSIVE DECISION,FAIRY QUEEN,TOM ROLFE,HIDDEN BROOK AGENT FOR FLYING ZEE STABLE DISPERSAL PHASE II,BARBARA A SULLIVAN,40000,,2000-04-09,NEW YORK,D-H,LOOKIN AT LUCKY,2011-02-22,HIDDEN BROOK AGENT FOR FLYING ZEE STABLE DISPERSAL PHASE II,,
Midlantic December Mixed (2011),2011-12-05,299,CH,,C,EDDINGTON,KEY DEFINITION,GENTLEMEN (ARG),HIDDEN BROOK AGENT FOR FLYING ZEE STABLE DISPERSAL PHASE II,LINDA RICE AGENT,20000,,2011-03-08,NEW YORK,D-H,,,HIDDEN BROOK AGENT FOR FLYING ZEE STABLE DISPERSAL PHASE II,,
Midlantic December Mixed (2011),2011-12-05,300,DKB,MISS WINNING SWEEP,M,END SWEEP,WINNING JOURNEY,JOURNEY AT SEA,HIDDEN BROOK AGENT FOR FLYING ZEE STABLE DISPERSAL PHASE II,MILLENNIUM FARMS,59000,,1996-01-29,FLORIDA,D-H,INDIAN CHARLIE,2011-03-14,HIDDEN BROOK AGENT FOR FLYING ZEE STABLE DISPERSAL PHASE II,,
Midlantic December Mixed (2011),2011-12-05,301,CH,,F,CONGAREE,OLDE GLAMOUR,KELLY KIP,HIDDEN BROOK AGENT FOR FLYING ZEE STABLE DISPERSAL PHASE II,ROBERT BACHELOR,1000,Y,2011-03-27,NEW YORK,D-H,,,HIDDEN BROOK AGENT FOR FLYING ZEE STABLE DISPERSAL PHASE II,,
Midlantic December Mixed (2011),2011-12-05,302,B,PICTURE,M,ROAR,AUTUMN MOOD,L'EMIGRANT,HIDDEN BROOK AGENT FOR FLYING ZEE STABLE DISPERSAL PHASE II,CASTLE PARK FARM,42000,,1999-01-22,KENTUCKY,D-H,HARD SPUN,2011-05-28,HIDDEN BROOK AGENT FOR FLYING ZEE STABLE DISPERSAL PHASE II,,
Midlantic December Mixed (2011),2011-12-05,303,B,,C,PURE PRIZE,PICTURE,ROAR,HIDDEN BROOK AGENT FOR FLYING ZEE STABLE DISPERSAL PHASE II,LINDA RICE AGENT,42000,,2011-05-08,NEW YORK,D-H,,,HIDDEN BROOK AGENT FOR FLYING ZEE STABLE DISPERSAL PHASE II,,
Midlantic December Mixed (2011),2011-12-05,304,CH,POINT SPREAD,M,POINT GIVEN,SCHAUM'S CLASS,CONQUISTADOR CIELO,HIDDEN BROOK AGENT FOR FLYING ZEE STABLE DISPERSAL PHASE II,OUT,0,,2003-05-09,NEW YORK,D-H,WESTERN EXPRESSION,2011-03-02,HIDDEN BROOK AGENT FOR FLYING ZEE STABLE DISPERSAL PHASE II,,
Midlantic December Mixed (2011),2011-12-05,305,CH,,F,WESTERN EXPRESSION,POINT SPREAD,POINT GIVEN,HIDDEN BROOK AGENT FOR FLYING ZEE STABLE DISPERSAL PHASE II,SARATOGA GLEN FARM LLC,5500,,2011-02-21,NEW YORK,D-H,,,HIDDEN BROOK AGENT FOR FLYING ZEE STABLE DISPERSAL PHASE II,,
Midlantic December Mixed (2011),2011-12-05,306,DKB,PRONTO PRONTO,M,FUSAICHI PEGASUS,SALTY ROMANCE,SALT LAKE,HIDDEN BROOK AGENT FOR FLYING ZEE STABLE DISPERSAL PHASE II,THREE DIAMONDS FARM,4700,,2006-01-19,NEW YORK,D-H,CONGAREE,2011-04-09,HIDDEN BROOK AGENT FOR FLYING ZEE STABLE DISPERSAL PHASE II,,
Midlantic December Mixed (2011),2011-12-05,307,B,,F,HEATSEEKER (IRE),PRONTO PRONTO,FUSAICHI PEGASUS,HIDDEN BROOK AGENT FOR FLYING ZEE STABLE DISPERSAL PHASE II,VINERY BLOODSTOCK AGENT,2500,,2011-02-18,NEW YORK,D-H,,,HIDDEN BROOK AGENT FOR FLYING ZEE STABLE DISPERSAL PHASE II,,
Midlantic December Mixed (2011),2011-12-05,308,DKB,RAIN DELAY,M,GRAND SLAM,FLYING LAUREN,STORM BIRD,HIDDEN BROOK AGENT FOR FLYING ZEE STABLE DISPERSAL PHASE II,DENNY ANDREWS,5700,,2005-03-28,KENTUCKY,D-H,,,HIDDEN BROOK AGENT FOR FLYING ZEE STABLE DISPERSAL PHASE II,,
Midlantic December Mixed (2011),2011-12-05,309,DKB,,F,COSMONAUT,RAIN DELAY,GRAND SLAM,HIDDEN BROOK AGENT FOR FLYING ZEE STABLE DISPERSAL PHASE II,MJK BLOODSTOCK,1100,,2011-04-23,NEW YORK,D-H,,,HIDDEN BROOK AGENT FOR FLYING ZEE STABLE DISPERSAL PHASE II,,
Midlantic December Mixed (2011),2011-12-05,310,CH,RHYTHM OF DIXIE,M,E DUBAI,DIXIELAND ACHIEVER,DIXIELAND BAND,HIDDEN BROOK AGENT FOR FLYING ZEE STABLE DISPERSAL PHASE II,NOT SOLD,1000,,2005-02-09,NEW YORK,D-H,STONESIDER,2011-06-07,HIDDEN BROOK AGENT FOR FLYING ZEE STABLE DISPERSAL PHASE II,,
Midlantic December Mixed (2011),2011-12-05,311,CH,,F,STONESIDER,RHYTHM OF DIXIE,E DUBAI,HIDDEN BROOK AGENT FOR FLYING ZEE STABLE DISPERSAL PHASE II,OUT,0,,2011-04-02,NEW YORK,D-H,,,HIDDEN BROOK AGENT FOR FLYING ZEE STABLE DISPERSAL PHASE II,,
Midlantic December Mixed (2011),2011-12-05,312,B,SALTY ROMANCE,M,SALT LAKE,CHECKERSPOT,AFFIRMED,HIDDEN BROOK AGENT FOR FLYING ZEE STABLE DISPERSAL PHASE II,C MARTIN FOR BLUE DEVIL RACING,260000,,2001-03-29,KENTUCKY,D-H,COSMONAUT,2011-05-06,HIDDEN BROOK AGENT FOR FLYING ZEE STABLE DISPERSAL PHASE II,,
Midlantic December Mixed (2011),2011-12-05,313,B,,C,CONGAREE,SALTY ROMANCE,SALT LAKE,HIDDEN BROOK AGENT FOR FLYING ZEE STABLE DISPERSAL PHASE II,MACHMER HALL,48000,,2011-03-19,NEW YORK,D-H,,,HIDDEN BROOK AGENT FOR FLYING ZEE STABLE DISPERSAL PHASE II,,
Midlantic December Mixed (2011),2011-12-05,314,DKB,SEEYOUINMYDREAMS,M,COMET SHINE,FLIPPANT,THUNDER PUDDLES,HIDDEN BROOK AGENT FOR FLYING ZEE STABLE DISPERSAL PHASE II,JASON R DAISEY,1000,,1999-04-22,NEW YORK,D-H,,,HIDDEN BROOK AGENT FOR FLYING ZEE STABLE DISPERSAL PHASE II,,
Midlantic December Mixed (2011),2011-12-05,315,B,,C,AFLEET ALEX,SEEYOUINMYDREAMS,COMET SHINE,HIDDEN BROOK AGENT FOR FLYING ZEE STABLE DISPERSAL PHASE II,GAVIN-TY RACING,2500,,2011-02-28,NEW YORK,D-H,,,HIDDEN BROOK AGENT FOR FLYING ZEE STABLE DISPERSAL PHASE II,,
Midlantic December Mixed (2011),2011-12-05,316,B,,C,JUMP START,SIMPLY SIMPLE,WILD AGAIN,HIDDEN BROOK AGENT FOR FLYING ZEE STABLE DISPERSAL PHASE II,GRANDPA'S DREAM,2000,,2011-03-27,NEW YORK,D-H,,,HIDDEN BROOK AGENT FOR FLYING ZEE STABLE DISPERSAL PHASE II,,
Midlantic December Mixed (2011),2011-12-05,317,DKB,SMOKE N SHADOWS,M,SMOKE GLACKEN,HALOMATIC,HALO,HIDDEN BROOK AGENT FOR FLYING ZEE STABLE DISPERSAL PHASE II,ED SCHATZEL,17000,,2001-04-12,KENTUCKY,D-H,PURE PRIZE,2011-04-09,HIDDEN BROOK AGENT FOR FLYING ZEE STABLE DISPERSAL PHASE II,,
Midlantic December Mixed (2011),2011-12-05,318,CH,,F,FREUD,SMOKE N SHADOWS,SMOKE GLACKEN,HIDDEN BROOK AGENT FOR FLYING ZEE STABLE DISPERSAL PHASE II,OUT,0,,2011-03-07,NEW YORK,D-H,,,HIDDEN BROOK AGENT FOR FLYING ZEE STABLE DISPERSAL PHASE II,,
Midlantic December Mixed (2011),2011-12-05,319,DKB,SOUTHERN COOKIN,M,WESTERN EXPRESSION,COMEON DIXIE,MR. GREELEY,HIDDEN BROOK AGENT FOR FLYING ZEE STABLE DISPERSAL PHASE II,JODIE POINTER,1000,,2006-02-14,NEW YORK,D-H,CONGAREE,2011-03-19,HIDDEN BROOK AGENT FOR FLYING ZEE STABLE DISPERSAL PHASE II,,
Midlantic December Mixed (2011),2011-12-05,320,B,,F,MINESHAFT,SOUTHERN COOKIN,WESTERN EXPRESSION,HIDDEN BROOK AGENT FOR FLYING ZEE STABLE DISPERSAL PHASE II,CLASSIC FOR GROUP OF FRIENDS,23000,,2011-02-05,NEW YORK,D-H,,,HIDDEN BROOK AGENT FOR FLYING ZEE STABLE DISPERSAL PHASE II,,
Midlantic December Mixed (2011),2011-12-05,321,DKB,STOCK TIP,M,THUNDER GULCH,COOKINGWITHMARTHA,MAJESTIC LIGHT,HIDDEN BROOK AGENT FOR FLYING ZEE STABLE DISPERSAL PHASE II,MANOLO GONZALEZ,1000,Y,2002-04-13,KENTUCKY,D-H,COSMONAUT,2011-02-19,HIDDEN BROOK AGENT FOR FLYING ZEE STABLE DISPERSAL PHASE II,,
Midlantic December Mixed (2011),2011-12-05,322,CH,,C,GOLDEN MISSILE,STOCK TIP,THUNDER GULCH,HIDDEN BROOK AGENT FOR FLYING ZEE STABLE DISPERSAL PHASE II,AIMEE D HALL,1100,,2011-01-21,NEW YORK,D-H,,,HIDDEN BROOK AGENT FOR FLYING ZEE STABLE DISPERSAL PHASE II,,
Midlantic December Mixed (2011),2011-12-05,323,DKB,SWEPT THE SERIES,M,GRAND SLAM,MISS WINNING SWEEP,END SWEEP,HIDDEN BROOK AGENT FOR FLYING ZEE STABLE DISPERSAL PHASE II,DENNY ANDREWS,6000,,2005-04-24,NEW YORK,D-H,,,HIDDEN BROOK AGENT FOR FLYING ZEE STABLE DISPERSAL PHASE II,,
Midlantic December Mixed (2011),2011-12-05,324,DKB,,C,STONESIDER,SWEPT THE SERIES,GRAND SLAM,HIDDEN BROOK AGENT FOR FLYING ZEE STABLE DISPERSAL PHASE II,DOUBLE DEEZ STABLES INC,1000,Y,2011-05-07,NEW YORK,D-H,,,HIDDEN BROOK AGENT FOR FLYING ZEE STABLE DISPERSAL PHASE II,,
Midlantic December Mixed (2011),2011-12-05,325,CH,THE MATERIAL GIRL,M,SONGANDAPRAYER,BLONDIE LOGIC,THUNDER PUDDLES,HIDDEN BROOK AGENT FOR FLYING ZEE STABLE DISPERSAL PHASE II,BRADLEY THOROUGHBREDS,13000,,2005-03-09,NEW YORK,D-H,AFLEET ALEX,2011-05-18,HIDDEN BROOK AGENT FOR FLYING ZEE STABLE DISPERSAL PHASE II,,
Midlantic December Mixed (2011),2011-12-05,326,B,,F,SUAVE,THE MATERIAL GIRL,SONGANDAPRAYER,HIDDEN BROOK AGENT FOR FLYING ZEE STABLE DISPERSAL PHASE II,AURORA SPRINGS STABLE,1400,,2011-04-25,NEW YORK,D-H,,,HIDDEN BROOK AGENT FOR FLYING ZEE STABLE DISPERSAL PHASE II,,
Midlantic December Mixed (2011),2011-12-05,327,B,THE REAL MELODY,M,UNBRIDLED'S SONG,LILYA'S FOR REAL,IN REALITY,HIDDEN BROOK AGENT FOR FLYING ZEE STABLE DISPERSAL PHASE II,MACHMER HALL,52000,,1999-05-15,KENTUCKY,D-H,GIANT'S CAUSEWAY,2011-05-26,HIDDEN BROOK AGENT FOR FLYING ZEE STABLE DISPERSAL PHASE II,,
Midlantic December Mixed (2011),2011-12-05,328,B,,C,HARD SPUN,THE REAL MELODY,UNBRIDLED'S SONG,HIDDEN BROOK AGENT FOR FLYING ZEE STABLE DISPERSAL PHASE II,DUNDRUM FARM,205000,,2011-05-06,NEW YORK,D-H,,,HIDDEN BROOK AGENT FOR FLYING ZEE STABLE DISPERSAL PHASE II,,
Midlantic December Mixed (2011),2011-12-05,329,B,THUNDEROUSLY,M,WILD AGAIN,THUNDER ACHIEVER,THUNDER PUDDLES,HIDDEN BROOK AGENT FOR FLYING ZEE STABLE DISPERSAL PHASE II,JOSEPH MCMAHON,29000,,1999-01-28,NEW YORK,D-H,HENRYTHENAVIGATOR,2011-05-14,HIDDEN BROOK AGENT FOR FLYING ZEE STABLE DISPERSAL PHASE II,,
Midlantic December Mixed (2011),2011-12-05,330,B,,C,ARTIE SCHILLER,THUNDEROUSLY,WILD AGAIN,HIDDEN BROOK AGENT FOR FLYING ZEE STABLE DISPERSAL PHASE II,GLENCREST FARM LLC AGENT,42000,,2011-02-25,NEW YORK,D-H,,,HIDDEN BROOK AGENT FOR FLYING ZEE STABLE DISPERSAL PHASE II,,
Midlantic December Mixed (2011),2011-12-05,331,DKB,WALK THE TALK,M,IN A WALK,OUR DANI,HOMEBUILDER,HIDDEN BROOK AGENT FOR FLYING ZEE STABLE DISPERSAL PHASE II,BRADLEY THOROUGHBREDS,5000,,2002-03-27,KENTUCKY,D-H,,,HIDDEN BROOK AGENT FOR FLYING ZEE STABLE DISPERSAL PHASE II,,
Midlantic December Mixed (2011),2011-12-05,332,DKB,,C,COSMONAUT,WESTERN LARIAT,WESTERN EXPRESSION,HIDDEN BROOK AGENT FOR FLYING ZEE STABLE DISPERSAL PHASE II,TERRY D LOVELACE AGENT,1000,,2011-03-16,NEW YORK,D-H,,,HIDDEN BROOK AGENT FOR FLYING ZEE STABLE DISPERSAL PHASE II,,
Midlantic December Mixed (2011),2011-12-05,333,DKB,WHATEVERWILLBWILLB,M,WESTERN EXPRESSION,OLD EMOTIONS,WILD AGAIN,HIDDEN BROOK AGENT FOR FLYING ZEE STABLE DISPERSAL PHASE II,MICHAEL SPIELMAN,8000,,2003-02-15,NEW YORK,D-H,COSMONAUT,2011-03-23,HIDDEN BROOK AGENT FOR FLYING ZEE STABLE DISPERSAL PHASE II,,
Midlantic December Mixed (2011),2011-12-05,334,GRR,,C,COSMONAUT,WHATEVERWILLBWILLB,WESTERN EXPRESSION,HIDDEN BROOK AGENT FOR FLYING ZEE STABLE DISPERSAL PHASE II,EQB INC AGENT,11000,,2011-01-29,NEW YORK,D-H,,,HIDDEN BROOK AGENT FOR FLYING ZEE STABLE DISPERSAL PHASE II,,
Midlantic December Mixed (2011),2011-12-05,335,GRR,A WALK ABOVE,F,AFLEET ALEX,DIVINE ANGEL,MATTY G,HIDDEN BROOK AGENT FOR FLYING ZEE STABLE DISPERSAL PHASE II,DOUBLE DEEZ STABLES INC,1750,,2008-05-17,KENTUCKY,D-H,,,HIDDEN BROOK AGENT FOR FLYING ZEE STABLE DISPERSAL PHASE II,,
Midlantic December Mixed (2011),2011-12-05,336,CH,,F,HEATSEEKER (IRE),BELLANIQUE,JOYEUX DANSEUR,HIDDEN BROOK AGENT FOR FLYING ZEE STABLE DISPERSAL PHASE II,CHARLES F ENGEL,4500,,2011-04-09,NEW YORK,D-H,,,HIDDEN BROOK AGENT FOR FLYING ZEE STABLE DISPERSAL PHASE II,,
Midlantic December Mixed (2011),2011-12-05,337,CH,,F,VAN NISTELROOY,BONNIE DARES,ARCH,HIDDEN BROOK AGENT FOR FLYING ZEE STABLE DISPERSAL PHASE II,VINERY BLOODSTOCK AGENT,2500,,2011-04-03,NEW YORK,D-H,,,HIDDEN BROOK AGENT FOR FLYING ZEE STABLE DISPERSAL PHASE II,,
Midlantic December Mixed (2011),2011-12-05,338,B,COMACINA,M,DIXIE UNION,LAKE PALACE,SALT LAKE,HIDDEN BROOK AGENT FOR FLYING ZEE STABLE DISPERSAL PHASE II,OUR SUSAN BEAN STABLE,52000,,2002-04-05,KENTUCKY,D-H,HARD SPUN,2011-05-10,HIDDEN BROOK AGENT FOR FLYING ZEE STABLE DISPERSAL PHASE II,,
Midlantic December Mixed (2011),2011-12-05,339,B,,C,FUSAICHI PEGASUS,COMACINA,DIXIE UNION,HIDDEN BROOK AGENT FOR FLYING ZEE STABLE DISPERSAL PHASE II,MATTHEW T GROFF,33000,,2011-02-28,NEW YORK,D-H,,,HIDDEN BROOK AGENT FOR FLYING ZEE STABLE DISPERSAL PHASE II,,
Midlantic December Mixed (2011),2011-12-05,340,CH,DIXIELAND ACHIEVER,M,DIXIELAND BAND,THUNDER ACHIEVER,THUNDER PUDDLES,HIDDEN BROOK AGENT FOR FLYING ZEE STABLE DISPERSAL PHASE II,TWIN PEAKS,35000,,2001-04-14,NEW YORK,D-H,,,HIDDEN BROOK AGENT FOR FLYING ZEE STABLE DISPERSAL PHASE II,,
Midlantic December Mixed (2011),2011-12-05,341,CH,,C,EDDINGTON,DIXIELAND ACHIEVER,DIXIELAND BAND,HIDDEN BROOK AGENT FOR FLYING ZEE STABLE DISPERSAL PHASE II,ROCCO BLOODSTOCK,25000,,2011-04-28,NEW YORK,D-H,,,HIDDEN BROOK AGENT FOR FLYING ZEE STABLE DISPERSAL PHASE II,,
Midlantic December Mixed (2011),2011-12-05,342,CH,,F,STONESIDER,PLAYIN DOCTOR,DR. BLUM,HIDDEN BROOK AGENT FOR FLYING ZEE STABLE DISPERSAL PHASE II,VINERY BLOODSTOCK AGENT,5000,,2011-03-29,NEW YORK,D-H,,,HIDDEN BROOK AGENT FOR FLYING ZEE STABLE DISPERSAL PHASE II,,
Midlantic December Mixed (2011),2011-12-05,343,B,,F,ARTIE SCHILLER,KEVIN'S DECISION,EXPENSIVE DECISION,HIDDEN BROOK AGENT FOR FLYING ZEE STABLE DISPERSAL PHASE II,VINERY BLOODSTOCK AGENT,50000,,2009-04-14,NEW YORK,D-H,,,HIDDEN BROOK AGENT FOR FLYING ZEE STABLE DISPERSAL PHASE II,,
Midlantic December Mixed (2011),2011-12-05,344,CH,,C,E DUBAI,KEY DEFINITION,GENTLEMEN (ARG),HIDDEN BROOK AGENT FOR FLYING ZEE STABLE DISPERSAL PHASE II,ANGELO ZALALAS,13000,,2009-02-13,NEW YORK,D-H,,,HIDDEN BROOK AGENT FOR FLYING ZEE STABLE DISPERSAL PHASE II,,
Midlantic December Mixed (2011),2011-12-05,345,B,,C,VAN NISTELROOY,SIMPLY SIMPLE,WILD AGAIN,HIDDEN BROOK AGENT FOR FLYING ZEE STABLE DISPERSAL PHASE II,PTK LLC,12000,,2009-03-10,NEW YORK,D-H,,,HIDDEN BROOK AGENT FOR FLYING ZEE STABLE DISPERSAL PHASE II,,
Midlantic December Mixed (2011),2011-12-05,346,DKB,LUXURY APPEAL,C,JOHANNESBURG,SALTY ROMANCE,SALT LAKE,HIDDEN BROOK AGENT FOR FLYING ZEE STABLE DISPERSAL PHASE II,DAVANT LATHAM AGENT,25000,,2008-03-07,NEW YORK,D-H,,,HIDDEN BROOK AGENT FOR FLYING ZEE STABLE DISPERSAL PHASE II,,
Midlantic December Mixed (2011),2011-12-05,347,B,,G,GRAND SLAM,VEILED PROMISES,SCARLET IBIS,HIDDEN BROOK AGENT FOR FLYING ZEE STABLE DISPERSAL PHASE II,DARMINDRA DHARAMJIT,2000,,2008-03-24,NEW YORK,D-H,,,HIDDEN BROOK AGENT FOR FLYING ZEE STABLE DISPERSAL PHASE II,,
Midlantic December Mixed (2011),2011-12-05,348,CH,WHITE SANGRIA,F,GIANT'S CAUSEWAY,COMACINA,DIXIE UNION,HIDDEN BROOK AGENT FOR FLYING ZEE STABLE DISPERSAL PHASE II,JOANNE NIELSEN,20000,,2009-02-11,NEW YORK,D-H,,,HIDDEN BROOK AGENT FOR FLYING ZEE STABLE DISPERSAL PHASE II,,
Midlantic December Mixed (2011),2011-12-05,349,B,CAUGHT ON CAMERA,C,CATIENUS,PICTURE,ROAR,HIDDEN BROOK AGENT FOR FLYING ZEE STABLE DISPERSAL PHASE II,OSCAR S BARRERA III,1500,,2008-03-23,NEW YORK,D-H,,,HIDDEN BROOK AGENT FOR FLYING ZEE STABLE DISPERSAL PHASE II,,
Midlantic December Mixed (2011),2011-12-05,350,CH,CREPUSCOLO,C,JOHANNESBURG,SATIN SUNRISE,MR. LEADER,HIDDEN BROOK AGENT FOR FLYING ZEE STABLE DISPERSAL PHASE II,JOHN DOWD AGENT,30000,,2008-03-29,KENTUCKY,D-H,,,HIDDEN BROOK AGENT FOR FLYING ZEE STABLE DISPERSAL PHASE II,,
Midlantic December Mixed (2011),2011-12-05,351,CH,ECCENTRIC LIFE,F,MR. GREELEY,CONCENTRIC,SHADEED,HIDDEN BROOK AGENT FOR FLYING ZEE STABLE DISPERSAL PHASE II,OUT,0,,2008-05-03,KENTUCKY,D-H,,,HIDDEN BROOK AGENT FOR FLYING ZEE STABLE DISPERSAL PHASE II,,
Midlantic December Mixed (2011),2011-12-05,352,B,FIRST VERSE,G,SONGANDAPRAYER,VEILED PROMISES,SCARLET IBIS,HIDDEN BROOK AGENT FOR FLYING ZEE STABLE DISPERSAL PHASE II,OUT,0,,2009-04-07,NEW YORK,D-H,,,HIDDEN BROOK AGENT FOR FLYING ZEE STABLE DISPERSAL PHASE II,,
Midlantic December Mixed (2011),2011-12-05,353,B,FIXIN THE BOOKS,F,TALE OF THE CAT,AUDIT,MEADOWLAKE,HIDDEN BROOK AGENT FOR FLYING ZEE STABLE DISPERSAL PHASE II,PTK LLC,20000,,2009-02-04,KENTUCKY,D-H,,,HIDDEN BROOK AGENT FOR FLYING ZEE STABLE DISPERSAL PHASE II,,
Midlantic December Mixed (2011),2011-12-05,354,B,FLY RIDE,C,STREET CRY (IRE),GRAN SENORITA,EL GRAN SENOR,HIDDEN BROOK AGENT FOR FLYING ZEE STABLE DISPERSAL PHASE II,RED & BLACK STABLE,35000,,2009-02-08,KENTUCKY,D-H,,,HIDDEN BROOK AGENT FOR FLYING ZEE STABLE DISPERSAL PHASE II,,
Midlantic December Mixed (2011),2011-12-05,355,CH,FREDERICKA LA ROSE,F,FUSAICHI PEGASUS,HANGINGBYAMOMENT,THUNDER GULCH,HIDDEN BROOK AGENT FOR FLYING ZEE STABLE DISPERSAL PHASE II,CHARLES FROCK,20000,,2009-03-09,NEW YORK,D-H,,,HIDDEN BROOK AGENT FOR FLYING ZEE STABLE DISPERSAL PHASE II,,
Midlantic December Mixed (2011),2011-12-05,356,DKB,GOODTIME BOY,C,STONESIDER,BABYIFURGOODTOGO,ELUSIVE QUALITY,HIDDEN BROOK AGENT FOR FLYING ZEE STABLE DISPERSAL PHASE II,CRUPI'S NEW CASTLE FARM INC,25000,,2009-02-06,NEW YORK,D-H,,,HIDDEN BROOK AGENT FOR FLYING ZEE STABLE DISPERSAL PHASE II,,
Midlantic December Mixed (2011),2011-12-05,357,CH,GOOSE NO FRUIT,C,PROUD CITIZEN,BELLANIQUE,JOYEUX DANSEUR,HIDDEN BROOK AGENT FOR FLYING ZEE STABLE DISPERSAL PHASE II,VINERY BLOODSTOCK AGENT,25000,,2009-03-22,NEW YORK,D-H,,,HIDDEN BROOK AGENT FOR FLYING ZEE STABLE DISPERSAL PHASE II,,
Midlantic December Mixed (2011),2011-12-05,358,DKB,GOSSIP COLUMN,G,BANDINI,HOT GOSSIP,JAVA GOLD,HIDDEN BROOK AGENT FOR FLYING ZEE STABLE DISPERSAL PHASE II,SILLY GOOSE STABLE,37000,,2009-02-23,NEW YORK,D-H,,,HIDDEN BROOK AGENT FOR FLYING ZEE STABLE DISPERSAL PHASE II,,
Midlantic December Mixed (2011),2011-12-05,359,CH,INNOCENT MAN,C,HENNY HUGHES,ACCUSATION,ROYAL ACADEMY,HIDDEN BROOK AGENT FOR FLYING ZEE STABLE DISPERSAL PHASE II,KONA STABLES,18000,,2009-03-24,KENTUCKY,D-H,,,HIDDEN BROOK AGENT FOR FLYING ZEE STABLE DISPERSAL PHASE II,,
Midlantic December Mixed (2011),2011-12-05,360,CH,INSINCERELY,F,MILLENNIUM WIND,SAINTCERELY,SAINT BALLADO,HIDDEN BROOK AGENT FOR FLYING ZEE STABLE DISPERSAL PHASE II,NOT SOLD,1000,,2007-01-17,NEW YORK,D-H,,,HIDDEN BROOK AGENT FOR FLYING ZEE STABLE DISPERSAL PHASE II,,
Midlantic December Mixed (2011),2011-12-05,361,GRR,JACKIN MY STYLE,C,TAPIT,FLIPPANT,THUNDER PUDDLES,HIDDEN BROOK AGENT FOR FLYING ZEE STABLE DISPERSAL PHASE II,DARMINDRA DHARAMJIT,12000,,2009-03-19,NEW YORK,D-H,,,HIDDEN BROOK AGENT FOR FLYING ZEE STABLE DISPERSAL PHASE II,,
Midlantic December Mixed (2011),2011-12-05,362,B,KITTY KAT ROCKSTAR,F,WESTERN EXPRESSION,VICTORY'S SISTER,CRYPTOCLEARANCE,HIDDEN BROOK AGENT FOR FLYING ZEE STABLE DISPERSAL PHASE II,OUT,0,,2008-02-18,NEW YORK,D-H,,,HIDDEN BROOK AGENT FOR FLYING ZEE STABLE DISPERSAL PHASE II,,
Midlantic December Mixed (2011),2011-12-05,363,CH,LADY VI,F,TALE OF THE CAT,DIXIELAND ACHIEVER,DIXIELAND BAND,HIDDEN BROOK AGENT FOR FLYING ZEE STABLE DISPERSAL PHASE II,OUT,0,,2008-03-15,NEW YORK,D-H,,,HIDDEN BROOK AGENT FOR FLYING ZEE STABLE DISPERSAL PHASE II,,
Midlantic December Mixed (2011),2011-12-05,364,B,MANERO,F,DISCO RICO,GRACEFULLY DONE,DEPUTY COMMANDER,HIDDEN BROOK AGENT FOR FLYING ZEE STABLE DISPERSAL PHASE II,RED & BLACK STABLE,87000,,2009-03-13,NEW YORK,D-H,,,HIDDEN BROOK AGENT FOR FLYING ZEE STABLE DISPERSAL PHASE II,,
Midlantic December Mixed (2011),2011-12-05,365,B,NECESSARY LUXURY,F,FUSAICHI PEGASUS,FRENCH MANICURE,HAWKSTER,HIDDEN BROOK AGENT FOR FLYING ZEE STABLE DISPERSAL PHASE II,SYNERGY RACING,12000,,2008-04-02,NEW YORK,D-H,,,HIDDEN BROOK AGENT FOR FLYING ZEE STABLE DISPERSAL PHASE II,,
Midlantic December Mixed (2011),2011-12-05,366,B,NURSE DOLCE,F,CATIENUS,PLAYIN DOCTOR,DR. BLUM,HIDDEN BROOK AGENT FOR FLYING ZEE STABLE DISPERSAL PHASE II,VINERY BLOODSTOCK AGENT,35000,,2007-02-17,NEW YORK,D-H,,,HIDDEN BROOK AGENT FOR FLYING ZEE STABLE DISPERSAL PHASE II,,
Midlantic December Mixed (2011),2011-12-05,367,B,QUIET GRANDEUR,F,QUIET AMERICAN,FROZEN ROPE,CLEVER TRICK,HIDDEN BROOK AGENT FOR FLYING ZEE STABLE DISPERSAL PHASE II,BINGO FARM,16000,,2008-05-03,KENTUCKY,D-H,,,HIDDEN BROOK AGENT FOR FLYING ZEE STABLE DISPERSAL PHASE II,,
Midlantic December Mixed (2011),2011-12-05,368,CH,RECURRING DREAM,G,LION HEART,SEEYOUINMYDREAMS,COMET SHINE,HIDDEN BROOK AGENT FOR FLYING ZEE STABLE DISPERSAL PHASE II,EDWARD BARKER,52000,,2009-05-19,NEW YORK,D-H,,,HIDDEN BROOK AGENT FOR FLYING ZEE STABLE DISPERSAL PHASE II,,
Midlantic December Mixed (2011),2011-12-05,369,CH,,F,DISCREET CAT,ROMANTIC REASON,DEVIL'S BAG,HIDDEN BROOK AGENT FOR FLYING ZEE STABLE DISPERSAL PHASE II,ED HANEY,5000,,2009-04-03,KENTUCKY,D-H,,,HIDDEN BROOK AGENT FOR FLYING ZEE STABLE DISPERSAL PHASE II,,
Midlantic December Mixed (2011),2011-12-05,370,DKB,ROUGH DRAFT,F,TALE OF THE CAT,FIRST IMPRESSION,MR. GREELEY,HIDDEN BROOK AGENT FOR FLYING ZEE STABLE DISPERSAL PHASE II,SCOTT J LANE,3200,,2009-05-12,NEW YORK,D-H,,,HIDDEN BROOK AGENT FOR FLYING ZEE STABLE DISPERSAL PHASE II,,
Midlantic December Mixed (2011),2011-12-05,371,CH,RUMBLETOWN,G,CAME HOME,THUNDEROUSLY,WILD AGAIN,HIDDEN BROOK AGENT FOR FLYING ZEE STABLE DISPERSAL PHASE II,FILIPPO RIZZO,15000,,2008-03-11,NEW YORK,D-H,,,HIDDEN BROOK AGENT FOR FLYING ZEE STABLE DISPERSAL PHASE II,,
Midlantic December Mixed (2011),2011-12-05,372,B,SCANDALICIOUS,C,GIANT'S CAUSEWAY,SALTY YOU,SALT LAKE,HIDDEN BROOK AGENT FOR FLYING ZEE STABLE DISPERSAL PHASE II,HARRY KASSAP LLC,13000,,2009-04-27,KENTUCKY,D-H,,,HIDDEN BROOK AGENT FOR FLYING ZEE STABLE DISPERSAL PHASE II,,
Midlantic December Mixed (2011),2011-12-05,373,B,SHE DRIVES ME WILD,F,PROUD CITIZEN,NEPHELE,DEPUTY COMMANDER,HIDDEN BROOK AGENT FOR FLYING ZEE STABLE DISPERSAL PHASE II,OUT,0,,2008-04-30,KENTUCKY,D-H,,,HIDDEN BROOK AGENT FOR FLYING ZEE STABLE DISPERSAL PHASE II,,
Midlantic December Mixed (2011),2011-12-05,374,DKB,SHOOTMETOTHEMOON,C,MALIBU MOON,LIGHTS ON,SAINT BALLADO,HIDDEN BROOK AGENT FOR FLYING ZEE STABLE DISPERSAL PHASE II,HENRY H SCHNEIDER JR,15000,,2008-05-25,KENTUCKY,D-H,,,HIDDEN BROOK AGENT FOR FLYING ZEE STABLE DISPERSAL PHASE II,,
Midlantic December Mixed (2011),2011-12-05,375,CH,SIMSATIONAL,F,JOHANNESBURG,BOURBON BALL,PEINTRE CELEBRE,HIDDEN BROOK AGENT FOR FLYING ZEE STABLE DISPERSAL PHASE II,PTK LLC,6000,,2008-02-07,KENTUCKY,D-H,,,HIDDEN BROOK AGENT FOR FLYING ZEE STABLE DISPERSAL PHASE II,,
Midlantic December Mixed (2011),2011-12-05,376,B,SOGNARE,G,APTITUDE,SEEYOUINMYDREAMS,COMET SHINE,HIDDEN BROOK AGENT FOR FLYING ZEE STABLE DISPERSAL PHASE II,OUT,0,,2008-05-13,NEW YORK,D-H,,,HIDDEN BROOK AGENT FOR FLYING ZEE STABLE DISPERSAL PHASE II,,
Midlantic December Mixed (2011),2011-12-05,377,GRR,SPORTSWRITER,G,MAYBRY'S BOY,POINT SPREAD,POINT GIVEN,HIDDEN BROOK AGENT FOR FLYING ZEE STABLE DISPERSAL PHASE II,MICHAEL DUBB,60000,,2009-02-19,NEW YORK,D-H,,,HIDDEN BROOK AGENT FOR FLYING ZEE STABLE DISPERSAL PHASE II,,
Midlantic December Mixed (2011),2011-12-05,378,B,SPRING BREEZE,F,CONGRATS,SPRING,STRAVINSKY,HIDDEN BROOK AGENT FOR FLYING ZEE STABLE DISPERSAL PHASE II,VINERY BLOODSTOCK AGENT,33000,,2009-03-04,FLORIDA,D-H,,,HIDDEN BROOK AGENT FOR FLYING ZEE STABLE DISPERSAL PHASE II,,
Midlantic December Mixed (2011),2011-12-05,379,CH,STAGE DEBUT,G,STONESIDER,DEBRAH'S DEBUT,RAHY,HIDDEN BROOK AGENT FOR FLYING ZEE STABLE DISPERSAL PHASE II,TOBY SHEETS,42000,,2009-03-20,NEW YORK,D-H,,,HIDDEN BROOK AGENT FOR FLYING ZEE STABLE DISPERSAL PHASE II,,
Midlantic December Mixed (2011),2011-12-05,380,CH,STOCK FUND,F,STONESIDER,STOCK TIP,THUNDER GULCH,HIDDEN BROOK AGENT FOR FLYING ZEE STABLE DISPERSAL PHASE II,CARLOS F MARTIN,35000,,2009-02-04,NEW YORK,D-H,,,HIDDEN BROOK AGENT FOR FLYING ZEE STABLE DISPERSAL PHASE II,,
Midlantic December Mixed (2011),2011-12-05,381,GRR,STRICTLY SOCIETY,C,GOLDEN MISSILE,AWFUL SMART,BLACK TIE AFFAIR (IRE),HIDDEN BROOK AGENT FOR FLYING ZEE STABLE DISPERSAL PHASE II,OUT,0,,2007-04-19,KENTUCKY,D-H,,,HIDDEN BROOK AGENT FOR FLYING ZEE STABLE DISPERSAL PHASE II,,
Midlantic December Mixed (2011),2011-12-05,382,CH,STYLE WATCH,F,WESTERN EXPRESSION,ON THE CATWALK,HONOUR AND GLORY,HIDDEN BROOK AGENT FOR FLYING ZEE STABLE DISPERSAL PHASE II,DARMINDRA DHARAMJIT,11500,,2009-03-17,NEW YORK,D-H,,,HIDDEN BROOK AGENT FOR FLYING ZEE STABLE DISPERSAL PHASE II,,
Midlantic December Mixed (2011),2011-12-05,383,B,SUMMER FLICK,F,AFLEET ALEX,KEY DEFINITION,GENTLEMEN (ARG),HIDDEN BROOK AGENT FOR FLYING ZEE STABLE DISPERSAL PHASE II,C MARTIN FOR BLUE DEVIL RACING,35000,,2008-02-07,NEW YORK,D-H,,,HIDDEN BROOK AGENT FOR FLYING ZEE STABLE DISPERSAL PHASE II,,
Midlantic December Mixed (2011),2011-12-05,384,B,,C,CORINTHIAN,TEXAS RUSH,WILD RUSH,HIDDEN BROOK AGENT FOR FLYING ZEE STABLE DISPERSAL PHASE II,ROBERT MARINE,12000,,2009-01-29,KENTUCKY,D-H,,,HIDDEN BROOK AGENT FOR FLYING ZEE STABLE DISPERSAL PHASE II,,
Midlantic December Mixed (2011),2011-12-05,385,CH,,F,GIANT'S CAUSEWAY,THE REAL MELODY,UNBRIDLED'S SONG,HIDDEN BROOK AGENT FOR FLYING ZEE STABLE DISPERSAL PHASE II,JOHN & CARL LIZZA III,20000,,2009-04-26,NEW YORK,D-H,,,HIDDEN BROOK AGENT FOR FLYING ZEE STABLE DISPERSAL PHASE II,,
Midlantic December Mixed (2011),2011-12-05,386,CH,THE SNICKERS KID,C,DISCO RICO,NICKY'S LOVE,FORT CHAFFEE,HIDDEN BROOK AGENT FOR FLYING ZEE STABLE DISPERSAL PHASE II,JOHN DOWD AGENT,17000,,2009-02-18,NEW YORK,D-H,,,HIDDEN BROOK AGENT FOR FLYING ZEE STABLE DISPERSAL PHASE II,,
Midlantic December Mixed (2011),2011-12-05,387,CH,,G,JOHANNESBURG,THUNDEROUSLY,WILD AGAIN,HIDDEN BROOK AGENT FOR FLYING ZEE STABLE DISPERSAL PHASE II,JEFFREY TREADWAY,15000,,2009-03-11,NEW YORK,D-H,,,HIDDEN BROOK AGENT FOR FLYING ZEE STABLE DISPERSAL PHASE II,,
Midlantic December Mixed (2011),2011-12-05,388,CH,TMZEASTMTSTMZWEST,C,WESTERN EXPRESSION,CALM IN THE EAST,STORMY ATLANTIC,HIDDEN BROOK AGENT FOR FLYING ZEE STABLE DISPERSAL PHASE II,JOHN J DILLON,8000,,2009-04-08,NEW YORK,D-H,,,HIDDEN BROOK AGENT FOR FLYING ZEE STABLE DISPERSAL PHASE II,,
Midlantic December Mixed (2011),2011-12-05,389,CH,VINTAGE HEIRLOOM,F,THUNDER GULCH,BONNIE DARES,ARCH,HIDDEN BROOK AGENT FOR FLYING ZEE STABLE DISPERSAL PHASE II,VINERY BLOODSTOCK AGENT,10000,,2008-03-26,NEW YORK,D-H,,,HIDDEN BROOK AGENT FOR FLYING ZEE STABLE DISPERSAL PHASE II,,
Midlantic December Mixed (2011),2011-12-05,390,DKB,WESTERN TRYST,G,WESTERN EXPRESSION,PRIDE OF TRIESTE,OLD TRIESTE,HIDDEN BROOK AGENT FOR FLYING ZEE STABLE DISPERSAL PHASE II,OUT,0,,2009-03-22,NEW YORK,D-H,,,HIDDEN BROOK AGENT FOR FLYING ZEE STABLE DISPERSAL PHASE II,,
Midlantic December Mixed (2011),2011-12-05,391,CH,WOMEN NO EASY,G,GOLDEN MISSILE,BONNIE DARES,ARCH,HIDDEN BROOK AGENT FOR FLYING ZEE STABLE DISPERSAL PHASE II,GAVIN-TY RACING,5200,,2009-03-17,NEW YORK,D-H,,,HIDDEN BROOK AGENT FOR FLYING ZEE STABLE DISPERSAL PHASE II,,
Midlantic December Mixed (2011),2011-12-05,392,B,YESTERDAY'S STORY,G,TALE OF THE CAT,PROSPER,AFFIRMED,HIDDEN BROOK AGENT FOR FLYING ZEE STABLE DISPERSAL PHASE II,DENNIS KENDALL JR,9000,,2008-02-09,KENTUCKY,D-H,,,HIDDEN BROOK AGENT FOR FLYING ZEE STABLE DISPERSAL PHASE II,,
Midlantic December Mixed (2011),2011-12-05,393,DKB,BOBITY BOO,F,PICO CENTRAL (BRZ),SINFUL DEVOTION,LEAR FAN,HIDDEN BROOK AGENT FOR FLYING ZEE STABLE DISPERSAL PHASE II,OUT,0,,2007-02-27,NEW YORK,D-H,,,HIDDEN BROOK AGENT FOR FLYING ZEE STABLE DISPERSAL PHASE II,,
Midlantic December Mixed (2011),2011-12-05,394,CH,CINEMATIZE,F,LION HEART,PICTURE,ROAR,HIDDEN BROOK AGENT FOR FLYING ZEE STABLE DISPERSAL PHASE II,ATLANTIC THOROUGHBRED LLC,40000,,2009-04-09,NEW YORK,D-H,,,HIDDEN BROOK AGENT FOR FLYING ZEE STABLE DISPERSAL PHASE II,,
Midlantic December Mixed (2011),2011-12-05,395,B,COLD PRECISION,C,LION HEART,ICEE SARA,ESKIMO,HIDDEN BROOK AGENT FOR FLYING ZEE STABLE DISPERSAL PHASE II,OUT,0,,2008-03-18,PENNSYLVANIA,D-H,,,HIDDEN BROOK AGENT FOR FLYING ZEE STABLE DISPERSAL PHASE II,,
Midlantic December Mixed (2011),2011-12-05,396,GRR,SHOW ME THE BLING,F,TOO MUCH BLING,ANGELIC AMANDA,HENNESSY,HIDDEN BROOK AGENT FOR FLYING ZEE STABLE DISPERSAL PHASE II,HIDDEN BROOK AGENT,22000,,2008-03-17,FLORIDA,D-H,,,HIDDEN BROOK AGENT FOR FLYING ZEE STABLE DISPERSAL PHASE II,,
Midlantic December Mixed (2011),2011-12-05,397,B,WILDCAT CANDY,C,CANDY RIDE (ARG),JEALOUS WILDCAT,FOREST WILDCAT,HIDDEN BROOK AGENT FOR FLYING ZEE DISPERSAL PHASE II,XIB AGENT FOR ROBERT HESS JR,70000,,2009-05-26,KENTUCKY,D-H,,,HIDDEN BROOK AGENT FOR FLYING ZEE DISPERSAL PHASE II,,
