SALE TITLE,SESSION,HIP,COLOR,NAME,SEX,SIRE,DAM,SIRE OF DAM,PROPERTY LINE,PURCHASER,PRICE,PRIVATE SALE,YEAR OF BIRTH,FOALED,BARN,COVERING SIRE,COVER DATE,SOLD AS CODE,SOLD AS DESCRIPTION,VIRTUAL INSPECTION
Midlantic December Mixed and Horses of Racing Age (2023),2023-12-05,1,CH,ABETS ABET,M,SOUTHERN IMAGE,NEEKO,SWISS YODELER,BRIARDALE FARM,BRUNO SCHICKEDANZ,2000,,03/16/2012,CALIFORNIA,B,SOCIAL INCLUSION,2023-02-17,B,,
Midlantic December Mixed and Horses of Racing Age (2023),2023-12-05,2,CH,ABRACADABRA,M,SPEIGHTSTOWN,WICKED CHARM,GHOSTZAPPER,NORTHVIEW STALLION STATION (DAVID WADE) AGENT FOR JAMES F. THAMES (HORSE PLAY RACING),CASH IS KING,52000,,04/04/2012,KENTUCKY,J-K,PRACTICAL JOKE,2023-04-07,B,,
Midlantic December Mixed and Horses of Racing Age (2023),2023-12-05,3,DKB,AMAPOLA,M,BROKEN VOW,DINNER WITH D C,DIXIE UNION,BILL REIGHTLER AGENT FOR LAEL STABLES,OUT,0,,04/12/2014,KENTUCKY,I-J,DIVINING ROD,2023-05-09,B,,
Midlantic December Mixed and Horses of Racing Age (2023),2023-12-05,4,DKB,ANGELINTHEMORNING,M,STREET SENSE,TABULATION,GIANT'S CAUSEWAY,BILL REIGHTLER AGENT,MIKE COOMBS,30000,,01/22/2015,KENTUCKY,I-J,,,B,,
Midlantic December Mixed and Horses of Racing Age (2023),2023-12-05,5,CH,,C,LONG RIVER,ANGELINTHEMORNING,STREET SENSE,BILL REIGHTLER AGENT,RODOLFO SANCHEZ,1500,,04/09/2023,MARYLAND,I-J,,,W,,
Midlantic December Mixed and Horses of Racing Age (2023),2023-12-05,6,B,,C,LONG RIVER,ANGEL PARK,BLAME,CHANCELAND FARM AGENT FOR ANCHOR & HOPE FARM,NOT SOLD,1000,,04/27/2023,MARYLAND,B-C,,,W,,
Midlantic December Mixed and Horses of Racing Age (2023),2023-12-05,7,DKB,APRIL LOVE,M,GOLDEN LAD,HAPPY REFRAIN,NOT FOR LOVE,NORTHVIEW STALLION STATION (DAVID WADE) AGENT,NOT SOLD,1000,,04/01/2017,MARYLAND,J-K,ENGAGE,2023-03-29,B,,
Midlantic December Mixed and Horses of Racing Age (2023),2023-12-05,8,B,APRIL SNOW,M,CANDY RIDE (ARG),JADE TREE,STORM CAT,NORTHVIEW STALLION STATION (DAVID WADE) AGENT,OUT,0,,03/02/2011,KENTUCKY,J-K,ENGAGE,2023-03-18,B,,
Midlantic December Mixed and Horses of Racing Age (2023),2023-12-05,9,CH,,F,LONG RIVER,AVA AGAIN,BOWMAN'S BAND,CHANCELAND FARM AGENT FOR ANCHOR & HOPE FARM,NOT SOLD,1000,,04/13/2023,MARYLAND,B-C,,,W,,
Midlantic December Mixed and Horses of Racing Age (2023),2023-12-05,10,CH,,F,CUPID,AWESOMELOVEOFDEORO,AWESOME AGAIN,MARSHALL W. SILVERMAN AGENT,TERRY HUTTO,5000,,01/25/2023,MARYLAND,I-J,,,W,,
Midlantic December Mixed and Horses of Racing Age (2023),2023-12-05,11,DKB,A WING AND A SONG,M,FIRST DEFENCE,ON KRIS'S WINGS,KRIS S.,BILL REIGHTLER AGENT,ROBERT J SNYDER,4000,,03/14/2013,KENTUCKY,I-J,UNCLE LINO,2023-04-27,B,,
Midlantic December Mixed and Horses of Racing Age (2023),2023-12-05,12,B,,F,LONG RIVER,A WING AND A SONG,FIRST DEFENCE,BILL REIGHTLER AGENT,NOT SOLD,1000,,04/19/2023,MARYLAND,I-J,,,W,,
Midlantic December Mixed and Horses of Racing Age (2023),2023-12-05,13,GRR,BASEDONATRUESTORY,M,BROKEN VOW,QUEEN'S TRIOMPHE,CURE THE BLUES,BILL REIGHTLER AGENT FOR COUNTRY LIFE FARM & PARTNERS (TO DISSOLVE A PARTNERSHIP),CABIN CREEK FOR HOT PINK STABLES LLC,3000,,05/09/2014,KENTUCKY,I-J,DIVINING ROD,2023-05-26,B,,
Midlantic December Mixed and Horses of Racing Age (2023),2023-12-05,14,GRR,,F,JIMMY CREED,BASEDONATRUESTORY,BROKEN VOW,BILL REIGHTLER AGENT FOR COUNTRY LIFE FARM & PARTNERS (TO DISSOLVE A PARTNERSHIP),KMA STABLE,10000,,03/31/2023,MARYLAND,I-J,,,W,,
Midlantic December Mixed and Horses of Racing Age (2023),2023-12-05,15,DKB,BAZINGA B,M,LION HEARTED,HOLY HOLY MOLY,HOLY BULL,NORTHVIEW STALLION STATION (DAVID WADE) AGENT,NOT SOLD,45000,,04/02/2011,MARYLAND,J-K,VINO ROSSO,2023-06-05,B,,
Midlantic December Mixed and Horses of Racing Age (2023),2023-12-05,16,B,,C,ENGAGE,BAZINGA B,LION HEARTED,NORTHVIEW STALLION STATION (DAVID WADE) AGENT,JAMES LAYDEN AGENT,15000,,05/09/2023,MARYLAND,J-K,,,W,,
Midlantic December Mixed and Horses of Racing Age (2023),2023-12-05,17,B,BLISSTIKUS,M,LUFTIKUS,PROSPECTOR'S BLISS,PERSONAL FLAG,BILL REIGHTLER AGENT,JACOB PHILLIPS,3000,,03/14/2010,WEST VIRGINIA,I-J,,,B,,
Midlantic December Mixed and Horses of Racing Age (2023),2023-12-05,18,B,,C,DIVINING ROD,BLISSTIKUS,LUFTIKUS,BILL REIGHTLER AGENT,WILLIAM B BAYNE JR,3000,,04/08/2023,MARYLAND,I-J,,,W,,
Midlantic December Mixed and Horses of Racing Age (2023),2023-12-05,19,CH,BRITANNICUS,F,CONSTITUTION,MICHELE THE GREAT,DISTORTED HUMOR,DARK HOLLOW FARM AGENT,MICHAEL J PALENSCAR,3000,,04/18/2019,NEW YORK,A,,,BP,,
Midlantic December Mixed and Horses of Racing Age (2023),2023-12-05,20,B,CALLA LUNA,M,CAPE BLANCO (IRE),IMPADOODLE,SUAVE PROSPECT,CHANCELAND FARM AGENT FOR THE STABLES AT MEZZA LUNA LLC,OLIVER KEITHLY,2000,,02/04/2015,MARYLAND,B-C,THOUSAND WORDS,2023-05-01,B,,
Midlantic December Mixed and Horses of Racing Age (2023),2023-12-05,21,DKB,CAPTURED IN TIME,F,GOLDEN YEARS,FROZEN TUNDRA,MUNNINGS,BILL REIGHTLER AGENT,OUT,0,,04/21/2023,WEST VIRGINIA,I-J,,,W,,
Midlantic December Mixed and Horses of Racing Age (2023),2023-12-05,22,B,CATWALK WHIZ,M,TALE OF THE CAT,PROM PRINCESS,GOLD CASE,MARSHALL W. SILVERMAN AGENT,MELISSA MELLOTT,2000,,02/16/2016,IOWA,I-J,UNCLE LINO,2023-05-05,B,,
Midlantic December Mixed and Horses of Racing Age (2023),2023-12-05,23,CH,CINDY'S PRAYER,M,CONSTITUTION,STORMANDAPRAYER,SONGANDAPRAYER,DREAMTIME STABLES,CINDY STABLES,27000,,04/12/2017,KENTUCKY,A,MAXIMUS MISCHIEF,2023-04-12,B,,
Midlantic December Mixed and Horses of Racing Age (2023),2023-12-05,24,B,,C,MIDSHIPMAN,COLDFEETWARMHEART,AFLEET ALEX,DARK HOLLOW FARM AGENT FOR LONE POND FARM LLC,DEBORAH FERGUSON,15000,,03/25/2023,MARYLAND,A,,,W,,
Midlantic December Mixed and Horses of Racing Age (2023),2023-12-05,25,DKB,COMBAT QUEEN,M,CONGRATS,STARSONHERSHOULDER,QUIET AMERICAN,BILL REIGHTLER AGENT FOR COUNTRY LIFE FARM & PARTNERS (TO DISSOLVE A PARTNERSHIP),COUNTRY LIFE FARM AGENT,15000,,04/21/2017,MARYLAND,I-J,,,BP,,
Midlantic December Mixed and Horses of Racing Age (2023),2023-12-05,26,DKB,CONSPICUOUS,M,GHOSTZAPPER,KALAHARI CAT,CAPE TOWN,NORTHVIEW STALLION STATION (DAVID WADE) AGENT,RONNEY W & NICOLE BROWN,1000,,03/22/2007,FLORIDA,J-K,TRUE VALOUR (IRE),2023-06-06,B,,
Midlantic December Mixed and Horses of Racing Age (2023),2023-12-05,27,DKB,CONTRADANCE,M,YES IT'S TRUE,LOVES TO GLANCE,NOT FOR LOVE,BILL REIGHTLER AGENT FOR BELL GABLE STABLE LLC,ROSE CASSIDY,1000,,03/01/2013,PENNSYLVANIA,I-J,HOPPERTUNITY,2023-02-27,B,,
Midlantic December Mixed and Horses of Racing Age (2023),2023-12-05,28,B,,C,THOUSAND WORDS,CRY THE BLUES,BLUEGRASS CAT,TAKARO FARM AGENT,OUT,0,,04/23/2023,WEST VIRGINIA,A,,,W,,
Midlantic December Mixed and Horses of Racing Age (2023),2023-12-05,29,B,,C,GHOSTZAPPER,DANCE ALL DAY,EXAGGERATOR,NORTHVIEW STALLION STATION (DAVID WADE) AGENT,MACHMER HALL,82000,,05/28/2023,MARYLAND,J-K,,,W,,
Midlantic December Mixed and Horses of Racing Age (2023),2023-12-05,30,B,D D RENEGADE,M,MEDALLIST,GLOWING HONOUR,HONOUR AND GLORY,DREAMTIME STABLES AGENT III,SEAN S PERL FOR JASON DACOSTA,10000,,04/24/2009,MARYLAND,A,FROSTED,2023-05-27,B,,
Midlantic December Mixed and Horses of Racing Age (2023),2023-12-05,31,B,,F,BLOFELD,D D RENEGADE,MEDALLIST,DREAMTIME STABLES AGENT III,OUT,0,,04/29/2023,MARYLAND,A,,,W,,
Midlantic December Mixed and Horses of Racing Age (2023),2023-12-05,32,DKB,DIBBLE DASH,M,JUMP START,TIZABIRD,TIZNOW,CHANCELAND FARM AGENT FOR THE STABLES AT MEZZA LUNA LLC,WILLIAM B BAYNE JR,1000,,03/27/2013,MARYLAND,B-C,HOLY BOSS,2023-04-25,B,,
Midlantic December Mixed and Horses of Racing Age (2023),2023-12-05,33,DKB,DREAM VACATION,M,HARLAN'S HOLIDAY,THREADNEEDLE,DYNAFORMER,BRIARDALE FARM,OUT,0,,02/08/2012,VIRGINIA,B,SOCIAL INCLUSION,2023-03-04,B,,
Midlantic December Mixed and Horses of Racing Age (2023),2023-12-05,34,B,EDIT AND SIMPLIFY,M,SUPER SAVER,TELL A GREAT STORY,BLUEGRASS CAT,BILL REIGHTLER AGENT,WATERSHED BLOODSTOCK LLC,1000,,04/15/2015,MARYLAND,I-J,GOLDEN LAD,2023-05-20,B,,
Midlantic December Mixed and Horses of Racing Age (2023),2023-12-05,35,B,,C,DIVINING ROD,EDIT AND SIMPLIFY,SUPER SAVER,BILL REIGHTLER AGENT,SUGARLAND LLC,2000,,05/11/2023,MARYLAND,I-J,,,W,,
Midlantic December Mixed and Horses of Racing Age (2023),2023-12-05,36,DKB,,C,ROCK YOUR WORLD,E DUBAI'S HUMOR,E DUBAI,BILL REIGHTLER AGENT,NOT SOLD,29000,,03/16/2023,MARYLAND,I-J,,,W,,
Midlantic December Mixed and Horses of Racing Age (2023),2023-12-05,37,B,ELENA SAYS HELLO,M,HARLAN'S HOLIDAY,GREETING CARD,SECRET HELLO,NORTHVIEW STALLION STATION (DAVID WADE) AGENT,DR THOMAS BOWMAN,1000,,03/05/2011,MASSACHUSETTS,J-K,,,B,,
Midlantic December Mixed and Horses of Racing Age (2023),2023-12-05,38,B,,C,UNCLE LINO,ELENA SAYS HELLO,HARLAN'S HOLIDAY,NORTHVIEW STALLION STATION (DAVID WADE) AGENT,JAMES LAYDEN AGENT,4000,,04/09/2023,MARYLAND,J-K,,,W,,
Midlantic December Mixed and Horses of Racing Age (2023),2023-12-05,39,GRR,FARCE,M,POLITICAL FORCE,PUN,PULPIT,HARRY L. LANDRY BLOODSTOCK LLC AGENT,REBEKAH EDEN,3000,,03/17/2010,KENTUCKY,I,,,B,,
Midlantic December Mixed and Horses of Racing Age (2023),2023-12-05,40,B,,C,VOLATILE,FARCE,POLITICAL FORCE,HARRY L. LANDRY BLOODSTOCK LLC AGENT,NOT SOLD,42000,,05/26/2023,NEW YORK,I,,,W,,
Midlantic December Mixed and Horses of Racing Age (2023),2023-12-05,41,B,GALIBEAN,F,GALILEAN,BEAN INDISCREET,DISCREET CAT,HARRY L. LANDRY BLOODSTOCK LLC AGENT,SUE A. MANCILLA,1000,,03/15/2023,NEW YORK,I,,,W,,
Midlantic December Mixed and Horses of Racing Age (2023),2023-12-05,42,DKB,GENDER GAP,F,IRISH WAR CRY,MAJESTIC REASON,MAJESTIC WARRIOR,NORTHVIEW STALLION STATION (DAVID WADE) AGENT,NOT SOLD,1000,,03/12/2021,MARYLAND,J-K,,,BP,,
Midlantic December Mixed and Horses of Racing Age (2023),2023-12-05,43,DKB,GENUINE TREASURE,M,TALE OF THE CAT,GLENCOE CHURCH,CAPOTE,BRIARDALE FARM,CABIN CREEK FOR HOT PINK STABLES LLC,1000,,04/29/2010,FLORIDA,B,SOCIAL INCLUSION,2023-02-14,B,,
Midlantic December Mixed and Horses of Racing Age (2023),2023-12-05,44,DKB,GHOSTING,M,GHOSTZAPPER,BLUMEN,DYNAFORMER,HARRY L. LANDRY BLOODSTOCK LLC AGENT,KMA,8000,,04/23/2016,KENTUCKY,I,MIND CONTROL,2023-03-20,B,,
Midlantic December Mixed and Horses of Racing Age (2023),2023-12-05,45,CH,GOLDEN CAUSEWAY (GB),M,GIANT'S CAUSEWAY,CAST IN GOLD,ELUSIVE QUALITY,DREAMTIME STABLES,RONNEY W & NICOLE BROWN,3000,,01/29/2010,GB,A,GOLDEN LAD,2023-03-29,B,,
Midlantic December Mixed and Horses of Racing Age (2023),2023-12-05,46,DKB,GRAMMY TIMES SIX,M,MONTBROOK,MISS SABRINA,SUMMER SQUALL,DREAMTIME STABLES,BEVERLY STRAUSS,2000,,02/05/2011,FLORIDA,A,BLOFELD,2023-05-24,B,,
Midlantic December Mixed and Horses of Racing Age (2023),2023-12-05,47,B,,C,DIVINING ROD,GRECIAN MAIDEN,GHOSTZAPPER,BILL REIGHTLER AGENT FOR COUNTRY LIFE FARM & PARTNERS,JAGGER INC.,6000,,03/21/2023,MARYLAND,I-J,,,W,,
Midlantic December Mixed and Horses of Racing Age (2023),2023-12-05,48,B,GULF COAST BREEZE,M,STORMY ATLANTIC,QUICARIA,UNBRIDLED'S SONG,GRACIE BLOODSTOCK AGENT,OUT,0,,03/22/2010,FLORIDA,B,BLOFELD,2023-04-09,B,,
Midlantic December Mixed and Horses of Racing Age (2023),2023-12-05,49,CH,,C,HOLY BOSS,GULF COAST BREEZE,STORMY ATLANTIC,GRACIE BLOODSTOCK AGENT,DAM SIRE DREAMS/BO CAVELL,2000,,03/20/2023,MARYLAND,B,,,W,,
Midlantic December Mixed and Horses of Racing Age (2023),2023-12-05,50,DKB,,C,ENTICED,HAPPY REFRAIN,NOT FOR LOVE,MARSHALL W. SILVERMAN AGENT,OFF LIMITS OF RAMSEY INC.,23000,,05/26/2023,MARYLAND,I-J,,,W,,
Midlantic December Mixed and Horses of Racing Age (2023),2023-12-05,51,B,HELEN SUNG,M,CANDY RIDE (ARG),MAGIC UNION,DIXIE UNION,MCMAHON OF SARATOGA THOROUGHBREDS LLC AGENT,OUT,0,,02/22/2016,KENTUCKY,I,CENTRAL BANKER,2023-05-12,B,,
Midlantic December Mixed and Horses of Racing Age (2023),2023-12-05,52,B,,C,FRANK CONVERSATION,HELEN SUNG,CANDY RIDE (ARG),MCMAHON OF SARATOGA THOROUGHBREDS LLC AGENT,SCOTT MALLORY AGENT,2500,,04/20/2023,NEW YORK,I,,,W,,
Midlantic December Mixed and Horses of Racing Age (2023),2023-12-05,53,CH,,C,IRISH WAR CRY,HELL OF AFIRE,FRIESAN FIRE,BILL REIGHTLER AGENT,NO GUTS NO GLORY FARM,4700,,03/11/2023,WEST VIRGINIA,I-J,,,W,,
Midlantic December Mixed and Horses of Racing Age (2023),2023-12-05,54,B,HIDING,M,POSSE,PRIVACY,NOTEBOOK,BILL REIGHTLER AGENT FOR COUNTRY LIFE FARM & PARTNERS (TO DISSOLVE A PARTNERSHIP),ED PRICE,1000,,06/09/2014,NEW YORK,I-J,DIVINING ROD,2023-04-25,B,,
Midlantic December Mixed and Horses of Racing Age (2023),2023-12-05,55,DKB,,F,INDEPENDENCE HALL,HIDING,POSSE,BILL REIGHTLER AGENT FOR COUNTRY LIFE FARM & PARTNERS (TO DISSOLVE A PARTNERSHIP),LOVE'S EQUINE AGENT FOR CLASSIC AUTOMATIONS,30000,,04/01/2023,MARYLAND,I-J,,,W,,
Midlantic December Mixed and Horses of Racing Age (2023),2023-12-05,56,B,I AM PEPE,C,ALWAYS DREAMING,CALLA LUNA,CAPE BLANCO (IRE),CHANCELAND FARM AGENT FOR THE STABLES AT MEZZA LUNA LLC,SUGARLAND LLC,2500,,04/08/2023,MARYLAND,B-C,,,W,,
Midlantic December Mixed and Horses of Racing Age (2023),2023-12-05,57,DKB,IMPERIAL LADY,M,INTIDAB,LAST SHOT,PIONEERING,BRIARDALE FARM,CRANE THOROUGHBRED SERVICES,1500,,03/22/2012,PENNSYLVANIA,B,SOCIAL INCLUSION,2023-03-28,B,,
Midlantic December Mixed and Horses of Racing Age (2023),2023-12-05,58,B,IN DAD'S WALLET,M,MEDAGLIA D'ORO,LUHAN,CORONADO'S QUEST,BILL REIGHTLER AGENT,OLIVER KEITHLY,1000,,01/28/2008,KENTUCKY,I-J,,,B,,
Midlantic December Mixed and Horses of Racing Age (2023),2023-12-05,59,B,,C,DIVINING ROD,IN DAD'S WALLET,MEDAGLIA D'ORO,BILL REIGHTLER AGENT,WILLIAM B BAYNE JR,3500,,04/03/2023,MARYLAND,I-J,,,W,,
Midlantic December Mixed and Horses of Racing Age (2023),2023-12-05,60,B,INDEXATION,M,MALIBU MOON,RICKETYRACKETYRUSS,BORREGO,BILL REIGHTLER AGENT FOR COUNTRY LIFE FARM & PARTNERS (TO DISSOLVE A PARTNERSHIP),ANTHONY FARRIOR,11000,,04/06/2016,KENTUCKY,I-J,VEKOMA,2023-06-02,B,,
Midlantic December Mixed and Horses of Racing Age (2023),2023-12-05,61,CH,,C,IMPROBABLE,INDEXATION,MALIBU MOON,BILL REIGHTLER AGENT FOR COUNTRY LIFE FARM & PARTNERS (TO DISSOLVE A PARTNERSHIP),SUGARLAND LLC,4500,,03/25/2023,MARYLAND,I-J,,,W,,
Midlantic December Mixed and Horses of Racing Age (2023),2023-12-05,62,B,IRISH ACCESS,M,BLAME,ACCESS FEE,MENIFEE,MARSHALL W. SILVERMAN AGENT,ANN JACKSON,8000,,02/21/2015,MARYLAND,I-J,BLOFELD,2023-05-11,B,,
Midlantic December Mixed and Horses of Racing Age (2023),2023-12-05,63,GRR,IZZADORA BELLA,M,HEY CHUB,WHITE EYE JULIA I.,TAPIT,DREAMTIME STABLES AGENT I,OUT,0,,03/06/2016,PENNSYLVANIA,A,VOLATILE,2023-04-20,B,,
Midlantic December Mixed and Horses of Racing Age (2023),2023-12-05,64,B,JOSEPH POTATO,C,DIVINING ROD,SILENT WISPER,WANDO,BILL REIGHTLER AGENT,NOT SOLD,9000,,03/19/2023,PENNSYLVANIA,I-J,,,W,,
Midlantic December Mixed and Horses of Racing Age (2023),2023-12-05,65,B,JUNE ANN (IRE),M,ACCLAMATION (GB),MY GIRL ANNA (IRE),ORPEN,SHAMROCK FARM AGENT,NOT SOLD,4000,,02/17/2015,IRE,I,GOLDENCENTS,2023-04-24,B,,
Midlantic December Mixed and Horses of Racing Age (2023),2023-12-05,66,DKB,JUST CATTY,M,CATIENUS,JUST GABI,DEVIL HIS DUE,NORTHVIEW STALLION STATION (DAVID WADE) AGENT,SEBASTIANO CIACCIO,3000,,03/20/2011,NEW YORK,J-K,ENGAGE,2023-03-21,B,,
Midlantic December Mixed and Horses of Racing Age (2023),2023-12-05,67,CH,,C,UNCLE LINO,JUST CATTY,CATIENUS,NORTHVIEW STALLION STATION (DAVID WADE) AGENT,RONNEY W & NICOLE BROWN,2700,,02/20/2023,MARYLAND,J-K,,,W,,
Midlantic December Mixed and Horses of Racing Age (2023),2023-12-05,68,GRR,,C,UNIFIED,JUSTLOOKATMENOW,OLD FASHIONED,CHANCELAND FARM AGENT,OUT,0,,02/27/2023,WEST VIRGINIA,B-C,,,W,,
Midlantic December Mixed and Horses of Racing Age (2023),2023-12-05,69,B,C V'S PRIDE,C,VEKOMA,KELA'S PRIDE,KELA,BILL REIGHTLER AGENT,JEFF RUNCO AGENT FOR DAVID RAIM,45000,,05/16/2023,WEST VIRGINIA,I-J,,,W,,
Midlantic December Mixed and Horses of Racing Age (2023),2023-12-05,70,DKB,KISSES FOR HANNAH,M,REDEEMED,FOR KISSES,NOT FOR LOVE,BILL REIGHTLER AGENT FOR BELL GABLE STABLE LLC,MORGAN'S FORD FARM,2500,,04/20/2019,MARYLAND,I-J,,,B,,
Midlantic December Mixed and Horses of Racing Age (2023),2023-12-05,71,B,KISS ME I'M IRISH,M,GREENPOINTCRUSADER,SHE'S KISSABLE,MONTBROOK,BRIARDALE FARM,NOT SOLD,2000,,03/12/2020,FLORIDA,B,SOCIAL INCLUSION,2023-02-27,B,,
Midlantic December Mixed and Horses of Racing Age (2023),2023-12-05,72,DKB,LAST KISS,M,LEMON DROP KID,CARAFE,DEVIL'S BAG,NORTHVIEW STALLION STATION (DAVID WADE) AGENT,OUT,0,,04/24/2013,KENTUCKY,J-K,GREAT NOTION,2023-05-23,B,,
Midlantic December Mixed and Horses of Racing Age (2023),2023-12-05,73,B,,C,COLLECTED,LAST KISS,LEMON DROP KID,NORTHVIEW STALLION STATION (DAVID WADE) AGENT,CRANE THOROUGHBRED SERVICES,6000,,05/03/2023,MARYLAND,J-K,,,W,,
Midlantic December Mixed and Horses of Racing Age (2023),2023-12-05,74,B,LET HIM GO,C,ACCELERATE,SKY GIVEN,SKY MESA,BILL REIGHTLER AGENT,OUT,0,,05/07/2023,WEST VIRGINIA,I-J,,,W,,
Midlantic December Mixed and Horses of Racing Age (2023),2023-12-05,75,CH,,C,IRISH WAR CRY,LIL HABIT OF MINE,MINESHAFT,BILL REIGHTLER AGENT,MICHAEL SCHEFFRES,2500,,05/11/2023,MARYLAND,I-J,,,W,,
Midlantic December Mixed and Horses of Racing Age (2023),2023-12-05,76,B,LINEN,M,MALIBU MOON,UNCONTROLLABLE,WILD AGAIN,DREAMTIME STABLES,HILLARY FISHER,5000,,01/25/2014,KENTUCKY,A,BLOFELD,2023-03-24,B,,
Midlantic December Mixed and Horses of Racing Age (2023),2023-12-05,77,B,,C,GREAT NOTION,LINE OF MUSIC,LINE OF DAVID,MARSHALL W. SILVERMAN AGENT,JAGGER INC.,23000,,03/15/2023,PENNSYLVANIA,I-J,,,W,,
Midlantic December Mixed and Horses of Racing Age (2023),2023-12-05,78,B,LITTLE BIT OF THIS,M,QUALITY ROAD,IN MY TIME,SCAT DADDY,NORTHVIEW STALLION STATION (DAVID WADE) AGENT,DR THOMAS BOWMAN,6000,,03/18/2018,MARYLAND,J-K,ENGAGE,2023-02-22,B,,
Midlantic December Mixed and Horses of Racing Age (2023),2023-12-05,79,CH,,C,UNCLE LINO,MAGIC WARRIOR,MAJESTIC WARRIOR,NORTHVIEW STALLION STATION (DAVID WADE) AGENT,OUT,0,,04/06/2023,MARYLAND,J-K,,,W,,
Midlantic December Mixed and Horses of Racing Age (2023),2023-12-05,80,B,MARGIE'S HEAVEN,M,GOLDEN LAD,MARGARET MARY,DANCE WITH RAVENS,NORTHVIEW STALLION STATION (DAVID WADE) AGENT,OUT,0,,05/16/2017,MARYLAND,J-K,UNCLE LINO,2023-04-30,B,,
Midlantic December Mixed and Horses of Racing Age (2023),2023-12-05,81,B,,F,HOPPERTUNITY,MARYLAND MONROE,COLONEL JOHN,BILL REIGHTLER AGENT,TERRY HUTTO,2000,,05/04/2023,MARYLAND,I-J,,,W,,
Midlantic December Mixed and Horses of Racing Age (2023),2023-12-05,82,GRR,,C,COMBATANT,MATINEE EXPRESS,ZENSATIONAL,HARRY L. LANDRY BLOODSTOCK LLC AGENT,FLATBIRD STABLE,40000,,04/04/2023,NEW YORK,I,,,W,,
Midlantic December Mixed and Horses of Racing Age (2023),2023-12-05,83,B,,C,UNCLE LINO,MEOW,GIO PONTI,NORTHVIEW STALLION STATION (DAVID WADE) AGENT,HECTOR GARZA,3500,,03/13/2023,MARYLAND,J-K,,,W,,
Midlantic December Mixed and Horses of Racing Age (2023),2023-12-05,84,B,MISCHIEF MUSIC,M,WEIGELIA,KATARICA DISCO,DISCO RICO,BILL REIGHTLER AGENT,CHARLES BLANFORD,8000,,05/06/2012,PENNSYLVANIA,I-J,BOURBON COURAGE,2023-04-28,B,,
Midlantic December Mixed and Horses of Racing Age (2023),2023-12-05,85,DKB,MISTY'S BANSHEE,M,GOLDEN LAD,MISTY IN MALIBU,MALIBU MOON,DARK HOLLOW FARM AGENT V,CARLISLE HORSE COMPANY,2000,,04/28/2018,MARYLAND,A,GOLDEN YEARS,2023-03-26,B,,
Midlantic December Mixed and Horses of Racing Age (2023),2023-12-05,86,B,MUSICAL STANDARD,C,BY MY STANDARDS,MUSIC TOWN,SPEIGHTSTOWN,BILL REIGHTLER AGENT,NOT SOLD,13000,,02/19/2023,WEST VIRGINIA,I-J,,,W,,
Midlantic December Mixed and Horses of Racing Age (2023),2023-12-05,87,DKB,,C,JUBA,MY GIRL TRICKSY,HAT TRICK (JPN),NORTHVIEW STALLION STATION (DAVID WADE) AGENT,ANTHONY FARRIOR,10000,,03/17/2023,MARYLAND,J-K,,,W,,
Midlantic December Mixed and Horses of Racing Age (2023),2023-12-05,88,B,MY MISCHIEF,M,INTO MISCHIEF,THISISMYSTAGE,THEATRICAL (IRE),NORTHVIEW STALLION STATION (DAVID WADE) AGENT,CODASCO CONSTRUCTION,7000,,02/19/2017,KENTUCKY,J-K,GALAWI,2023-02-13,B,,
Midlantic December Mixed and Horses of Racing Age (2023),2023-12-05,89,B,,F,GALAWI (IRE),MY MISCHIEF,INTO MISCHIEF,NORTHVIEW STALLION STATION (DAVID WADE) AGENT,NORMAN LEWIS,8000,,01/09/2023,MARYLAND,J-K,,,W,,
Midlantic December Mixed and Horses of Racing Age (2023),2023-12-05,90,B,,C,LONG RIVER,NICK'S FUNNYBONE,D' FUNNYBONE,CHANCELAND FARM AGENT FOR ANCHOR & HOPE FARM,ANDREA G LEMATTA,1500,,02/26/2023,MARYLAND,B-C,,,W,,
Midlantic December Mixed and Horses of Racing Age (2023),2023-12-05,91,B,NOW I'M READY,M,EL PADRINO,SIGNALING,SMOKE GLACKEN,MARSHALL W. SILVERMAN AGENT,CANVASBACK FARM,2000,,04/15/2015,MARYLAND,I-J,BOURBON COURAGE,2023-06-03,B,,
Midlantic December Mixed and Horses of Racing Age (2023),2023-12-05,92,B,OCEAN AIR,M,ENGLISH CHANNEL,REFRESHING (GB),INVINCIBLE SPIRIT (IRE),NORTHVIEW STALLION STATION (DAVID WADE) AGENT,OUT,0,,03/22/2017,KENTUCKY,J-K,,,RB,,
Midlantic December Mixed and Horses of Racing Age (2023),2023-12-05,93,DKB,,C,GREAT NOTION,OH SO LOVELY,FRIESAN FIRE,BILL REIGHTLER AGENT,ANTHONY FARRIOR,22000,,03/05/2023,WEST VIRGINIA,I-J,,,W,,
Midlantic December Mixed and Horses of Racing Age (2023),2023-12-05,94,DKB,ONE THAT GOT AWAY,M,GORMLEY,WHAT AM I GONNA DO,PARTNER'S HERO,NORTHVIEW STALLION STATION (DAVID WADE) AGENT,HOUSATONIC BLOODSTOCK LLC,3000,,03/05/2019,PENNSYLVANIA,J-K,TRUE VALOUR (IRE),2023-05-20,B,,
Midlantic December Mixed and Horses of Racing Age (2023),2023-12-05,95,B,PASSION CANDY,M,CANDY RIDE (ARG),SUCCESSFULLY SWEET,SUCCESSFUL APPEAL,BRIARDALE FARM,OUT,0,,05/24/2011,KENTUCKY,B,SOCIAL INCLUSION,2023-05-16,B,,
Midlantic December Mixed and Horses of Racing Age (2023),2023-12-05,96,B,,C,HIGHER POWER,PLAYFUL LOVE,TAPIT,BILL REIGHTLER AGENT FOR COUNTRY LIFE FARM & PARTNERS,NOT SOLD,16000,,02/24/2023,MARYLAND,I-J,,,W,,
Midlantic December Mixed and Horses of Racing Age (2023),2023-12-05,97,GRR,,C,CUPID,PREYING MANTIS,MEDAGLIA D'ORO,MARSHALL W. SILVERMAN AGENT,SUGAR MILL STABLES,6000,,04/27/2023,MARYLAND,I-J,,,W,,
Midlantic December Mixed and Horses of Racing Age (2023),2023-12-05,98,B,,F,IRISH WAR CRY,PRINCESS THUNDER,DIXIE UNION,NORTHVIEW STALLION STATION (DAVID WADE) AGENT,BOBBY FLOCK,1500,,04/08/2023,MARYLAND,J-K,,,W,,
Midlantic December Mixed and Horses of Racing Age (2023),2023-12-05,99,B,QUEEN OF ENGLAND,M,ENGLISH CHANNEL,BABAE (CHI),BARKERVILLE,HARRY L. LANDRY BLOODSTOCK LLC AGENT,CRANE THOROUGHBRED SERVICES,10000,,04/23/2009,KENTUCKY,I,MAXIMUS MISCHIEF,2023-06-01,B,,
Midlantic December Mixed and Horses of Racing Age (2023),2023-12-05,100,B,QUEEN'S FATE,M,ARTIE SCHILLER,SHUKRIYA,GRAND REWARD,NORTHVIEW STALLION STATION (DAVID WADE) AGENT,NOT SOLD,4000,,04/12/2015,ONTARIO,J-K,,,B,,
Midlantic December Mixed and Horses of Racing Age (2023),2023-12-05,101,B,,C,UNCLE LINO,QUEEN'S FATE,ARTIE SCHILLER,NORTHVIEW STALLION STATION (DAVID WADE) AGENT,MICHAEL JONES,1500,,04/30/2023,MARYLAND,J-K,,,W,,
Midlantic December Mixed and Horses of Racing Age (2023),2023-12-05,102,DKB,RAPIDASH,F,CLOUD COMPUTING,DIBBLE DASH,JUMP START,CHANCELAND FARM AGENT FOR THE STABLES AT MEZZA LUNA LLC,NOT SOLD,2000,,04/15/2023,MARYLAND,B-C,,,W,,
Midlantic December Mixed and Horses of Racing Age (2023),2023-12-05,103,B,,C,DIVINING ROD,REAPPEARANCE,KAFWAIN,BILL REIGHTLER AGENT FOR KEN LOWE,TODD BEATTIE,1500,,04/28/2023,MARYLAND,I-J,,,W,,
Midlantic December Mixed and Horses of Racing Age (2023),2023-12-05,104,DKB,,F,HOPPERTUNITY,RESERVE LIST,KANTHAROS,GRACIE BLOODSTOCK AGENT,RODOLFO SANCHEZ,1500,,02/26/2023,MARYLAND,B,,,W,,
Midlantic December Mixed and Horses of Racing Age (2023),2023-12-05,105,CH,,C,HOPPERTUNITY,ROBE,ARCH,NORTHVIEW STALLION STATION (DAVID WADE) AGENT,NOT SOLD,1000,,03/28/2023,MARYLAND,J-K,,,W,,
Midlantic December Mixed and Horses of Racing Age (2023),2023-12-05,106,CH,ROSIE BELLE,M,TRAPPE SHOT,ACE OF KAY,STRAVINSKY,NORTHVIEW STALLION STATION (DAVID WADE) AGENT,NOT SOLD,1000,,04/05/2014,PENNSYLVANIA,J-K,,,B,,
Midlantic December Mixed and Horses of Racing Age (2023),2023-12-05,107,CH,,C,SOLOMINI,SAINTLY ROSE,GRAEME HALL,MCMAHON OF SARATOGA THOROUGHBREDS LLC AGENT FOR GET GONE GOOSE FARM,JEFF RUNCO AGENT FOR DAVID RAIM,20000,,03/04/2023,WEST VIRGINIA,I,,,W,,
Midlantic December Mixed and Horses of Racing Age (2023),2023-12-05,108,DKB,,F,HIGHER POWER,SALISHAN,BANKER'S GOLD,MARSHALL W. SILVERMAN AGENT,CD STABLES,7000,,02/13/2023,PENNSYLVANIA,I-J,,,W,,
Midlantic December Mixed and Horses of Racing Age (2023),2023-12-05,109,CH,,F,HOLY BOSS,SAZERAC GIRL,E DUBAI,CHANCELAND FARM AGENT FOR ANCHOR & HOPE FARM,NOT THE 1 STABLE INC.,7000,,02/26/2023,MARYLAND,B-C,,,W,,
Midlantic December Mixed and Horses of Racing Age (2023),2023-12-05,110,B,SECONDEXWIFE,M,PRACTICAL JOKE,CELTIC CHANT,SONGANDAPRAYER,NORTHVIEW STALLION STATION (DAVID WADE) AGENT,CANVASBACK FARM,10000,,04/26/2020,KENTUCKY,J-K,TAPITURE,2023-03-19,B,,
Midlantic December Mixed and Horses of Racing Age (2023),2023-12-05,111,B,,C,KING FOR A DAY,SILENCIA,SILENT NAME (JPN),HARRY L. LANDRY BLOODSTOCK LLC AGENT,NOT SOLD,3500,,05/13/2023,NEW YORK,I,,,W,,
Midlantic December Mixed and Horses of Racing Age (2023),2023-12-05,112,B,SOIGNE,M,INCLUDE,MISO PRETTY,FOREST WILDCAT,MCMAHON OF SARATOGA THOROUGHBREDS LLC AGENT,ANTONIO DELGADO,2000,,04/09/2013,KENTUCKY,I,BOURBON COURAGE,2023-04-04,B,,
Midlantic December Mixed and Horses of Racing Age (2023),2023-12-05,113,B,,C,ARMY MULE,SONIC CYSTER,TIZNOW,NORTHVIEW STALLION STATION (DAVID WADE) AGENT,MARK ODORICO,25000,,03/18/2023,MARYLAND,J-K,,,W,,
Midlantic December Mixed and Horses of Racing Age (2023),2023-12-05,114,B,SPLIT IT,M,CURLIN,YOURSMINEOURS,BELONG TO ME,NORTHVIEW STALLION STATION (DAVID WADE) AGENT,DR THOMAS BOWMAN,14000,,04/12/2012,KENTUCKY,J-K,GREAT NOTION,2023-05-13,B,,
Midlantic December Mixed and Horses of Racing Age (2023),2023-12-05,115,CH,SPRING RUN,M,AFLEET ALEX,PRINCESS HILLARY,MARIA'S MON,NORTHVIEW STALLION STATION (DAVID WADE) AGENT,BRUNO SCHICKEDANZ,2000,,05/13/2015,MARYLAND,J-K,HOPPERTUNITY,2023-05-13,B,,
Midlantic December Mixed and Horses of Racing Age (2023),2023-12-05,116,B,,C,PAYNTER,SPRING RUN,AFLEET ALEX,NORTHVIEW STALLION STATION (DAVID WADE) AGENT,SUGARLAND LLC,2000,,04/19/2023,MARYLAND,J-K,,,W,,
Midlantic December Mixed and Horses of Racing Age (2023),2023-12-05,117,B,,F,LONG RIVER,STAGED AFFAIR,NOT FOR LOVE,CHANCELAND FARM AGENT FOR ANCHOR & HOPE FARM,LAURIE GANDY,9000,,04/15/2023,MARYLAND,B-C,,,W,,
Midlantic December Mixed and Horses of Racing Age (2023),2023-12-05,118,DKB,STARLIT MUSIC,F,CANDYGRAM,STARVISTA,MACLEAN'S MUSIC,BILL REIGHTLER AGENT,BARBARA S BROWN,30000,,03/29/2023,WEST VIRGINIA,I-J,,,W,,
Midlantic December Mixed and Horses of Racing Age (2023),2023-12-05,119,DKB,,F,WARRIOR'S REWARD,STORMY CLAIR,GULF STORM,MARSHALL W. SILVERMAN AGENT,ROBERT W DUNHAM,2000,,03/20/2023,PENNSYLVANIA,I-J,,,W,,
Midlantic December Mixed and Horses of Racing Age (2023),2023-12-05,120,CH,,C,FRIESAN FIRE,SUGAR SHACK,SHACKLEFORD,BILL REIGHTLER AGENT FOR JAMES STEVENSON,MICHAEL SCHEFFRES,1000,,01/30/2023,MARYLAND,I-J,,,W,,
Midlantic December Mixed and Horses of Racing Age (2023),2023-12-05,121,B,SWAMP PASS ALLEY,M,QUALITY ROAD,LOVE'S BLUSH,NOT FOR LOVE,NORTHVIEW STALLION STATION (DAVID WADE) AGENT,DEVIN BOYCE,10000,,04/24/2017,MARYLAND,J-K,ENGAGE,2023-04-26,B,,
Midlantic December Mixed and Horses of Racing Age (2023),2023-12-05,122,B,,C,TACITUS,SWAMP PASS ALLEY,QUALITY ROAD,NORTHVIEW STALLION STATION (DAVID WADE) AGENT,LOVE'S EQUINE AGENT FOR CLASSIC AUTOMATIONS,30000,,03/29/2023,MARYLAND,J-K,,,W,,
Midlantic December Mixed and Horses of Racing Age (2023),2023-12-05,123,DKB,TAKETHEODDS,M,STREET SENSE,BELTERRA,UNBRIDLED,CHANCELAND FARM AGENT,HILLARY FISHER,15000,,02/12/2011,KENTUCKY,B-C,GOLDEN LAD,2023-06-17,B,,
Midlantic December Mixed and Horses of Racing Age (2023),2023-12-05,124,GRR,TAPCEPTIONAL,M,CONCORD POINT,ACTCEPTIONAL,NOACTOR,HARRY L. LANDRY BLOODSTOCK LLC AGENT,NOT SOLD,3500,,03/01/2014,NEW YORK,I,WARRIOR'S CHARGE,2023-05-01,B,,
Midlantic December Mixed and Horses of Racing Age (2023),2023-12-05,125,CH,TAPIT HOME,M,TAPIT,GRAND PORTEGE,GRAND SLAM,NORTHVIEW STALLION STATION (DAVID WADE) AGENT,OUT,0,,04/27/2012,KENTUCKY,J-K,BOURBON COURAGE,2023-04-13,B,,
Midlantic December Mixed and Horses of Racing Age (2023),2023-12-05,126,GRR,TAP TOE,F,LOOKIN AT LEE,TAPCEPTIONAL,CONCORD POINT,HARRY L. LANDRY BLOODSTOCK LLC AGENT,DEBORAH FERGUSON,5000,,03/27/2023,NEW YORK,I,,,W,,
Midlantic December Mixed and Horses of Racing Age (2023),2023-12-05,127,DKB,TRUANCY,F,RUN AWAY AND HIDE,SUCCESSFULLY SWEET,SUCCESSFUL APPEAL,BILL REIGHTLER AGENT,COUNTRY LIFE FARM AGENT,55000,,02/04/2019,NEW YORK,I-J,,,BP,,
Midlantic December Mixed and Horses of Racing Age (2023),2023-12-05,128,B,TUNNEL STRIKE,M,ENGLISH CHANNEL,STRIKING BELLA,SMART STRIKE,SHAMROCK FARM AGENT,NOT SOLD,15000,,05/12/2018,MARYLAND,I,FROSTED,2023-05-24,B,,
Midlantic December Mixed and Horses of Racing Age (2023),2023-12-05,129,DKB,UNENTANGLED,M,NOT FOR LOVE,BRUSH OVER,BROAD BRUSH,MARSHALL W. SILVERMAN AGENT,JBB STABLE #3,2000,,04/17/2012,PENNSYLVANIA,I-J,GOLDEN LAD,2023-04-24,B,,
Midlantic December Mixed and Horses of Racing Age (2023),2023-12-05,130,CH,,F,UNCLE LINO,UNTOUCHABLE U,RED GIANT,MARSHALL W. SILVERMAN AGENT,SHAWN MOJALLALI,8500,,03/24/2023,MARYLAND,I-J,,,W,,
Midlantic December Mixed and Horses of Racing Age (2023),2023-12-05,131,DKB,,C,BLOFELD,VIBRANT SPIRIT,KITTEN'S JOY,DREAMTIME STABLES AGENT II,BEVERLY STRAUSS,5000,,03/30/2023,MARYLAND,A,,,W,,
Midlantic December Mixed and Horses of Racing Age (2023),2023-12-05,132,B,WALKING THE KITTEN,M,KITTEN'S JOY,NO DEADLINE,SKYWALKER,CHANCELAND FARM AGENT,HILLARY FISHER,10000,,03/30/2012,KENTUCKY,B-C,IRISH WAR CRY,2023-04-14,B,,
Midlantic December Mixed and Horses of Racing Age (2023),2023-12-05,133,DKB,WHAT AM I GONNA DO,M,PARTNER'S HERO,WHAT DO I DO,TWO SMART,NORTHVIEW STALLION STATION (DAVID WADE) AGENT,OUT,0,,03/19/2006,VIRGINIA,J-K,ENGAGE,2023-06-26,B,,
Midlantic December Mixed and Horses of Racing Age (2023),2023-12-05,134,DKB,,F,COMPLEXITY,WIDE OPEN,FLAT OUT,TAKARO FARM AGENT,LLOYD FARM,27000,,04/12/2023,WEST VIRGINIA,A,,,W,,
Midlantic December Mixed and Horses of Racing Age (2023),2023-12-05,135,CH,MAGIC GOLD,F,GOLDENCENTS,ABRACADABRA,SPEIGHTSTOWN,NORTHVIEW STALLION STATION (DAVID WADE) AGENT FOR JAMES F. THAMES (HORSE PLAY RACING),CHARLES MAFFEY,17000,,05/22/2022,KENTUCKY,J-K,,,Y,,
Midlantic December Mixed and Horses of Racing Age (2023),2023-12-05,136,CH,BUCKIN' RIGHT,F,FRIESAN FIRE,ANGELINTHEMORNING,STREET SENSE,BILL REIGHTLER AGENT,RODOLFO SANCHEZ,5000,,04/24/2022,MARYLAND,I-J,,,Y,,
Midlantic December Mixed and Horses of Racing Age (2023),2023-12-05,137,B,,F,VINO ROSSO,AWESOME ALEXANDRA,AWESOME AGAIN,DESIREE CLINTON,OUT,0,,04/29/2022,OHIO,I,,,Y,,
Midlantic December Mixed and Horses of Racing Age (2023),2023-12-05,138,B,DINE AND DASH,F,SUPER NINETY NINE,A WING AND A SONG,FIRST DEFENCE,BILL REIGHTLER AGENT,RODOLFO SANCHEZ,4500,,04/26/2022,MARYLAND,I-J,,,Y,,
Midlantic December Mixed and Horses of Racing Age (2023),2023-12-05,139,CH,,C,FREE DROP BILLY,BIG SKY GIRL,DISTORTED HUMOR,DESIREE CLINTON,OUT,0,,02/24/2022,OHIO,I,,,Y,,
Midlantic December Mixed and Horses of Racing Age (2023),2023-12-05,140,DKB,MUTT DILLIN,C,DIVINING ROD,BLISSTIKUS,LUFTIKUS,BILL REIGHTLER AGENT,WILLIAM B BAYNE JR,8000,,04/09/2022,MARYLAND,I-J,,,Y,,
Midlantic December Mixed and Horses of Racing Age (2023),2023-12-05,141,B,BUCKIN' SIMPLE,F,DIVINING ROD,EDIT AND SIMPLIFY,SUPER SAVER,BILL REIGHTLER AGENT,MICHAEL SCHEFFRES,1000,,04/24/2022,MARYLAND,I-J,,,Y,,
Midlantic December Mixed and Horses of Racing Age (2023),2023-12-05,142,B,,F,DIVINING ROD,IN DAD'S WALLET,MEDAGLIA D'ORO,BILL REIGHTLER AGENT,WILLIAM B BAYNE JR,1000,,03/02/2022,MARYLAND,I-J,,,Y,,
Midlantic December Mixed and Horses of Racing Age (2023),2023-12-05,143,CH,TUNED TO THE MOON,F,IRISH WAR CRY,LIL HABIT OF MINE,MINESHAFT,BILL REIGHTLER AGENT,NOT SOLD,1000,,03/24/2022,MARYLAND,I-J,,,Y,,
Midlantic December Mixed and Horses of Racing Age (2023),2023-12-05,144,CH,HIPPITUS HOPPITUS,C,HOPPERTUNITY,MARYLAND MONROE,COLONEL JOHN,BILL REIGHTLER AGENT,MICHAEL SCHEFFRES,2000,,04/03/2022,MARYLAND,I-J,,,Y,,
Midlantic December Mixed and Horses of Racing Age (2023),2023-12-05,145,DKB,,F,HOPPERTUNITY,PRINCESS THUNDER,DIXIE UNION,NORTHVIEW STALLION STATION (DAVID WADE) AGENT,NOT SOLD,4500,,04/17/2022,MARYLAND,J-K,,,Y,,
Midlantic December Mixed and Horses of Racing Age (2023),2023-12-05,146,B,,F,IRISH WAR CRY,ROBE,ARCH,NORTHVIEW STALLION STATION (DAVID WADE) AGENT,NOT SOLD,2800,,04/30/2022,MARYLAND,J-K,,,Y,,
Midlantic December Mixed and Horses of Racing Age (2023),2023-12-05,147,B,,F,JIMMY CREED,RYE STREET,UNCLE MO,BILL REIGHTLER AGENT,NO GUTS NO GLORY FARM,5000,,04/24/2022,WEST VIRGINIA,I-J,,,Y,,
Midlantic December Mixed and Horses of Racing Age (2023),2023-12-05,148,DKB,,F,MOR SPIRIT,UNCUT DIAMOND,SUCCESSFUL APPEAL,DESIREE CLINTON,OUT,0,,04/08/2022,OHIO,I,,,Y,,
Midlantic December Mixed and Horses of Racing Age (2023),2023-12-05,149,CH,NINEFOLD,C,CATHOLIC BOY,CELESTIAL STORM (IRE),GALILEO (IRE),DREAMTIME STABLES AGENT V,NOT SOLD,24000,,01/31/2022,MARYLAND,A,,,Y,,
Midlantic December Mixed and Horses of Racing Age (2023),2023-12-05,150,DKB,DOTADA,F,VIOLENCE,GORGEOUS IN GOLD,MALIBU MOON,BILL REIGHTLER AGENT,SHAMROCK HIGHLANDS THOROUGHBREDS,1500,,03/02/2019,KENTUCKY,I-J,,,BP,,
Midlantic December Mixed and Horses of Racing Age (2023),2023-12-05,151,B,,C,TACITUS,LOOKING GREAT,INCLUDE,GRACIE BLOODSTOCK AGENT FOR MORGAN'S FORD,JONES RACING,18000,,04/22/2023,VIRGINIA,B,,,W,,https://vimeo.com/888734171
Midlantic December Mixed and Horses of Racing Age (2023),2023-12-05,152,B,LOVE NOTION,F,GREAT NOTION,KATIE'S LOVE,NOT FOR LOVE,BILL REIGHTLER AGENT,JBB STABLE #3,1000,,03/20/2020,MARYLAND,I-J,,,BP,,
Midlantic December Mixed and Horses of Racing Age (2023),2023-12-05,153,DKB,PETITION PRAYER,F,DIVINING ROD,WRITTEN REQUEST,ARCH,BILL REIGHTLER AGENT,MACHMER HALL,38000,,05/05/2019,MARYLAND,I-J,,,BP,,
Midlantic December Mixed and Horses of Racing Age (2023),2023-12-05,154,DKB,,F,ROCK YOUR WORLD,REQUESTING,GIANT'S CAUSEWAY,GRACIE BLOODSTOCK AGENT,LOVE'S EQUINE,8000,,01/29/2023,MARYLAND,B,,,W,,
Midlantic December Mixed and Horses of Racing Age (2023),2023-12-05,155,B,SUMMER SQUEEZE,M,BROKEN VOW,SARATOGA SUMMER,SMART STRIKE,MARSHALL W. SILVERMAN AGENT,NOT SOLD,6000,,03/26/2015,NEW YORK,I-J,FIRE AT WILL,2023-04-06,B,,
Midlantic December Mixed and Horses of Racing Age (2023),2023-12-05,156,B,VAMOOSE,M,RUN AWAY AND HIDE,MISS NICOLE,STREET CRY (IRE),BILL REIGHTLER AGENT,NOT SOLD,1000,,02/19/2018,KENTUCKY,I-J,,,B,,
Midlantic December Mixed and Horses of Racing Age (2023),2023-12-05,161,GRR,ZIP LINE TO HEAVEN,G,CITY ZIP,HEAVEN KNOWS WHAT,HOLY BULL,NORTHVIEW STALLION STATION (DAVID WADE) AGENT,NOT SOLD,12000,,05/14/2017,MARYLAND,J-K,,,RA,,
Midlantic December Mixed and Horses of Racing Age (2023),2023-12-05,162,B,AESTHETICALLY,G,ELUSIVE QUALITY,CHATIQUE,DEPUTY MINISTER,BILL REIGHTLER AGENT,KATY CHEEKS,2500,,05/09/2018,KENTUCKY,I-J,,,RA,,
Midlantic December Mixed and Horses of Racing Age (2023),2023-12-05,163,DKB,AKITO,C,FIRST SAMURAI,SPRING DANCE,DANCE WITH RAVENS,BILL REIGHTLER AGENT,OUT,0,,05/10/2020,KENTUCKY,I-J,,,RA,,
Midlantic December Mixed and Horses of Racing Age (2023),2023-12-05,164,DKB,AMPLIO ESQUEMA,M,SEVILLE (GER),BROAD OUTLINE,SMART STRIKE,CHANCELAND FARM AGENT FOR SILHOUETTE LLC,ROGER STERLING,7500,,02/17/2017,MARYLAND,B-C,,,RB,,
Midlantic December Mixed and Horses of Racing Age (2023),2023-12-05,165,B,ARIUS,C,GET STORMY,IDERATHERBLUCKY,IDE,NORTHVIEW STALLION STATION (DAVID WADE) AGENT,NOT SOLD,14000,,03/05/2021,KENTUCKY,J-K,,,RA,,
Midlantic December Mixed and Horses of Racing Age (2023),2023-12-05,166,CH,AUNT MARGARET,F,UNCLE LINO,STEPH'S BULLET,RED BULLET,MARSHALL W. SILVERMAN AGENT,JOSE CORRALES,1000,,04/10/2020,PENNSYLVANIA,I-J,,,RA,,
Midlantic December Mixed and Horses of Racing Age (2023),2023-12-05,167,DKB,BATTALION,G,TIZNOW,DARLING'S DARLING,BERNARDINI,MARSHALL W. SILVERMAN AGENT,OUT,0,,02/10/2017,KENTUCKY,I-J,,,RA,,
Midlantic December Mixed and Horses of Racing Age (2023),2023-12-05,168,B,BATTLE OF BASTOGNE,G,STREET MAGICIAN,VIELSALM,FAIRBANKS,NORTHVIEW STALLION STATION (DAVID WADE) AGENT,STEVEN K REED,4200,,03/19/2019,MARYLAND,J-K,,,RA,,
Midlantic December Mixed and Horses of Racing Age (2023),2023-12-05,169,B,BAZINGA D,C,HOPPERTUNITY,BAZINGA B,LION HEARTED,NORTHVIEW STALLION STATION (DAVID WADE) AGENT,ROBERT W DUNHAM,30000,,04/05/2020,PENNSYLVANIA,J-K,,,RA,,
Midlantic December Mixed and Horses of Racing Age (2023),2023-12-05,170,CH,BETCHA BOOTS BABE,F,IMAGINING,SHEKEEPSHERBOOTSON,NOT FOR LOVE,CRANE THOROUGHBRED SERVICES AGENT,GLEN GADDY,21000,,05/24/2021,PENNSYLVANIA,I,,,RB,,
Midlantic December Mixed and Horses of Racing Age (2023),2023-12-05,171,CH,BLAZING BART,C,FLASHBACK,MS. SHORT POCKETS,EL PRADO (IRE),MARSHALL W. SILVERMAN AGENT FOR DR. & MRS. BRUCE C. WELLS,TATIANA SUSHKO,5000,,03/31/2021,MARYLAND,I-J,,,RA,,
Midlantic December Mixed and Horses of Racing Age (2023),2023-12-05,172,DKB,BOSSY JEANS,F,LAOBAN,IN THE JEANS,UNION RAGS,MARSHALL W. SILVERMAN AGENT,NOT SOLD,20000,,01/20/2021,NEW YORK,I-J,,,RA,,
Midlantic December Mixed and Horses of Racing Age (2023),2023-12-05,173,DKB,BRIGHT MOON,F,MALIBU MOON,LOOKING GREAT,INCLUDE,GRACIE BLOODSTOCK AGENT FOR MORGAN'S FORD,ANTHONY FARRIOR,6500,,03/23/2020,VIRGINIA,B,,,RB,,
Midlantic December Mixed and Horses of Racing Age (2023),2023-12-05,174,B,,C,BERNARDINI,BRILLIANCY,EXCHANGE RATE,MARSHALL W. SILVERMAN AGENT,JOHN VOLPE,2000,,01/29/2021,PENNSYLVANIA,I-J,,,RA,,
Midlantic December Mixed and Horses of Racing Age (2023),2023-12-05,175,B,CAPITAL GAL,F,CONSTITUTION,BIG THRILL,BIG DRAMA,GRACIE BLOODSTOCK AGENT,NOT SOLD,21000,,03/12/2019,NEW YORK,B,,,RB,,
Midlantic December Mixed and Horses of Racing Age (2023),2023-12-05,176,B,CLASS WIZARD,G,STREET MAGICIAN,CLASSY COCO,NOT FOR LOVE,NORTHVIEW STALLION STATION (DAVID WADE) AGENT,EDWARD MAHER,17000,,05/09/2019,MARYLAND,J-K,,,RA,,
Midlantic December Mixed and Horses of Racing Age (2023),2023-12-05,177,GRR,CUPID'S STRIKE,F,CUPID,MAKING MARK MONEY,SMART STRIKE,BILL REIGHTLER AGENT,JOHN J ROBB,27000,,03/13/2019,KENTUCKY,I-J,,,RA,,
Midlantic December Mixed and Horses of Racing Age (2023),2023-12-05,178,DKB,DARK POOL,F,COLLECTED,CHESTNUT GROVE,STREET CRY (IRE),MARSHALL W. SILVERMAN AGENT,NOT SOLD,49000,,03/15/2020,MARYLAND,I-J,,,RA,,
Midlantic December Mixed and Horses of Racing Age (2023),2023-12-05,179,B,DEACON DOUGIE,G,WEIGELIA,RED BANK ROBIN,INDIAN OCEAN,BILL REIGHTLER AGENT,NOT SOLD,24000,,03/21/2020,PENNSYLVANIA,I-J,,,RA,,
Midlantic December Mixed and Horses of Racing Age (2023),2023-12-05,180,B,EARLY,F,BOISTEROUS,FREQUENTLY,DISCREETLY MINE,CRANE THOROUGHBRED SERVICES AGENT,GLEN GADDY,11500,,04/10/2021,MARYLAND,I,,,RB,,
Midlantic December Mixed and Horses of Racing Age (2023),2023-12-05,181,CH,ELUSIVE FASHION,F,CONNECT,FASHION FORWARD,ELUSIVE QUALITY,MARSHALL W. SILVERMAN AGENT,NOT SOLD,19000,,04/10/2021,NEW YORK,I-J,,,RA,,
Midlantic December Mixed and Horses of Racing Age (2023),2023-12-05,182,GRR,EVENLY DIVIDED,G,THE FACTOR,CLASSY COCO,NOT FOR LOVE,NORTHVIEW STALLION STATION (DAVID WADE) AGENT,KAREN ZEILER,11000,,05/19/2020,MARYLAND,J-K,,,RA,,
Midlantic December Mixed and Horses of Racing Age (2023),2023-12-05,183,B,FLASHINTHENIGHT,G,MEDALLIST,FLASH RIOT,CROWD PLEASER,RANDALIA FARM,KATY CHEEKS,8500,,04/20/2017,PENNSYLVANIA,B,,,RA,,
Midlantic December Mixed and Horses of Racing Age (2023),2023-12-05,184,DKB,FROSTY MAYA,F,UNCLE LINO,STORMY RUN,FROST GIANT,NORTHVIEW STALLION STATION (DAVID WADE) AGENT,BRUNO SCHICKEDANZ,2500,,03/14/2021,MARYLAND,J-K,,,RA,,
Midlantic December Mixed and Horses of Racing Age (2023),2023-12-05,185,B,GRAND SPUN,F,HARD SPUN,PERIQUE,TAPIT,DREAMTIME STABLES AGENT IV,ANTHONY FARRIOR,2500,,04/16/2020,KENTUCKY,A,,,RB,,
Midlantic December Mixed and Horses of Racing Age (2023),2023-12-05,186,B,HONEY B B,F,MACLEAN'S MUSIC,ALPHA TAMMY,GOLDEN MISSILE,BILL REIGHTLER AGENT,HUGO GARCIA,2000,,03/30/2021,KENTUCKY,I-J,,,RA,,
Midlantic December Mixed and Horses of Racing Age (2023),2023-12-05,187,B,IGNITED,G,INTO MISCHIEF,SWEET FACTORY,CANDY RIDE (ARG),BILL REIGHTLER AGENT,BRUNO SCHICKEDANZ,9500,,04/28/2017,KENTUCKY,I-J,,,RA,,
Midlantic December Mixed and Horses of Racing Age (2023),2023-12-05,188,GRR,IMAGINE ERIN,F,IMAGINING,ERIN'S SONG,UNBRIDLED'S SONG,CRANE THOROUGHBRED SERVICES AGENT,JOANN BERTONE,5000,,04/19/2021,PENNSYLVANIA,I,,,RB,,
Midlantic December Mixed and Horses of Racing Age (2023),2023-12-05,189,DKB,INSIDE STUNT,G,GREENPOINTCRUSADER,RAVENS FIFTY FIVE,AIKENITE,BILL REIGHTLER AGENT,ANTHONY FARRIOR,8000,,04/13/2019,MARYLAND,I-J,,,RA,,
Midlantic December Mixed and Horses of Racing Age (2023),2023-12-05,190,B,JUULSTONE,G,AMERICAN PHAROAH,HESSONITE,FREUD,MARSHALL W. SILVERMAN AGENT,OUT,0,,02/21/2017,KENTUCKY,I-J,,,RA,,
Midlantic December Mixed and Horses of Racing Age (2023),2023-12-05,191,DKB,MARINA GRANDE,F,UNIFIED,ANY DAY NOW,SMART STRIKE,NORTHVIEW STALLION STATION (DAVID WADE) AGENT,WASABI VENTURES STABLES,25000,,05/16/2020,WEST VIRGINIA,J-K,,,RA,,
Midlantic December Mixed and Horses of Racing Age (2023),2023-12-05,192,B,,C,LIAM'S MAP,MARKET LOVER,LATENT HEAT,NORTHVIEW STALLION STATION (DAVID WADE) AGENT,MICHAEL JONES,1500,,04/07/2021,KENTUCKY,J-K,,,RA,,
Midlantic December Mixed and Horses of Racing Age (2023),2023-12-05,193,DKB,MARTHA'S FIRST,F,MITOLE,FIRST DUDETTE,FIRST DUDE,NORTHVIEW STALLION STATION (DAVID WADE) AGENT,ANTHONY COPPLA & PEWTER STABLES,28000,,01/26/2021,NEW YORK,J-K,,,RA,,
Midlantic December Mixed and Horses of Racing Age (2023),2023-12-05,194,GRR,MISS MARY MO,F,UNCLE LINO,MRS. MARY S,IN THE WOODS,MARSHALL W. SILVERMAN AGENT,RODRIGUEZ RACING,1500,,03/31/2021,PENNSYLVANIA,I-J,,,RA,,
Midlantic December Mixed and Horses of Racing Age (2023),2023-12-05,195,CH,MR. CELLULAR,G,NYQUIST,KITTEN'S DANCER,KITTEN'S JOY,BILL REIGHTLER AGENT,ANTHONY FARRIOR,5000,,01/16/2019,KENTUCKY,I-J,,,RA,,
Midlantic December Mixed and Horses of Racing Age (2023),2023-12-05,196,CH,,F,LOOKIN AT LUCKY,MY FANCY,STEPHEN GOT EVEN,CRANE THOROUGHBRED SERVICES AGENT,GLEN GADDY,10000,,03/02/2021,NEW YORK,I,,,RB,,
Midlantic December Mixed and Horses of Racing Age (2023),2023-12-05,197,CH,NAVY ADMIRAL,C,OSCAR PERFORMANCE,NAVAL ACADEMY,MIZZEN MAST,MARSHALL W. SILVERMAN AGENT,NOT SOLD,9500,,04/20/2021,MARYLAND,I-J,,,RA,,
Midlantic December Mixed and Horses of Racing Age (2023),2023-12-05,198,DKB,NUWANDA,F,CARPE DIEM,LADY ASTOLA,LONHRO (AUS),BILL REIGHTLER AGENT,CJ RACING,8500,,03/27/2020,KENTUCKY,I-J,,,RB,,
Midlantic December Mixed and Horses of Racing Age (2023),2023-12-05,199,CH,ON THE ENGINE,G,MORE THAN READY,ONNA BUGEISHA,FIRST SAMURAI,BILL REIGHTLER AGENT,MJM STABLE,18000,,02/22/2018,KENTUCKY,I-J,,,RA,,
Midlantic December Mixed and Horses of Racing Age (2023),2023-12-05,200,B,PAYNTER'S PRODIGY,G,PAYNTER,ENGLISH CHOCOLATE,MIDNIGHT LUTE,MARSHALL W. SILVERMAN AGENT,FLATBIRD STABLE,40000,,03/05/2021,KENTUCKY,I-J,,,RA,,
Midlantic December Mixed and Horses of Racing Age (2023),2023-12-05,201,GRR,REBEL REBEL,F,BANDBOX,VAMPISH,BODEMEISTER,BILL REIGHTLER AGENT,ANTHONY FARRIOR,22000,,03/23/2021,MARYLAND,I-J,,,RA,,
Midlantic December Mixed and Horses of Racing Age (2023),2023-12-05,202,GRR,RED HOT CHICK,F,ALWAYS DREAMING,RED HOT HEELS,TAPIT,MARSHALL W. SILVERMAN AGENT,NOT SOLD,7500,,05/01/2020,NEW YORK,I-J,,,RA,,
Midlantic December Mixed and Horses of Racing Age (2023),2023-12-05,203,CH,,F,CLASSIC EMPIRE,REY LAKE,MEADOWLAKE,NORTHVIEW STALLION STATION (DAVID WADE) AGENT,NOT SOLD,9000,,04/22/2021,MARYLAND,J-K,,,RA,,
Midlantic December Mixed and Horses of Racing Age (2023),2023-12-05,204,B,SNACK,C,TWIRLING CANDY,PLUM,PURE PRIZE,DARK HOLLOW FARM,MICHAEL SCHEFFRES,4500,,04/28/2020,MARYLAND,A,,,RA,,
Midlantic December Mixed and Horses of Racing Age (2023),2023-12-05,205,CH,SECURED LANDING,G,OMAHA BEACH,SELECT FRIDAY,KANTHAROS,JORGE DUARTE JR AGENT,CASH IS KING,14000,,03/13/2021,KENTUCKY,C,,,RA,,
Midlantic December Mixed and Horses of Racing Age (2023),2023-12-05,206,B,SHACKLED LOVE,G,SHACKLEFORD,STEADY N LOVE,NOT FOR LOVE,MARSHALL W. SILVERMAN AGENT,NOT SOLD,20000,,04/10/2018,MARYLAND,I-J,,,RA,,
Midlantic December Mixed and Horses of Racing Age (2023),2023-12-05,207,GRR,SKELLIG ISLAND,C,BAL A BALI (BRZ),NEEDS NO ICE,POLAR COORDINATE,MARSHALL W. SILVERMAN AGENT,FLATBIRD STABLE,20000,,03/08/2021,NEW YORK,I-J,,,RA,,
Midlantic December Mixed and Horses of Racing Age (2023),2023-12-05,208,GRR,,F,MIDNIGHT LUTE,SMILEFORAMILE,UNBRIDLED'S SONG,CRANE THOROUGHBRED SERVICES AGENT,NOT SOLD,29000,,06/01/2020,KENTUCKY,I,,,RB,,
Midlantic December Mixed and Horses of Racing Age (2023),2023-12-05,209,CH,STORMING CHROME,G,HARD SPUN,SUMMER RAINBOW,SUMMER SQUALL,NORTHVIEW STALLION STATION (DAVID WADE) AGENT,OUT,0,,03/14/2019,KENTUCKY,J-K,,,RA,,
Midlantic December Mixed and Horses of Racing Age (2023),2023-12-05,210,GRR,SUPER SIMPLIFY,F,BANDBOX,EDIT AND SIMPLIFY,SUPER SAVER,BILL REIGHTLER AGENT,LRC,6000,,04/28/2021,MARYLAND,I-J,,,RA,,
Midlantic December Mixed and Horses of Racing Age (2023),2023-12-05,211,CH,SWEETCATHERINEROSE,F,BRODY'S CAUSE,DEVIL'S SHOES,MACLEAN'S MUSIC,NORTHVIEW STALLION STATION (DAVID WADE) AGENT,ROGER STERLING,35000,,03/23/2021,KENTUCKY,J-K,,,RA,,
Midlantic December Mixed and Horses of Racing Age (2023),2023-12-05,212,B,,G,OMAHA BEACH,SWEET SHIRLEY MAE,BROKEN VOW,MARSHALL W. SILVERMAN AGENT,RODRIGUEZ RACING,1500,,04/18/2021,KENTUCKY,I-J,,,RA,,
Midlantic December Mixed and Horses of Racing Age (2023),2023-12-05,213,B,TAPPIN CAT,G,TRITAP,ELUSORY,BROKEN VOW,MARSHALL W. SILVERMAN AGENT,OUT,0,,05/07/2016,MARYLAND,I-J,,,RA,,
Midlantic December Mixed and Horses of Racing Age (2023),2023-12-05,214,DKB,TRY HARDER,G,OSCAR PERFORMANCE,NEVER GIVE UP,WAR FRONT,JORGE DUARTE JR AGENT,OUT,0,,04/18/2021,KENTUCKY,C,,,RA,,
Midlantic December Mixed and Horses of Racing Age (2023),2023-12-05,215,B,UNSWAYED,G,SPEIGHTSTOWN,SPUNDERFUL,MEDAGLIA D'ORO,JORGE DUARTE JR AGENT,OUT,0,,02/21/2021,KENTUCKY,C,,,RA,,
Midlantic December Mixed and Horses of Racing Age (2023),2023-12-05,216,B,URBAN DANCER,F,STREET SENSE,DANCER,GHOSTZAPPER,JORGE DUARTE JR AGENT,GRADE ONE LLC,13000,,03/15/2021,KENTUCKY,C,,,RB,,
Midlantic December Mixed and Horses of Racing Age (2023),2023-12-05,217,B,VERY SURE,F,KITTEN'S JOY,NOT SURE,LONHRO (AUS),JORGE DUARTE JR AGENT,BROODMARE 2023-2024,25000,,03/10/2021,KENTUCKY,C,,,RB,,
Midlantic December Mixed and Horses of Racing Age (2023),2023-12-05,218,CH,WAIT FOR TOMORROW,F,KANTHAROS,CLOCKSTRUCKTWELVE,MALIBU MOON,NORTHVIEW STALLION STATION (DAVID WADE) AGENT,OUT,0,,03/25/2021,MARYLAND,J-K,,,RA,,
Midlantic December Mixed and Horses of Racing Age (2023),2023-12-05,219,B,WATCH HILL,G,COLLECTED,PUNKIN'S PRIDE,BLUEGRASS CAT,MARSHALL W. SILVERMAN AGENT,NOT SOLD,39000,,02/19/2020,NEW YORK,I-J,,,RA,,
Midlantic December Mixed and Horses of Racing Age (2023),2023-12-05,220,B,TWELVEO'CLOCKROCK,M,STREET SENSE,CLOCKSTRUCKTWELVE,MALIBU MOON,MARSHALL W. SILVERMAN AGENT,DONALD T BLANKENSHIP,5500,,03/03/2018,MARYLAND,I-J,,,RB,,
