SALE TITLE,SESSION,HIP,COLOR,SEX,SIRE,DAM,SIRE OF DAM,PROPERTY LINE,PURCHASER,PRICE,PRIVATE SALE,YEAR OF BIRTH,FOALED,COVER DATE,SOLD AS DESCRIPTION,VIRTUAL INSPECTION
Santa Anita Two-Year-Olds in Training (2021),2021-06-23,1,DKB,C,STANFORD,MAIN STREET,STREET CRY (IRE),HAVENS BLOODSTOCK AGENCY INC. AGENT,OUT,0,,05/10/2019,CALIFORNIA,,,,D,,
Santa Anita Two-Year-Olds in Training (2021),2021-06-23,2,CH,F,LORD NELSON,MALIBU PIER,MALIBU MOON,KINGS EQUINE AGENT,ECLIPSE THOROUGHBRED PARTNERS,80000,Y,02/07/2019,KENTUCKY,,,https://vimeo.com/558719835,D,10.3,https://www.youtube.com/watch?v=WUwPnsJUGeQ
Santa Anita Two-Year-Olds in Training (2021),2021-06-23,3,DKB,C,DECLARATION OF WAR,MARALAGO,THUNDER GULCH,HAVENS BLOODSTOCK AGENCY INC. AGENT,OUT,0,,03/12/2019,CALIFORNIA,,,,D,,
Santa Anita Two-Year-Olds in Training (2021),2021-06-23,4,B,C,DOMINUS,MATINEE EXPRESS,ZENSATIONAL,HAVENS BLOODSTOCK AGENCY INC. AGENT,NOT SOLD,19000,,03/21/2019,NEW YORK,,,,D,11.1,https://www.youtube.com/watch?v=vVzcsI7mGH4
Santa Anita Two-Year-Olds in Training (2021),2021-06-23,5,DKB,C,CURLIN TO MISCHIEF,MAZEL DANCER,MAZEL TRICK,HAVENS BLOODSTOCK AGENCY INC. AGENT,NOT SOLD,29000,,02/07/2019,CALIFORNIA,,,,D,11.1,https://www.youtube.com/watch?v=paJSwuPgTdA
Santa Anita Two-Year-Olds in Training (2021),2021-06-23,6,DKB,F,UNIFIED,MILES RULES,TRIBAL RULE,HAVENS BLOODSTOCK AGENCY INC. AGENT,OUT,0,,03/09/2019,KENTUCKY,,,,D,,
Santa Anita Two-Year-Olds in Training (2021),2021-06-23,7,B,F,CLASSIC EMPIRE,MISCHIEVOUS MISTY,INTO MISCHIEF,PIKE RACING AGENT,PETER MILLER AGENT,35000,,02/12/2019,KENTUCKY,,,,D,10.4,https://www.youtube.com/watch?v=FY-9G-iCQx4
Santa Anita Two-Year-Olds in Training (2021),2021-06-23,8,DKB,F,EXAGGERATOR,MONARCHY,EMPIRE MAKER,HAVENS BLOODSTOCK AGENCY INC. AGENT,VALLE LAS PALMAS,8000,,03/13/2019,KENTUCKY,,,,D,11.2,https://www.youtube.com/watch?v=TvezIkmmswE
Santa Anita Two-Year-Olds in Training (2021),2021-06-23,9,CH,F,NYQUIST,MOON MUSIC,MALIBU MOON,HARTLEY/DE RENZO THOROUGHBREDS AGENT,ANDREW T ANDREWS,140000,,04/12/2019,ONTARIO,,,,D,22.3,https://www.youtube.com/watch?v=CoM6gEvIQMs
Santa Anita Two-Year-Olds in Training (2021),2021-06-23,10,DKB,F,CARPE DIEM,MORE RESPECT,MORE THAN READY,KINGS EQUINE AGENT,OUT,0,,05/15/2019,KENTUCKY,,,https://vimeo.com/558719872,D,10.3,https://www.youtube.com/watch?v=gF7zBgzrBso
Santa Anita Two-Year-Olds in Training (2021),2021-06-23,11,CH,C,SQUARE EDDIE,MO STYLE,UNCLE MO,MCCARTHY BLOODSTOCK AGENT,JEFF BONDE,18000,,03/09/2019,CALIFORNIA,,,,D,G,https://www.youtube.com/watch?v=yClUJEKrICg
Santa Anita Two-Year-Olds in Training (2021),2021-06-23,12,B,F,MEDAGLIA D'ORO,MOTOWN LADY,UNCLE MO,KINGS EQUINE AGENT,THETA HOLDING I INC.,55000,,03/02/2019,KENTUCKY,,,https://vimeo.com/558719908,D,11,https://www.youtube.com/watch?v=q9bXof2WEN8
Santa Anita Two-Year-Olds in Training (2021),2021-06-23,13,B,C,KLIMT,MS. CHARACTER,GHOSTZAPPER,PIKE RACING AGENT,MARK GLATT,15000,Y,01/30/2019,LOUISIANA,,,,D,G,https://www.youtube.com/watch?v=jwaKQy5o0aI
Santa Anita Two-Year-Olds in Training (2021),2021-06-23,14,DKB,F,CLASSIC EMPIRE,MY CALIFORNIA,CALIMONCO,MCCARTHY BLOODSTOCK AGENT,NOT SOLD,74000,,02/17/2019,KENTUCKY,,,,D,11,https://www.youtube.com/watch?v=-yvowhSC3BU
Santa Anita Two-Year-Olds in Training (2021),2021-06-23,15,CH,F,TEXAS RYANO,NASHOBA'S CANDY,CANDY RIDE (ARG),MCCARTHY BLOODSTOCK AGENT,OUT,0,,04/17/2019,CALIFORNIA,,,,D,,
Santa Anita Two-Year-Olds in Training (2021),2021-06-23,16,CH,C,CALIFORNIA CHROME,NEVER GROW OLD,SCAT DADDY,PIKE RACING AGENT,MATTHEW DOHMAN AMANDA MURPHY AGENT,55000,,02/08/2019,KENTUCKY,,,,D,10.3,https://www.youtube.com/watch?v=q3896SUojvo
Santa Anita Two-Year-Olds in Training (2021),2021-06-23,17,B,F,STANFORD,NINE TO FIVE LADY,MR. GREELEY,HAVENS BLOODSTOCK AGENCY INC. AGENT,NOT SOLD,245000,,05/07/2019,CALIFORNIA,,,,D,,https://www.youtube.com/watch?v=wuKV_lu8m5c
Santa Anita Two-Year-Olds in Training (2021),2021-06-23,18,CH,C,MUCHO MACHO MAN,NOSPEIGHTINTENDED,SPEIGHTSTOWN,KINGS EQUINE AGENT,ROBERT B HESS JR,50000,,04/15/2019,KENTUCKY,,,https://vimeo.com/558719952,D,11,https://www.youtube.com/watch?v=qlqbQK2JYvA
Santa Anita Two-Year-Olds in Training (2021),2021-06-23,19,CH,F,SQUARE EDDIE,PALEO (IRE),INDIAN RIDGE (IRE),MCCARTHY BLOODSTOCK AGENT,OUT,0,,04/13/2019,CALIFORNIA,,,,D,,
Santa Anita Two-Year-Olds in Training (2021),2021-06-23,20,DKB,C,STREET BOSS,PARADING LADY,STORM CAT,HAVENS BLOODSTOCK AGENCY INC. AGENT,PETER MILLER AGENT,150000,,03/16/2019,KENTUCKY,,,,D,,https://www.youtube.com/watch?v=e0jmCuVUAZw
Santa Anita Two-Year-Olds in Training (2021),2021-06-23,21,DKB,F,SHAMAN GHOST,PEARLS FOR GIRLS,GREELEY'S GALAXY,EXCEL BLOODSTOCK (BRUNO DEBERDT) AGENT FOR LEBHERZ RACING LLC,HIGH TECH RACING,100000,,04/03/2019,CALIFORNIA,,,https://youtu.be/qBDlr2gVnbI,D,10.4,https://www.youtube.com/watch?v=TQnXLcEA-s4
Santa Anita Two-Year-Olds in Training (2021),2021-06-23,22,B,C,MALIBU MOON,PEGGY RING,GHOSTZAPPER,PIKE RACING AGENT,TIM BANKERS,15000,,02/24/2019,KENTUCKY,,,,D,10.4,https://www.youtube.com/watch?v=gnRxO7Wi9RM
Santa Anita Two-Year-Olds in Training (2021),2021-06-23,23,CH,C,STREET BOSS,PEPPERMINT LOUNGE,DISTORTED HUMOR,MCCARTHY BLOODSTOCK AGENT,TIM BANKERS,90000,,04/15/2019,CALIFORNIA,,,,D,22.4,https://www.youtube.com/watch?v=n2PD98to3xk
Santa Anita Two-Year-Olds in Training (2021),2021-06-23,24,CH,F,STREET BOSS,PLAYFUL LOVE,TAPIT,MCKEE BLOODSTOCK LLC AGENT,NOT SOLD,39000,,04/16/2019,KENTUCKY,,,,D,11.4,https://www.youtube.com/watch?v=NIQwEIMQHLQ
Santa Anita Two-Year-Olds in Training (2021),2021-06-23,25,DKB,F,MR. BIG,PRINCESS PEGASUS,FUSAICHI PEGASUS,MCCARTHY BLOODSTOCK AGENT,NOT SOLD,34000,,03/03/2019,CALIFORNIA,,,,D,11.2,https://www.youtube.com/watch?v=dAInV95F4xg
Santa Anita Two-Year-Olds in Training (2021),2021-06-23,26,CH,C,CUPID,QUEENS PEG,IN EXCESS (IRE),HAVENS BLOODSTOCK AGENCY INC. AGENT,OUT,0,,05/09/2019,KENTUCKY,,,,D,,
Santa Anita Two-Year-Olds in Training (2021),2021-06-23,27,B,C,MR. BIG,QUICK CHICK,ORIENTATE,HAVENS BLOODSTOCK AGENCY INC. AGENT,OUT,0,,05/06/2019,CALIFORNIA,,,,D,22.1,https://www.youtube.com/watch?v=G8nvnOzqhWc
Santa Anita Two-Year-Olds in Training (2021),2021-06-23,28,CH,F,VRONSKY,QUICK LUCK,LUCKY J. H.,MCCARTHY BLOODSTOCK AGENT,MARSHALL ROSE,40000,,01/28/2019,CALIFORNIA,,,,D,11.1,https://www.youtube.com/watch?v=2cKPRTnPIMk
Santa Anita Two-Year-Olds in Training (2021),2021-06-23,29,GRR,C,MEDAGLIA D'ORO,READY TO ACT,MORE THAN READY,KINGS EQUINE AGENT,DHLAMINI MIGWA RACING,55000,,03/05/2019,KENTUCKY,,,,D,22.3,https://www.youtube.com/watch?v=F39nZch-Xvc
Santa Anita Two-Year-Olds in Training (2021),2021-06-23,30,CH,C,LEMON DROP KID,SALLIE'S MEMORY,HOLY BULL,PIKE RACING AGENT,SLUGO RACING,60000,,02/06/2019,KENTUCKY,,,,D,11,https://www.youtube.com/watch?v=8YwWOW3a82c
Santa Anita Two-Year-Olds in Training (2021),2021-06-23,31,DKB,C,PIONEEROF THE NILE,SAPUCAI,INDIAN CHARLIE,L G AGENT,MONGOLIAN STABLE,50000,,03/29/2019,KENTUCKY,,,,D,10.4,https://www.youtube.com/watch?v=qAG_NcVThWk
Santa Anita Two-Year-Olds in Training (2021),2021-06-23,33,CH,C,KLIMT,SEASIDE GLORY,SPEIGHTSTOWN,KINGS EQUINE AGENT,NOT SOLD,30000,,02/22/2019,KENTUCKY,,,https://vimeo.com/558720013,D,11,https://www.youtube.com/watch?v=ZDqQ57yBg9Q
Santa Anita Two-Year-Olds in Training (2021),2021-06-23,34,DKB,F,PAYNTER,SHARKY'S DANCER,PERFECT MANDATE,HAVENS BLOODSTOCK AGENCY INC. AGENT,OUT,0,,05/04/2019,CALIFORNIA,,,,D,11.3,https://www.youtube.com/watch?v=lljYTfJXkH8
Santa Anita Two-Year-Olds in Training (2021),2021-06-23,35,CH,C,VIOLENCE,SHE'S A WOW,SPEIGHTSTOWN,STEPHENS THOROUGHBREDS LLC,OUT,0,,03/16/2019,FLORIDA,,,,D,,
Santa Anita Two-Year-Olds in Training (2021),2021-06-23,36,B,F,TIZNOW,SOOT Z,EMPIRE MAKER,PIKE RACING AGENT,SPENDTHRIFT FARM LLC,250000,,05/11/2019,KENTUCKY,,,,D,10.3,https://www.youtube.com/watch?v=vZQFcYpxw7g
Santa Anita Two-Year-Olds in Training (2021),2021-06-23,37,DKB,C,CREATIVE CAUSE,SOURCE OF HUMOR,DISTORTED HUMOR,HAVENS BLOODSTOCK AGENCY INC. AGENT,JEFF BONDE,15000,,05/16/2019,KENTUCKY,,,,D,11,https://www.youtube.com/watch?v=pVrvuCDb_1I
Santa Anita Two-Year-Olds in Training (2021),2021-06-23,38,B,C,HOORAYFORHOLLYWOOD,STAR CATCH,MIDNIGHT LUTE,HAVENS BLOODSTOCK AGENCY INC. AGENT,PAUL SABESKY,20000,,04/25/2019,CALIFORNIA,,,,D,11,https://www.youtube.com/watch?v=JU_WrVT2ev4
Santa Anita Two-Year-Olds in Training (2021),2021-06-23,39,DKB,G,SHAMAN GHOST,STARS COLLIDE,STRONG CONTENDER,VAL BRINKERHOFF AGENT,OUT,0,,03/28/2019,CALIFORNIA,,,,D,,
Santa Anita Two-Year-Olds in Training (2021),2021-06-23,40,B,F,GOLDENCENTS,STELLALUCE,CUVEE,MCKEE BLOODSTOCK LLC AGENT,STANLEY SPANO,20000,,04/29/2019,KENTUCKY,,,,D,10.4,https://www.youtube.com/watch?v=JG0vDi033ic
Santa Anita Two-Year-Olds in Training (2021),2021-06-23,41,CH,F,TALE OF THE CAT,STREET BEAUTY,STREET CRY (IRE),EXCEL BLOODSTOCK (BRUNO DEBERDT) AGENT FOR LEBHERZ RACING LLC,JOHN & KIM GRAVENSLUND,40000,,03/27/2019,KENTUCKY,,,https://youtu.be/PaNPSwdlAmY,D,11,https://www.youtube.com/watch?v=PFLKmpd1Eg0
Santa Anita Two-Year-Olds in Training (2021),2021-06-23,42,B,F,JIMMY CREED,SWEETLIKEME,CHEROKEE RUN,KINGS EQUINE AGENT,NICK J HINES AGENT,45000,Y,03/05/2019,KENTUCKY,,,https://vimeo.com/558720044,D,10.3,https://www.youtube.com/watch?v=xfF_8ma1fOs
Santa Anita Two-Year-Olds in Training (2021),2021-06-23,43,DKB,F,CLASSIC EMPIRE,TENSAS PUNCH,WAR FRONT,HARTLEY/DE RENZO THOROUGHBREDS AGENT,DANIEL PREISS AGENT,77000,,03/11/2019,KENTUCKY,,,,D,10.4,https://www.youtube.com/watch?v=Nwzn0nIzoP4
Santa Anita Two-Year-Olds in Training (2021),2021-06-23,44,GRR,C,MR. BIG,TERMITE,MARIA'S MON,HAVENS BLOODSTOCK AGENCY INC. AGENT,STEVE ZOLOTAS,30000,,03/05/2019,CALIFORNIA,,,,D,11,https://www.youtube.com/watch?v=ca6rMF7Gr3g
Santa Anita Two-Year-Olds in Training (2021),2021-06-23,45,B,F,DOMINUS,TERYNS SONG,ARTIE SCHILLER,HAVENS BLOODSTOCK AGENCY INC. AGENT,JEREMY RAMSLAND,20000,,02/04/2019,KENTUCKY,,,,D,10.4,https://www.youtube.com/watch?v=_wCbUMjKPY4
Santa Anita Two-Year-Olds in Training (2021),2021-06-23,46,DKB,C,PRACTICAL JOKE,TESSIE FLIP,GRAND SLAM,MCCARTHY BLOODSTOCK AGENT,OUT,0,,04/04/2019,KENTUCKY,,,,D,,
Santa Anita Two-Year-Olds in Training (2021),2021-06-23,47,B,F,INTO MISCHIEF,TRANSPLENDID,ELUSIVE QUALITY,PIKE RACING AGENT,HAPPY HORSE STABLE,60000,,03/18/2019,KENTUCKY,,,,D,11,https://www.youtube.com/watch?v=L2-4dK8D9u8
Santa Anita Two-Year-Olds in Training (2021),2021-06-23,48,B,C,STANFORD,TRIBAL FEATHERS,TRIBAL RULE,HAVENS BLOODSTOCK AGENCY INC. AGENT,OUT,0,,04/23/2019,CALIFORNIA,,,,D,,
Santa Anita Two-Year-Olds in Training (2021),2021-06-23,49,DKB,F,MSHAWISH,VOODOO DANCER,KINGMAMBO,STEPHENS THOROUGHBREDS LLC AGENT,OUT,0,,04/05/2019,KENTUCKY,,,,D,,
Santa Anita Two-Year-Olds in Training (2021),2021-06-23,50,CH,C,STANFORD,WALL ST WIDOW,HENNESSY,MCCARTHY BLOODSTOCK AGENT,OUT,0,,03/24/2019,CALIFORNIA,,,,D,,
Santa Anita Two-Year-Olds in Training (2021),2021-06-23,51,DKB,C,UNIFIED,WHIFF,GIANT'S CAUSEWAY,MCKEE BLOODSTOCK LLC AGENT FOR STEVEN KINROSS,NOT SOLD,20000,,04/16/2019,KENTUCKY,,,,D,11.4,https://www.youtube.com/watch?v=E5HUYieG9tU
Santa Anita Two-Year-Olds in Training (2021),2021-06-23,52,CH,C,DANZING CANDY,WHOBETTERTHANUS,GRAND SLAM,EXCEL BLOODSTOCK (BRUNO DEBERDT) AGENT FOR LEBHERZ RACING & ALAN KLEIN & RUSTY BROWN,OUT,0,,04/01/2019,CALIFORNIA,,,,D,,
Santa Anita Two-Year-Olds in Training (2021),2021-06-23,53,CH,C,SHACKLEFORD,WILD HOPE,QUAKER RIDGE,HAVENS BLOODSTOCK AGENCY INC. AGENT,OUT,0,,03/27/2019,KENTUCKY,,,,D,,
Santa Anita Two-Year-Olds in Training (2021),2021-06-23,54,DKB,F,CUPID,WILD MOCHA,MEDAGLIA D'ORO,L G AGENT,JEFF BONDE,60000,,03/03/2019,KENTUCKY,,,,D,22,https://www.youtube.com/watch?v=6khYvTFp8oY
Santa Anita Two-Year-Olds in Training (2021),2021-06-23,55,B,C,VANCOUVER (AUS),WIND FLOW,INDIAN CHARLIE,HAVENS BLOODSTOCK AGENCY INC. AGENT,NOT SOLD,19000,,04/15/2019,CALIFORNIA,,,,D,11.1,https://www.youtube.com/watch?v=9EJJ2uSYTxM
Santa Anita Two-Year-Olds in Training (2021),2021-06-23,56,DKB,F,BOAT TRIP,ZOE'S BABA,IN EXCESS (IRE),HAVENS BLOODSTOCK AGENCY INC. AGENT,OUT,0,,03/23/2019,CALIFORNIA,,,,D,,
Santa Anita Two-Year-Olds in Training (2021),2021-06-23,58,B,C,MUNNINGS,ZUZU'S PETALS,BEDFORD FALLS,MCCARTHY BLOODSTOCK AGENT,NOT SOLD,95000,,04/07/2019,CALIFORNIA,,,,D,10.3,https://www.youtube.com/watch?v=CCIvTkGyytI
Santa Anita Two-Year-Olds in Training (2021),2021-06-23,59,B,C,RUN IT,AFLEET DIABLO,NORTHERN AFLEET,MCKEE BLOODSTOCK LLC AGENT FOR STEVEN KINROSS,OUT,0,,03/10/2019,CALIFORNIA,,,,D,,
Santa Anita Two-Year-Olds in Training (2021),2021-06-23,60,CH,F,CLASSIC EMPIRE,AUCTION (IRE),MR. GREELEY,EXCEL BLOODSTOCK (BRUNO DEBERDT) AGENT,OUT,0,,04/10/2019,KENTUCKY,,,,D,,
Santa Anita Two-Year-Olds in Training (2021),2021-06-23,61,DKB,F,SHANGHAI BOBBY,AVIE'S EMPIRE,EMPIRE MAKER,HAVENS BLOODSTOCK AGENCY INC. AGENT,OUT,0,,05/16/2019,KENTUCKY,,,,D,,
Santa Anita Two-Year-Olds in Training (2021),2021-06-23,62,B,C,MR. BIG,BABY ZITO,CURLIN,HAVENS BLOODSTOCK AGENCY INC. AGENT,MARK GLATT AGENT,42000,,03/27/2019,CALIFORNIA,,,,D,11.1,https://www.youtube.com/watch?v=eQgS_cVuhSI
Santa Anita Two-Year-Olds in Training (2021),2021-06-23,63,B,F,BAL A BALI (BRZ),BAI AND BAI,FALSTAFF,PIKE RACING AGENT,ALISTAIR RODEN BLOODSTOCK,50000,,02/11/2019,KENTUCKY,,,,D,47.4,https://www.youtube.com/watch?v=u0GaarW2J28
Santa Anita Two-Year-Olds in Training (2021),2021-06-23,64,B,C,EXAGGERATOR,BALABUSTA,TWIRLING CANDY,HAVENS BLOODSTOCK AGENCY INC. AGENT,REMMAH RACING,14000,,04/29/2019,KENTUCKY,,,,D,11.1,https://www.youtube.com/watch?v=LxdjclMVBF4
Santa Anita Two-Year-Olds in Training (2021),2021-06-23,65,B,F,MACLEAN'S MUSIC,BAUBLE,TALE OF THE CAT,MCCARTHY BLOODSTOCK AGENT,WEST POINT THOROUGHBREDS INC,155000,,04/27/2019,KENTUCKY,,,,D,10.3,https://www.youtube.com/watch?v=GokFP2hHQwI
Santa Anita Two-Year-Olds in Training (2021),2021-06-23,66,B,F,TEMPLE CITY,BELLA MONETA,MAX'S PAL,HAVENS BLOODSTOCK AGENCY INC. AGENT,RAY BELL AGENT,27000,,04/03/2019,KENTUCKY,,,,D,11.2,https://www.youtube.com/watch?v=xpClmGj5FMY
Santa Anita Two-Year-Olds in Training (2021),2021-06-23,67,DKB,F,WILL TAKE CHARGE,BLOSSOM SPECIAL (IRE),INTELLO (GER),EXCEL BLOODSTOCK (BRUNO DEBERDT) AGENT FOR LEBHERZ RACING LLC,GEORGE HICKER MARTIN JONES AGENT,55000,,03/16/2019,KENTUCKY,,,https://youtu.be/GkVk2KPEu2M,D,10.4,https://www.youtube.com/watch?v=UuhXhsckg_k
Santa Anita Two-Year-Olds in Training (2021),2021-06-23,68,DKB,C,UNIFIED,CABBAGE KEY,A.P. INDY,MCCARTHY BLOODSTOCK AGENT,DENNIS O'NEILL,100000,,03/29/2019,KENTUCKY,,,,D,10.4,https://www.youtube.com/watch?v=ORYgCxNmp9A
Santa Anita Two-Year-Olds in Training (2021),2021-06-23,69,B,F,SMILING TIGER,CARMEN'S MYSTERY,WAR FRONT,EXCEL BLOODSTOCK (BRUNO DEBERDT) AGENT FOR LEBHERZ RACING LLC,JEFF GANJE,10000,Y,03/12/2019,CALIFORNIA,,,https://youtu.be/GyPxW-sdHPw,D,11.1,https://www.youtube.com/watch?v=7GMOcYC370U
Santa Anita Two-Year-Olds in Training (2021),2021-06-23,70,B,F,DESERT CODE,COCO ECOLO,JOHANNESBURG,MCCARTHY BLOODSTOCK AGENT,JAVIER PEREZ,30000,,03/01/2019,CALIFORNIA,,,,D,11,https://www.youtube.com/watch?v=P15dxJFUDKQ
Santa Anita Two-Year-Olds in Training (2021),2021-06-23,71,B,F,LORD NELSON,COLONEL JOAN,COLONEL JOHN,L G AGENT,OUT,0,,05/07/2019,KENTUCKY,,,,D,,
Santa Anita Two-Year-Olds in Training (2021),2021-06-23,72,B,F,BODEMEISTER,CONSILIA,VINDICATION,KINGS EQUINE AGENT,HECTOR PALMA,18000,,05/02/2019,KENTUCKY,,,,D,11.1,https://www.youtube.com/watch?v=qfRxumfwTFk
Santa Anita Two-Year-Olds in Training (2021),2021-06-23,73,B,C,SHACKLEFORD,CORLEONE,INDIAN CHARLIE,HAVENS BLOODSTOCK AGENCY INC. AGENT,DENNIS O'NEILL,62000,,04/25/2019,CALIFORNIA,,,,D,10.3,https://www.youtube.com/watch?v=rtlU-J7SGI4
Santa Anita Two-Year-Olds in Training (2021),2021-06-23,74,B,C,GOLDENCENTS,CORNER GIRL,IS IT TRUE,HAVENS BLOODSTOCK AGENCY INC. AGENT,OUT,0,,04/28/2019,INDIANA,,,,D,,
Santa Anita Two-Year-Olds in Training (2021),2021-06-23,75,CH,F,TEXAS RYANO,DIAL A DATE,ARTIE SCHILLER,MCCARTHY BLOODSTOCK AGENT,JOE MASINO RACING,47000,,03/10/2019,CALIFORNIA,,,,D,23,https://www.youtube.com/watch?v=8vfrS7sB1p8
Santa Anita Two-Year-Olds in Training (2021),2021-06-23,76,CH,F,KANTHAROS,DINA GOLD,SEEKING THE GOLD,HAVENS BLOODSTOCK AGENCY INC. AGENT,OUT,0,,05/03/2019,KENTUCKY,,,,D,,
Santa Anita Two-Year-Olds in Training (2021),2021-06-23,77,CH,C,STRONG MANDATE,DOCTOR VICKIE LYNN,ELUSIVE QUALITY,HAVENS BLOODSTOCK AGENCY INC. AGENT,BRUCE GUTTMAN,9000,,04/24/2019,KENTUCKY,,,,D,11.2,https://www.youtube.com/watch?v=VrJIdts3RgM
Santa Anita Two-Year-Olds in Training (2021),2021-06-23,78,CH,G,STANFORD,DRAMA CAT,TALE OF THE CAT,CHECKMATE THOROUGHBREDS LLC AGENT,OUT,0,,01/07/2019,CALIFORNIA,,,,D,,
Santa Anita Two-Year-Olds in Training (2021),2021-06-23,79,B,F,EL DEAL,DREAMING OF SUSIE,COWTOWN CAT,HAVENS BLOODSTOCK AGENCY INC. AGENT,OUT,0,,05/15/2019,LOUISIANA,,,,D,,
Santa Anita Two-Year-Olds in Training (2021),2021-06-23,80,DKB,F,EMPIRE MAKER,DREAM SPINNER,HARD SPUN,KINGS EQUINE AGENT,MARK STEPHEN HOWARD,130000,,03/21/2019,KENTUCKY,,,https://vimeo.com/558720109,D,10.4,https://www.youtube.com/watch?v=moZtiGksv6w
Santa Anita Two-Year-Olds in Training (2021),2021-06-23,81,DKB,C,NYQUIST,ELUSIVE TEMPER,ELUSIVE QUALITY,MCCARTHY BLOODSTOCK AGENT,NOT SOLD,235000,,03/17/2019,CALIFORNIA,,,,D,10.4,https://www.youtube.com/watch?v=PIBR6zPj9pA
Santa Anita Two-Year-Olds in Training (2021),2021-06-23,82,DKB,C,DANZING CANDY,EXPO GOLD,JOHANNESBURG,HAVENS BLOODSTOCK AGENCY INC. AGENT,OUT,0,,04/15/2019,CALIFORNIA,,,,D,,
Santa Anita Two-Year-Olds in Training (2021),2021-06-23,83,CH,F,GORMLEY,FINE CUT,POSSE,KINGS EQUINE AGENT FOR SPENDTHRIFT FARM LLC,ROBERT B HESS JR,22000,,04/04/2019,KENTUCKY,,,https://vimeo.com/558720148,D,11,https://www.youtube.com/watch?v=KZWcyfW5uIg
Santa Anita Two-Year-Olds in Training (2021),2021-06-23,85,DKB,C,DANZING CANDY,FLEET ROYALE,NORTHERN AFLEET,KINGS EQUINE AGENT,OUT,0,,04/25/2019,CALIFORNIA,,,,D,,
Santa Anita Two-Year-Olds in Training (2021),2021-06-23,86,CH,C,ARROGATE,FLUTTERBY,CONGRATS,MCKEE BLOODSTOCK LLC AGENT,OUT,0,,02/19/2019,KENTUCKY,,,,D,12.2,https://www.youtube.com/watch?v=FoGr_ZUk7pQ
Santa Anita Two-Year-Olds in Training (2021),2021-06-23,87,CH,C,UNION JACKSON,FOREST RAINBOW,FOREST WILDCAT,L G AGENT,WEST POINT THOROUGHBREDS INC,42000,,03/21/2019,NEW YORK,,,,D,10.4,https://www.youtube.com/watch?v=3NiIqAnJWmw
Santa Anita Two-Year-Olds in Training (2021),2021-06-23,88,CH,F,LIAM'S MAP,FROZEN MUSIC,LANGFUHR,KINGS EQUINE AGENT,ROBERT B HESS JR,80000,,04/02/2019,KENTUCKY,,,https://vimeo.com/558720183,D,10.3,https://www.youtube.com/watch?v=3G_sTK6FcV8
Santa Anita Two-Year-Olds in Training (2021),2021-06-23,89,CH,C,TAPITURE,GIULIETTA,DUNKIRK,KINGS EQUINE AGENT,ANDREW T ANDREWS,70000,,03/21/2019,KENTUCKY,,,https://vimeo.com/558720250,D,10.4,https://www.youtube.com/watch?v=BgyWl9cPqE8
Santa Anita Two-Year-Olds in Training (2021),2021-06-23,90,CH,F,CURLIN,GOLD BEACH,TAPIT,MCKEE BLOODSTOCK LLC AGENT FOR STEVEN KINROSS,OUT,0,,01/26/2019,KENTUCKY,,,,D,,
Santa Anita Two-Year-Olds in Training (2021),2021-06-23,91,CH,F,JIMMY CREED,GOLDEN VICTRESS,CARSON CITY,HAVENS BLOODSTOCK AGENCY INC. AGENT,OUT,0,,05/03/2019,KENTUCKY,,,,D,,
Santa Anita Two-Year-Olds in Training (2021),2021-06-23,92,CH,C,STANFORD,GONE TO PARTY,ALL GONE,KINGS EQUINE AGENT,OUT,0,,04/10/2019,CALIFORNIA,,,,D,,
Santa Anita Two-Year-Olds in Training (2021),2021-06-23,93,B,F,MACLEAN'S MUSIC,HI BEAUTIFUL,SNOW RIDGE,EXCEL BLOODSTOCK (BRUNO DEBERDT) AGENT,JEFF JACOBS JOYCE LONG AGENT,52000,,05/14/2019,KENTUCKY,,,,D,11.1,https://www.youtube.com/watch?v=JahJ6YA7v8g
Santa Anita Two-Year-Olds in Training (2021),2021-06-23,94,CH,F,WILL TAKE CHARGE,HOLIDAY FOR KITTEN,KITTEN'S JOY,HAVENS BLOODSTOCK AGENCY INC. AGENT,NOT SOLD,29000,,04/25/2019,KENTUCKY,,,,D,10.3,https://www.youtube.com/watch?v=3hCknhRWkvU
Santa Anita Two-Year-Olds in Training (2021),2021-06-23,95,CH,F,SMILING TIGER,HONG KONG LAKE,FRIENDS LAKE,EXCEL BLOODSTOCK (BRUNO DEBERDT) AGENT FOR PT SYNDICATE #1 LLC,LOYD BONFANTE,50000,,03/09/2019,CALIFORNIA,,,https://youtu.be/Y7YgwSoi4Vc,D,11.2,https://www.youtube.com/watch?v=tPTMnVc3jis
Santa Anita Two-Year-Olds in Training (2021),2021-06-23,96,DKB,F,CONSTITUTION,HOW FAR TO HEAVEN,DISTORTED HUMOR,KINGS EQUINE AGENT FOR SPENDTHRIFT FARM LLC,NOT SOLD,50000,,03/15/2019,KENTUCKY,,,https://vimeo.com/558720302,D,11,https://www.youtube.com/watch?v=IUcbyp_h1n8
Santa Anita Two-Year-Olds in Training (2021),2021-06-23,97,DKB,F,SHAMAN GHOST,IMPEACHED,NORTHERN AFLEET,MCCARTHY BLOODSTOCK AGENT,OUT,0,,04/08/2019,KENTUCKY,,,,D,,
Santa Anita Two-Year-Olds in Training (2021),2021-06-23,98,B,F,CLASSIC EMPIRE,JUST LIKE POP,UNBRIDLED'S SONG,PIKE RACING AGENT,NOT SOLD,49000,,03/01/2019,KENTUCKY,,,,D,11,https://www.youtube.com/watch?v=BzHw9JqfW0g
Santa Anita Two-Year-Olds in Training (2021),2021-06-23,99,B,F,HOLY BOSS,KIP BERRIES,KIPLING,HAVENS BLOODSTOCK AGENCY INC. AGENT,WEST POINT THOROUGHBREDS INC,110000,,01/28/2019,MARYLAND,,,,D,10.4,https://www.youtube.com/watch?v=FMc5plLC8A8
Santa Anita Two-Year-Olds in Training (2021),2021-06-23,100,CH,C,KLIMT,KISSMEDADDY,SCAT DADDY,HAVENS BLOODSTOCK AGENCY INC. AGENT,OUT,0,,04/16/2019,KENTUCKY,,,,D,,
Santa Anita Two-Year-Olds in Training (2021),2021-06-23,101,DKB,F,STAY THIRSTY,LETSGOTOVEGAS,INDIAN CHARLIE,HAVENS BLOODSTOCK AGENCY INC. AGENT,OUT,0,,02/17/2019,CALIFORNIA,,,,D,,
Santa Anita Two-Year-Olds in Training (2021),2021-06-23,102,DKB,C,PIONEEROF THE NILE,LIFE IS SWEET,STORM CAT,HAVENS BLOODSTOCK AGENCY INC. AGENT,OUT,0,,02/23/2019,KENTUCKY,,,,D,,
Santa Anita Two-Year-Olds in Training (2021),2021-06-23,103,CH,F,HARD SPUN,LOVE AND MARRIAGE,ARCH,CHECKMATE THOROUGHBREDS LLC AGENT,OUT,0,,04/13/2019,KENTUCKY,,,,D,,
Santa Anita Two-Year-Olds in Training (2021),2021-06-23,104,GRR,C,ARROGATE,LUMINANCE,TALE OF THE CAT,KINGS EQUINE AGENT,OUT,0,,02/01/2019,KENTUCKY,,,,D,,
Santa Anita Two-Year-Olds in Training (2021),2021-06-23,105,GRR,F,GRAZEN,LUNA STAR,MALIBU MOON,HAVENS BLOODSTOCK AGENCY INC. AGENT,OUT,0,,04/15/2019,CALIFORNIA,,,,D,,
Santa Anita Two-Year-Olds in Training (2021),2021-06-23,106,CH,F,SQUARE EDDIE,MEETMEINTHEWOODS,GENERAL MEETING,MCCARTHY BLOODSTOCK AGENT,OUT,0,,03/06/2019,CALIFORNIA,,,,D,,
Santa Anita Two-Year-Olds in Training (2021),2021-06-23,107,B,C,PIONEEROF THE NILE,INTANGAROO,ORIENTATE,MCCARTHY BLOODSTOCK AGENT,OUT,0,,04/19/2019,KENTUCKY,,,,D,,
Santa Anita Two-Year-Olds in Training (2021),2021-06-23,108,DKB,F,TIZNOW,CLASSY DEFENCE,FIRST DEFENCE,L G AGENT,NOT SOLD,34000,,04/08/2019,KENTUCKY,,,,D,11.1,https://www.youtube.com/watch?v=CsSCGYdb4_U
Santa Anita Two-Year-Olds in Training (2021),2021-06-23,109,B,C,SPEIGHTSTER,PANKHURST,ARTIE SCHILLER,L G AGENT,LITTLE RED FEATHER RACING JOHN DOWD AGENT,80000,,05/08/2019,KENTUCKY,,,,D,10.2,https://www.youtube.com/watch?v=-7x79eStFuI
Santa Anita Two-Year-Olds in Training (2021),2021-06-23,110,CH,C,VIOLENCE,JEALOUS AND JADED,JADE HUNTER,HARTLEY/DE RENZO THOROUGHBREDS AGENT,OUT,0,,05/19/2019,KENTUCKY,,,,D,11,https://www.youtube.com/watch?v=C4oAUf9ErOY
Santa Anita Two-Year-Olds in Training (2021),2021-06-23,111,B,F,STANFORD,PROMENADE,BERTRANDO,HAVENS BLOODSTOCK AGENCY INC. AGENT,HOWARD & JANET SIEGEL RACING,30000,,03/30/2019,CALIFORNIA,,,,D,10.3,https://www.youtube.com/watch?v=xFAJP5FxJNE
Santa Anita Two-Year-Olds in Training (2021),2021-06-23,112,CH,C,CARPE DIEM,BRABBLE,BERNARDINI,MCCARTHY BLOODSTOCK AGENT,OUT,0,,02/02/2019,KENTUCKY,,,,D,,
Santa Anita Two-Year-Olds in Training (2021),2021-06-23,113,DKB,C,SPEIGHTSTER,MY SUGAR,CONGRATS,MCCARTHY BLOODSTOCK AGENT,OUT,0,,02/16/2019,KENTUCKY,,,,D,,
Santa Anita Two-Year-Olds in Training (2021),2021-06-23,114,CH,C,CARPE DIEM,WICKED OBSESSION,TAPIT,MCCARTHY BLOODSTOCK AGENT,ANDREW T ANDREWS,12000,,03/04/2019,KENTUCKY,,,,D,11,https://www.youtube.com/watch?v=rDbW9noBQag
Santa Anita Two-Year-Olds in Training (2021),2021-06-23,115,B,C,RUN AWAY AND HIDE,FULL OF JOY,KITTEN'S JOY,HAVENS BLOODSTOCK AGENCY INC. AGENT,AIDAN BUTLER,31000,,04/09/2019,KENTUCKY,,,,D,11,https://www.youtube.com/watch?v=Sr85Ku_5HQU
