SALE TITLE,SESSION,HIP,NAME,SEX,SIRE,DAM,SIRE OF DAM,PROPERTY LINE,PURCHASER,PRICE,PRIVATE SALE,YEAR OF BIRTH,FOALED,BARN,COVER DATE,CONSIGNOR NAME,SOLD AS CODE,SOLD AS DESCRIPTION,VIRTUAL INSPECTION
Saratoga Fall Mixed & Horses of Racing Age (2012),2012-10-09,1,KAYDEROSS,M,PRIME TIMBER,HEART OFA CHAMPION,SKIP AWAY,MCMAHON OF SARATOGA THOROUGHBREDS LLC AGENT,NOT SOLD,4500,,2006-04-26,NEW YORK,7B&7C,2012-04-22,MCMAHON OF SARATOGA THOROUGHBREDS LLC AGENT,B,,
Saratoga Fall Mixed & Horses of Racing Age (2012),2012-10-09,2,,C,GRAND SLAM,KID SOUP,ALPHABET SOUP,JOHN FENNESSEY AGENT FOR MICHAEL SPIELMAN,JOHN FENNESSY,15000,Y,2012-03-24,NEW YORK,5,,JOHN FENNESSEY AGENT FOR MICHAEL SPIELMAN,W,,
Saratoga Fall Mixed & Horses of Racing Age (2012),2012-10-09,3,KING'S FANCY,M,KING OF KINGS (IRE),PLEASANTLY FREE,PLEASANT COLONY,WALDORF FARM LLC AGENT,NOT SOLD,4000,,2000-02-15,KENTUCKY,7A,2012-03-30,WALDORF FARM LLC AGENT,B,,
Saratoga Fall Mixed & Horses of Racing Age (2012),2012-10-09,4,,C,BUSTIN STONES,KING'S FANCY,KING OF KINGS (IRE),WALDORF FARM LLC AGENT,MARTIN KEOGH,6500,Y,2012-02-28,NEW YORK,7A,,WALDORF FARM LLC AGENT,W,,
Saratoga Fall Mixed & Horses of Racing Age (2012),2012-10-09,5,KLASSIC KICK,M,REGAL CLASSIC,ESQUISITE DIAMOND,FIGHT OVER,MCMAHON OF SARATOGA THOROUGHBREDS LLC AGENT,NOT SOLD,1000,,2002-04-05,NEW YORK,7B&7C,2012-04-20,MCMAHON OF SARATOGA THOROUGHBREDS LLC AGENT,B,,
Saratoga Fall Mixed & Horses of Racing Age (2012),2012-10-09,6,,F,COWTOWN CAT,KLASSIC KICK,REGAL CLASSIC,MCMAHON OF SARATOGA THOROUGHBREDS LLC AGENT,TERRY GABRIEL/CAROL MURRAYAGT,10000,,2012-03-06,NEW YORK,7B&7C,,MCMAHON OF SARATOGA THOROUGHBREDS LLC AGENT,W,,
Saratoga Fall Mixed & Horses of Racing Age (2012),2012-10-09,7,,F,UTOPIA (JPN),KRISTY K,MEADOWLAKE,CATALYST BLOODSTOCK LLC AGENT II,NOT SOLD,10000,,2012-04-11,NEW YORK,8,,CATALYST BLOODSTOCK LLC AGENT II,W,,
Saratoga Fall Mixed & Horses of Racing Age (2012),2012-10-09,8,LA CAT,M,MR. GREELEY,ZACATECANA,SLEW O' GOLD,MARK TOOTHAKER AGENT,CHAD SCHUMER AGENT,12000,,1998-02-27,KENTUCKY,7B,2012-05-02,MARK TOOTHAKER AGENT,B,,
Saratoga Fall Mixed & Horses of Racing Age (2012),2012-10-09,9,LA DIVA,M,VINDICATION,SUNNY MIMOSA,SUNNY NORTH,SARATOGA GLEN FARM LLC AGENT,DAN BARRACLOUGH,1500,,2005-03-24,FLORIDA,1,,SARATOGA GLEN FARM LLC AGENT,B,,
Saratoga Fall Mixed & Horses of Racing Age (2012),2012-10-09,10,,F,FREUD,LAKE TOCCET,TOCCET,RHAPSODY FARM LLC/HIDDEN LAKE FARM LLC AGENTS,SALFORD BLOODSTOCK,14000,,2012-03-31,NEW YORK,4,,RHAPSODY FARM LLC/HIDDEN LAKE FARM LLC AGENTS,W,,
Saratoga Fall Mixed & Horses of Racing Age (2012),2012-10-09,11,LEAVES OF AUTUMN,M,EXPELLED,GOLD OF AUTUMN,SLEW O' GOLD,MARK TOOTHAKER AGENT I,MACHMER HALL,14000,,2003-03-05,MARYLAND,7B,2012-03-19,MARK TOOTHAKER AGENT I,B,,
Saratoga Fall Mixed & Horses of Racing Age (2012),2012-10-09,12,,C,NOT FOR LOVE,LEAVES OF AUTUMN,EXPELLED,MARK TOOTHAKER AGENT I,COUNTRY LIFE FARM AGENT,40000,,2012-02-22,NEW YORK,7B,,MARK TOOTHAKER AGENT I,W,,
Saratoga Fall Mixed & Horses of Racing Age (2012),2012-10-09,13,LEXI'S LUCK,M,GOLD CASE,ADAM'S LUCK,WHAT LUCK,MAYO WEST FARM AGENT,CHAD SCHUMER AGENT,1000,,2003-03-21,LOUISIANA,7A,2012-06-11,MAYO WEST FARM AGENT,B,,
Saratoga Fall Mixed & Horses of Racing Age (2012),2012-10-09,14,,F,JUSTENUFFHUMOR,LIBERAL LOVE,HONOR GRADES,VINERY SALES AGENT II,NOT SOLD,1000,,2012-03-05,NEW YORK,8&9,,VINERY SALES AGENT II,W,,
Saratoga Fall Mixed & Horses of Racing Age (2012),2012-10-09,15,LIFELONG,M,VINDICATION,MY FRIEND C. Z.,SEEKING THE GOLD,VINERY SALES AGENT XII,ANDY BEADNELL,25000,,2007-02-04,KENTUCKY,8&9,2012-02-26,VINERY SALES AGENT XII,B,,
Saratoga Fall Mixed & Horses of Racing Age (2012),2012-10-09,16,,F,ROARING FEVER,LILLYATTHEHELM,HELMSMAN,VINERY SALES AGENT IV,NOT SOLD,2200,,2012-03-30,NEW YORK,8&9,,VINERY SALES AGENT IV,W,,
Saratoga Fall Mixed & Horses of Racing Age (2012),2012-10-09,17,,F,REPENT,LITTLE LEGEND,WELL NOTED,VINERY SALES AGENT VII,NOT SOLD,1000,,2012-04-25,NEW YORK,8&9,,VINERY SALES AGENT VII,W,,
Saratoga Fall Mixed & Horses of Racing Age (2012),2012-10-09,18,,F,POSSE,LOCUST MOON,CRUSADER SWORD,VINERY SALES AGENT II,SITAK STABLE,12500,,2012-03-13,NEW YORK,8&9,,VINERY SALES AGENT II,W,,
Saratoga Fall Mixed & Horses of Racing Age (2012),2012-10-09,19,,C,SUMMER BIRD,LOVE CATCHER,PINE BLUFF,MARK TOOTHAKER AGENT,OUT,0,,2012-03-05,NEW YORK,7B,,MARK TOOTHAKER AGENT,W,,
Saratoga Fall Mixed & Horses of Racing Age (2012),2012-10-09,20,LUCKY SHEIKH,M,SHEIKH ALBADOU (GB),WITH PENNY'S LUCK,WHAT LUCK,WALDORF FARM LLC AGENT,NOT SOLD,1000,,1996-04-28,KENTUCKY,7A,2012-04-26,WALDORF FARM LLC AGENT,B,,
Saratoga Fall Mixed & Horses of Racing Age (2012),2012-10-09,21,LUCY SLEW,M,JADE HUNTER,BUNNY SLEW,SLEWPY,VINERY SALES AGENT I,NOT SOLD,1000,,2000-02-19,ILLINOIS,8&9,2012-04-09,VINERY SALES AGENT I,B,,
Saratoga Fall Mixed & Horses of Racing Age (2012),2012-10-09,22,,F,FREUD,LUCY SLEW,JADE HUNTER,VINERY SALES AGENT I,NOT SOLD,8500,,2012-03-30,NEW YORK,8&9,,VINERY SALES AGENT I,W,,
Saratoga Fall Mixed & Horses of Racing Age (2012),2012-10-09,23,MADAME ROUGE,M,MONTREAL RED,PRIVATE FAME,PRIVATE ACCOUNT,MCMAHON OF SARATOGA THOROUGHBREDS LLC AGENT,OUT,0,,2001-01-22,NEW YORK,7B&7C,2012-04-17,MCMAHON OF SARATOGA THOROUGHBREDS LLC AGENT,B,,
Saratoga Fall Mixed & Horses of Racing Age (2012),2012-10-09,24,MARIAH'S CAT,M,FORESTRY,AILSA,CRAFTY PROSPECTOR,WALDORF FARM LLC AGENT,NOT SOLD,1000,,2002-03-14,KENTUCKY,7A,2012-02-07,WALDORF FARM LLC AGENT,B,,
Saratoga Fall Mixed & Horses of Racing Age (2012),2012-10-09,25,MCKENNA MAE,M,GLITTERMAN,LETS TALK IRISH,IRISH RIVER (FR),GABRIEL GOODWIN (GOODWIN FARM),OUT,0,,2003-05-20,NEW YORK,4,,GABRIEL GOODWIN (GOODWIN FARM),BP,,
Saratoga Fall Mixed & Horses of Racing Age (2012),2012-10-09,26,,C,JUSTENUFFHUMOR,MICHI GRAS,NOT FOR LOVE,SARATOGA GLEN FARM LLC AGENT,SALFORD BLOODSTOCK,12500,,2012-05-28,NEW YORK,1,,SARATOGA GLEN FARM LLC AGENT,W,,
Saratoga Fall Mixed & Horses of Racing Age (2012),2012-10-09,27,,F,REPENT,MISS GINALIE,SKIP AWAY,JOHN FENNESSEY AGENT FOR MICHAEL SPIELMAN,SANFORD ROBBINS,2500,,2012-04-20,NEW YORK,5,,JOHN FENNESSEY AGENT FOR MICHAEL SPIELMAN,W,,
Saratoga Fall Mixed & Horses of Racing Age (2012),2012-10-09,28,MISS MARLA,F,BWANA CHARLIE,HOLY FREUD,FREUD,SEQUEL STALLIONS NEW YORK AGENT,NOT SOLD,1500,,2008-02-20,NEW YORK,2&6,2012-05-11,SEQUEL STALLIONS NEW YORK AGENT,B,,
Saratoga Fall Mixed & Horses of Racing Age (2012),2012-10-09,29,,C,HARLINGTON,MISS PEYOTE,ORIENTATE,HARRY L. LANDRY BLOODSTOCK LLC AGENT,NOT SOLD,1000,,2012-04-30,NEW YORK,2&3&6,,HARRY L. LANDRY BLOODSTOCK LLC AGENT,W,,
Saratoga Fall Mixed & Horses of Racing Age (2012),2012-10-09,30,,C,INDYGO SHINER,MISS ROCHESTER,SOUTHERN HALO,GABRIEL GOODWIN (GOODWIN FARM) AGENT FOR GUY LAMOTTA,OUT,0,,2012-03-15,NEW YORK,4,,GABRIEL GOODWIN (GOODWIN FARM) AGENT FOR GUY LAMOTTA,W,,
Saratoga Fall Mixed & Horses of Racing Age (2012),2012-10-09,31,MOSTESS HOSTESS,F,TALK IS MONEY,TWINKIE ZONE,WILD ZONE,STONE BRIDGE FARM AGENT,OUT,0,,2008-02-27,NEW YORK,3,,STONE BRIDGE FARM AGENT,BP,,
Saratoga Fall Mixed & Horses of Racing Age (2012),2012-10-09,32,MS. PREACHER BROWN,M,CORONADO'S QUEST,WATCH,LORD AT WAR (ARG),SARATOGA GLEN FARM LLC AGENT FOR BLISS BREEDING & RACING,TRIPLE T RANCH,25000,,2004-03-02,KENTUCKY,1,2012-03-15,SARATOGA GLEN FARM LLC AGENT FOR BLISS BREEDING & RACING,B,,
Saratoga Fall Mixed & Horses of Racing Age (2012),2012-10-09,33,MUSTANG CALI,M,CHEROKEE RUN,SMART N FAST,SMART STRIKE,VINERY SALES AGENT XII,TRIPLE T RANCH,10000,,2004-04-26,KENTUCKY,8&9,2012-06-09,VINERY SALES AGENT XII,B,,
Saratoga Fall Mixed & Horses of Racing Age (2012),2012-10-09,34,,C,FROST GIANT,MYNIA,BRAHMS,VINERY SALES AGENT VII,MACHMER HALL,9000,,2012-05-02,NEW YORK,8&9,,VINERY SALES AGENT VII,W,,
Saratoga Fall Mixed & Horses of Racing Age (2012),2012-10-09,35,MY SYDNEY GIRL,F,TAPIT,PROPER DRESS,COPELAN,MCMAHON OF SARATOGA THOROUGHBREDS LLC AGENT,FERME IMAGE INC,12000,,2008-04-27,KENTUCKY,7B&7C,2012-05-22,MCMAHON OF SARATOGA THOROUGHBREDS LLC AGENT,B,,
Saratoga Fall Mixed & Horses of Racing Age (2012),2012-10-09,36,NICE KITTY KITTY,M,FOREST WILDCAT,DHAKA,ICECAPADE,VINERY SALES AGENT XV,OUT,0,,2003-04-07,KENTUCKY,8&9,,VINERY SALES AGENT XV,B,,
Saratoga Fall Mixed & Horses of Racing Age (2012),2012-10-09,37,,C,MUNNINGS,NICE KITTY KITTY,FOREST WILDCAT,VINERY SALES AGENT XV,MILL CREEK FARM AGENT,57000,,2012-03-26,NEW YORK,8&9,,VINERY SALES AGENT XV,W,,
Saratoga Fall Mixed & Horses of Racing Age (2012),2012-10-09,38,NORTH TO GLORY,F,TIZNOW,NORTHERN MISCHIEF,YANKEE VICTOR,VINERY SALES AGENT XII,WINDHORSE THOROUGHBREDS,7000,,2008-01-14,ONTARIO,8&9,2012-04-06,VINERY SALES AGENT XII,B,,
Saratoga Fall Mixed & Horses of Racing Age (2012),2012-10-09,39,NOTACHARLIE'SANGEL,M,FAPPIE'S NOTEBOOK,RITA'S HALO,SUNNY'S HALO,MAYO WEST FARM AGENT,CHARLES F ENGEL,6500,,2004-04-27,FLORIDA,7A,2012-03-19,MAYO WEST FARM AGENT,B,,
Saratoga Fall Mixed & Horses of Racing Age (2012),2012-10-09,40,,C,COSMONAUT,OFFHAND REMARK,WESTERN EXPRESSION,JOHN FENNESSEY AGENT FOR MICHAEL SPIELMAN,SANFORD ROBBINS,2500,,2012-04-09,NEW YORK,5,,JOHN FENNESSEY AGENT FOR MICHAEL SPIELMAN,W,,
Saratoga Fall Mixed & Horses of Racing Age (2012),2012-10-09,41,,C,JUSTENUFFHUMOR,OVERDUE NUMBER,POLISH NUMBERS,VINERY SALES AGENT IV,R D RANCH,1000,,2012-04-20,NEW YORK,8&9,,VINERY SALES AGENT IV,W,,
Saratoga Fall Mixed & Horses of Racing Age (2012),2012-10-09,42,PACIFIC WHISPER,M,FORESTRY,WEST'S SECRET,WEST BY WEST,SEQUEL STALLIONS NEW YORK AGENT,NOT SOLD,5000,,2006-03-06,KENTUCKY,2&6,2012-04-26,SEQUEL STALLIONS NEW YORK AGENT,B,,
Saratoga Fall Mixed & Horses of Racing Age (2012),2012-10-09,43,,C,CONGRATS,PACIFIC WHISPER,FORESTRY,SEQUEL STALLIONS NEW YORK AGENT,GREY FLIGHT,30000,,2012-04-03,NEW YORK,2&6,,SEQUEL STALLIONS NEW YORK AGENT,W,,
Saratoga Fall Mixed & Horses of Racing Age (2012),2012-10-09,44,,F,ROARING FEVER,PEGASUS BLEWBAIYOU,E DUBAI,VINERY SALES AGENT IV,PETE LOPARNOS,2000,,2012-03-31,NEW YORK,8&9,,VINERY SALES AGENT IV,W,,
Saratoga Fall Mixed & Horses of Racing Age (2012),2012-10-09,45,,C,POSSE,PEGASUS SEA,STRAIGHT MAN,VINERY SALES AGENT IV,SEA TO STARS BLOODSTOCK,20000,,2012-02-17,NEW YORK,8&9,,VINERY SALES AGENT IV,W,,
Saratoga Fall Mixed & Horses of Racing Age (2012),2012-10-09,46,,C,BUSTIN STONES,PERFECT MOUNT,CLARAMOUNT,HARRY L. LANDRY BLOODSTOCK LLC AGENT,NOT SOLD,4200,,2012-04-27,NEW YORK,2&3&6,,HARRY L. LANDRY BLOODSTOCK LLC AGENT,W,,
Saratoga Fall Mixed & Horses of Racing Age (2012),2012-10-09,47,PERIGEE GIRL,M,PERIGEE MOON,XLENDI GIRL,TRALOS,SARATOGA GLEN FARM LLC AGENT,OUT,0,,2003-03-17,ONTARIO,1,,SARATOGA GLEN FARM LLC AGENT,B,,
Saratoga Fall Mixed & Horses of Racing Age (2012),2012-10-09,48,,F,CONGRATS,PERIGEE GIRL,PERIGEE MOON,VINERY SALES AGENT XIII,SALFORD BLOODSTOCK,25000,,2012-05-03,NEW YORK,8&9,,VINERY SALES AGENT XIII,W,,
Saratoga Fall Mixed & Horses of Racing Age (2012),2012-10-09,49,PERSUASIVE DEVIL,C,CLOSING ARGUMENT,A WONDER SHE IS,THREE WONDERS,HARRY L. LANDRY BLOODSTOCK LLC AGENT,NOT SOLD,15000,,2012-02-28,NEW YORK,2&3&6,,HARRY L. LANDRY BLOODSTOCK LLC AGENT,W,,
Saratoga Fall Mixed & Horses of Racing Age (2012),2012-10-09,50,,F,FREUD,POINT REYES,SUBORDINATION,RHAPSODY FARM LLC/HIDDEN LAKE FARM LLC AGENTS,WESTERN GUIDELINE INC,18000,,2012-01-28,NEW YORK,4,,RHAPSODY FARM LLC/HIDDEN LAKE FARM LLC AGENTS,W,,
Saratoga Fall Mixed & Horses of Racing Age (2012),2012-10-09,51,POLICE WOMAN,M,OFFICER,HOT AUGUST NIGHTS,SUMMER SQUALL,MARK TOOTHAKER AGENT,NOT SOLD,1000,,2004-02-05,KENTUCKY,7B,2012-06-12,MARK TOOTHAKER AGENT,B,,
Saratoga Fall Mixed & Horses of Racing Age (2012),2012-10-09,52,,F,DUNKIRK,PRETTY HONOREE,DOUBLE HONOR,HARRY L. LANDRY BLOODSTOCK LLC AGENT,KIRK WYCOFF/BRIAN MORGAN AGT,19000,,2012-03-17,NEW YORK,2&3&6,,HARRY L. LANDRY BLOODSTOCK LLC AGENT,W,,
Saratoga Fall Mixed & Horses of Racing Age (2012),2012-10-09,53,PRIME COLORS,M,PRIME TIMBER,PYRAMID SCHEME,DISTANT VIEW,MARK TOOTHAKER AGENT,COUNTRY LIFE FARM AGENT,20000,,2007-02-21,NEW YORK,7B,2012-02-28,MARK TOOTHAKER AGENT,B,,
Saratoga Fall Mixed & Horses of Racing Age (2012),2012-10-09,54,PRIME STEP,M,PROSPECTORS GAMBLE,TEMPRANCE TWO STEP,TEMPERENCE HILL,QUESTROYAL NORTH AGENT,SUMMER MAYBERRY,1000,,1998-04-05,FLORIDA,3,2012-03-06,QUESTROYAL NORTH AGENT,B,,
Saratoga Fall Mixed & Horses of Racing Age (2012),2012-10-09,55,,F,CITY ZIP,PRIME STEP,PROSPECTORS GAMBLE,QUESTROYAL NORTH AGENT,NOT SOLD,20000,,2012-02-13,NEW YORK,3,,QUESTROYAL NORTH AGENT,W,,
Saratoga Fall Mixed & Horses of Racing Age (2012),2012-10-09,56,,F,HARLINGTON,PRIOR PARK,SILVER DEPUTY,MARK TOOTHAKER AGENT II,MICHAEL LECESSE,9000,,2012-03-06,NEW YORK,7B,,MARK TOOTHAKER AGENT II,W,,
Saratoga Fall Mixed & Horses of Racing Age (2012),2012-10-09,57,,F,UNCLE CAMIE,PROCYON,DISTINCTIVE PRO,VINERY SALES AGENT VII,CHRIS MADDEN,1000,,2012-04-14,NEW YORK,8&9,,VINERY SALES AGENT VII,W,,
Saratoga Fall Mixed & Horses of Racing Age (2012),2012-10-09,58,PROJECT LIBERTY,M,MR. PROSPECTOR,CONFIDENTLY,STORM CAT,MCMAHON OF SARATOGA THOROUGHBREDS LLC AGENT,NOT SOLD,1000,,2000-02-26,NEW YORK,7B&7C,2012-04-18,MCMAHON OF SARATOGA THOROUGHBREDS LLC AGENT,B,,
Saratoga Fall Mixed & Horses of Racing Age (2012),2012-10-09,59,PURE SOUNDS,F,PURE PRIZE,SOUNDS FISHY,MARLIN,MCMAHON OF SARATOGA THOROUGHBREDS LLC AGENT,OUT,0,,2012-03-20,NEW YORK,7B&7C,,MCMAHON OF SARATOGA THOROUGHBREDS LLC AGENT,W,,
Saratoga Fall Mixed & Horses of Racing Age (2012),2012-10-09,60,QUEEN RAZYANA,M,ANZIYAN,MISSIONARY KID,ROBIN DES PINS,SARATOGA GLEN FARM LLC AGENT,NOT SOLD,1000,,2003-03-08,CALIFORNIA,1,2012-05-05,SARATOGA GLEN FARM LLC AGENT,B,,
Saratoga Fall Mixed & Horses of Racing Age (2012),2012-10-09,61,,C,FROST GIANT,QUIET HONOR,REAL QUIET,DARBY DAN FARM AGENT I,PAUL BARROW,2700,,2012-03-29,NEW YORK,3,,DARBY DAN FARM AGENT I,W,,
Saratoga Fall Mixed & Horses of Racing Age (2012),2012-10-09,62,,F,TIAGO,RED ANITA,RED BULLET,CATALYST BLOODSTOCK LLC AGENT II,NOT SOLD,9500,,2012-03-28,NEW YORK,8,,CATALYST BLOODSTOCK LLC AGENT II,W,,
Saratoga Fall Mixed & Horses of Racing Age (2012),2012-10-09,63,RED ANITA,M,RED BULLET,RAISE DEVIL,DEVIL HIS DUE,CATALYST BLOODSTOCK LLC AGENT II,NOT SOLD,1000,,2007-03-29,FLORIDA,8,2012-04-06,CATALYST BLOODSTOCK LLC AGENT II,B,,
Saratoga Fall Mixed & Horses of Racing Age (2012),2012-10-09,64,REGAL MUSIC,M,STRAVINSKY,REGAL RUBY,RUBIANO,MCMAHON OF SARATOGA THOROUGHBREDS LLC AGENT,NOT SOLD,1500,,2002-04-29,NEW YORK,7B&7C,2012-05-07,MCMAHON OF SARATOGA THOROUGHBREDS LLC AGENT,B,,
Saratoga Fall Mixed & Horses of Racing Age (2012),2012-10-09,65,,C,SILENT NAME (JPN),REGAL MUSIC,STRAVINSKY,MCMAHON OF SARATOGA THOROUGHBREDS LLC AGENT,NOT SOLD,2200,,2012-04-14,NEW YORK,7B&7C,,MCMAHON OF SARATOGA THOROUGHBREDS LLC AGENT,W,,
Saratoga Fall Mixed & Horses of Racing Age (2012),2012-10-09,66,RELATIVA (ARG),M,PARADE MARSHAL,RESENADA (ARG),CIPAYO (ARG),VINERY SALES AGENT XV,NOT SOLD,9500,,1998-07-28,ARG,8&9,2012-05-30,VINERY SALES AGENT XV,B,,
Saratoga Fall Mixed & Horses of Racing Age (2012),2012-10-09,67,,C,CONGRATS,RELATIVA (ARG),PARADE MARSHAL,VINERY SALES AGENT XV,FLAT OUT BLOODSTOCK,37000,,2012-01-26,NEW YORK,8&9,,VINERY SALES AGENT XV,W,,
Saratoga Fall Mixed & Horses of Racing Age (2012),2012-10-09,68,RINGBANG CITY,M,CARSON CITY,RENDEZVOUS RIDGE,CAPOTE,MARK TOOTHAKER AGENT,OUT,0,,2005-06-02,KENTUCKY,7B,2012-05-08,MARK TOOTHAKER AGENT,B,,
Saratoga Fall Mixed & Horses of Racing Age (2012),2012-10-09,69,R OBSESSION,M,NOTEBOOK,HALF MAST,TUNERUP,SEQUEL STALLIONS NEW YORK AGENT,KEITH CRUPPER,15000,,2001-02-24,FLORIDA,2&6,2012-05-14,SEQUEL STALLIONS NEW YORK AGENT,B,,
Saratoga Fall Mixed & Horses of Racing Age (2012),2012-10-09,70,,C,CONGAREE,RODEO'SBEENSPOTTED,RODEO,HARRY L. LANDRY BLOODSTOCK LLC AGENT FOR NELSON E. CLEMMENS,NOT SOLD,4500,,2012-04-05,NEW YORK,2&3&6,,HARRY L. LANDRY BLOODSTOCK LLC AGENT FOR NELSON E. CLEMMENS,W,,
Saratoga Fall Mixed & Horses of Racing Age (2012),2012-10-09,71,ROSES FOR THE STAR,F,NORTH LIGHT (IRE),A ROSE FOR SHANNON,PRIVATE ACCOUNT,CATALYST BLOODSTOCK LLC AGENT II,NOT SOLD,9500,,2008-02-20,KENTUCKY,8,2012-05-09,CATALYST BLOODSTOCK LLC AGENT II,B,,
Saratoga Fall Mixed & Horses of Racing Age (2012),2012-10-09,72,RUN KATNISS RUN,F,STONESIDER,ON CALL,FOREST CAMP,MCMAHON OF SARATOGA THOROUGHBREDS LLC AGENT,NOT SOLD,3500,,2012-03-24,NEW YORK,7B&7C,,MCMAHON OF SARATOGA THOROUGHBREDS LLC AGENT,W,,
Saratoga Fall Mixed & Horses of Racing Age (2012),2012-10-09,73,SAINT KRIS,M,KRIS S.,NATIVE EXPRESSIONS,PENTELICUS,SEQUEL STALLIONS NEW YORK AGENT,OUT,0,,2002-04-05,FLORIDA,2&6,2012-04-22,SEQUEL STALLIONS NEW YORK AGENT,B,,
Saratoga Fall Mixed & Horses of Racing Age (2012),2012-10-09,74,SALTY LITTLE SIS,M,CHIEF SEATTLE,JUPITER HOLLOW,SALT LAKE,FORT CHRISTOPHER'S THOROUGHBREDS LLC AGENT,NOT SOLD,1000,,2007-04-01,NEW YORK,5,2012-03-05,FORT CHRISTOPHER'S THOROUGHBREDS LLC AGENT,B,,
Saratoga Fall Mixed & Horses of Racing Age (2012),2012-10-09,75,SARAH'S SALLY,M,MALIBU MOON,KINETIGAL,NASKRA,MCMAHON OF SARATOGA THOROUGHBREDS LLC AGENT,OUT,0,,2005-02-04,KENTUCKY,7B&7C,2012-05-30,MCMAHON OF SARATOGA THOROUGHBREDS LLC AGENT,B,,
Saratoga Fall Mixed & Horses of Racing Age (2012),2012-10-09,76,,F,REPENT,SASSY SPLASH,SUNNY SPLASH,HARRY L. LANDRY BLOODSTOCK LLC AGENT,NOT SOLD,2200,,2012-05-14,NEW YORK,2&3&6,,HARRY L. LANDRY BLOODSTOCK LLC AGENT,W,,
Saratoga Fall Mixed & Horses of Racing Age (2012),2012-10-09,77,,C,POSSE,SENITA LANE,ASCOT KNIGHT,VINERY SALES AGENT IV,PHYLLIS SHETRON,1500,,2012-03-29,NEW YORK,8&9,,VINERY SALES AGENT IV,W,,
Saratoga Fall Mixed & Horses of Racing Age (2012),2012-10-09,78,SIENNA LADY,M,MR. GREELEY,PLANCHETTE,BUCKPOINT (FR),VINERY SALES AGENT X,OUT,0,,2000-02-16,KENTUCKY,8&9,2012-05-14,VINERY SALES AGENT X,B,,
Saratoga Fall Mixed & Horses of Racing Age (2012),2012-10-09,79,SILVERBOBBIN,M,SILVER DEPUTY,BOBBINETTE,SIR IVOR,STONE BRIDGE FARM AGENT,JOHN JAMES / M TOOTHAKER AGT,1500,,1998-01-26,KENTUCKY,3,,STONE BRIDGE FARM AGENT,B,,
Saratoga Fall Mixed & Horses of Racing Age (2012),2012-10-09,80,,C,JUSTENUFFHUMOR,SKIPPING LASS,SKIP TRIAL,VINERY SALES AGENT IV,CARRIE BROGDEN AGENT,1000,,2012-04-19,NEW YORK,8&9,,VINERY SALES AGENT IV,W,,
Saratoga Fall Mixed & Horses of Racing Age (2012),2012-10-09,81,SMOKE N SHADOWS,M,SMOKE GLACKEN,HALOMATIC,HALO,DARBY DAN FARM AGENT III,OUT,0,,2001-04-12,KENTUCKY,3,2012-06-20,DARBY DAN FARM AGENT III,B,,
Saratoga Fall Mixed & Horses of Racing Age (2012),2012-10-09,82,SPANISH WEDDING,M,SPANISH STEPS,VICTORIA'S WEDDING,SUMMER SQUALL,MCMAHON OF SARATOGA THOROUGHBREDS LLC AGENT,NOT SOLD,1000,,2006-03-07,FLORIDA,7B&7C,,MCMAHON OF SARATOGA THOROUGHBREDS LLC AGENT,BP,,
Saratoga Fall Mixed & Horses of Racing Age (2012),2012-10-09,83,SONG OF BROADWAY,M,TIZNOW,MORNING SUN,DEHERE,DARBY DAN FARM AGENT,ANTHONY MUICCIO,55000,,2007-03-16,NEW YORK,3,,DARBY DAN FARM AGENT,B,,
Saratoga Fall Mixed & Horses of Racing Age (2012),2012-10-09,84,SPEEDY SUNRISE,M,CHEROKEE RUN,HOLY MIA,HOLY BULL,MARK TOOTHAKER AGENT,GLEN HILL FARM,16500,,2001-02-03,KENTUCKY,7B,2012-05-06,MARK TOOTHAKER AGENT,B,,
Saratoga Fall Mixed & Horses of Racing Age (2012),2012-10-09,85,,C,BUSTIN STONES,SPOTED TRICK,MAZEL TRICK,WALDORF FARM LLC AGENT,OUT,0,,2012-05-29,NEW YORK,7A,,WALDORF FARM LLC AGENT,W,,
Saratoga Fall Mixed & Horses of Racing Age (2012),2012-10-09,86,STEAMED UP,M,FREUD,MIDNIGHT TANK,TANK'S PROSPECT,WALDORF FARM LLC AGENT,NOT SOLD,1000,,2004-04-05,NEW YORK,7A,,WALDORF FARM LLC AGENT,B,,
Saratoga Fall Mixed & Horses of Racing Age (2012),2012-10-09,87,,F,BUSTIN STONES,STEAMED UP,FREUD,WALDORF FARM LLC AGENT,OUT,0,,2012-05-14,NEW YORK,7A,,WALDORF FARM LLC AGENT,W,,
Saratoga Fall Mixed & Horses of Racing Age (2012),2012-10-09,88,STOP THE VICE,M,STOP THE MUSIC,ADORABLE VICE,VICE REGENT,MCMAHON OF SARATOGA THOROUGHBREDS LLC AGENT FOR EMPIRE EQUINES LLC,CHAD SCHUMER AGENT,5000,,1996-02-06,KENTUCKY,7B&7C,2012-03-30,MCMAHON OF SARATOGA THOROUGHBREDS LLC AGENT FOR EMPIRE EQUINES LLC,B,,
Saratoga Fall Mixed & Horses of Racing Age (2012),2012-10-09,89,STORM SPELL,F,UNBRIDLED'S SONG,CATSTAR,STORM CAT,MCMAHON OF SARATOGA THOROUGHBREDS LLC AGENT,BARRY OSTRAGER,15000,,2008-04-01,KENTUCKY,7B&7C,2012-02-26,MCMAHON OF SARATOGA THOROUGHBREDS LLC AGENT,B,,
Saratoga Fall Mixed & Horses of Racing Age (2012),2012-10-09,90,SUPER BLUE (CHI),M,SINGLE DAWN,INALCANZABLE (CHI),RICTORIOUS,VINERY SALES AGENT XIV,OUT,0,,1998-07-28,CHI,8&9,,VINERY SALES AGENT XIV,B,,
Saratoga Fall Mixed & Horses of Racing Age (2012),2012-10-09,91,SUPER DEELITES,M,AFTERNOON DEELITES,SUPER CHEF,SEATTLE SLEW,MCMAHON OF SARATOGA THOROUGHBREDS LLC AGENT,JOE MCMAHON,2000,,2002-06-01,KENTUCKY,7B&7C,2012-04-11,MCMAHON OF SARATOGA THOROUGHBREDS LLC AGENT,B,,
Saratoga Fall Mixed & Horses of Racing Age (2012),2012-10-09,92,,F,READ THE FOOTNOTES,SWEET ELVIRA,FREUD,SEQUEL STALLIONS NEW YORK AGENT,GREY FLIGHT,2200,,2012-05-14,NEW YORK,2&6,,SEQUEL STALLIONS NEW YORK AGENT,W,,
Saratoga Fall Mixed & Horses of Racing Age (2012),2012-10-09,93,SWEET TZIPORA,M,WHEATON,TWO BAD GIRLS,DIABLO,SEQUEL STALLIONS NEW YORK AGENT,NOT SOLD,1500,,2002-01-28,FLORIDA,2&6,2012-02-27,SEQUEL STALLIONS NEW YORK AGENT,B,,
Saratoga Fall Mixed & Horses of Racing Age (2012),2012-10-09,94,,F,CATIENUS,SYNDICATION,WITH APPROVAL,HARRY L. LANDRY BLOODSTOCK LLC AGENT,NOT SOLD,4000,,2012-03-26,NEW YORK,2&3&6,,HARRY L. LANDRY BLOODSTOCK LLC AGENT,W,,
Saratoga Fall Mixed & Horses of Racing Age (2012),2012-10-09,95,,F,MUNNINGS,THAT'S OK,NOT FOR LOVE,VINERY SALES AGENT XI,BERNARD STABLES,67000,,2012-02-24,NEW YORK,8&9,,VINERY SALES AGENT XI,W,,
Saratoga Fall Mixed & Horses of Racing Age (2012),2012-10-09,96,,C,POLLARD'S VISION,TIZALITTLELATER,TIZNOW,SARATOGA GLEN FARM LLC AGENT,TWO HANDS LLC,12000,,2012-05-03,NEW YORK,1,,SARATOGA GLEN FARM LLC AGENT,W,,
Saratoga Fall Mixed & Horses of Racing Age (2012),2012-10-09,97,,C,LANGFUHR,TUSCANA,PLEASANT TAP,SONG HILL THOROUGHBREDS LLC AGENT,OUT,0,,2012-02-18,NEW YORK,5,,SONG HILL THOROUGHBREDS LLC AGENT,W,,
Saratoga Fall Mixed & Horses of Racing Age (2012),2012-10-09,98,UNFORGETTABLEGINNY,M,UNFORGETTABLE MAX,JUST A GINNY,GO FOR GIN,SEQUEL STALLIONS NEW YORK AGENT,GISELE THOMAS,1500,,2007-04-07,KENTUCKY,2&6,,SEQUEL STALLIONS NEW YORK AGENT,B,,
Saratoga Fall Mixed & Horses of Racing Age (2012),2012-10-09,99,,C,UTOPIA (JPN),UNIFICADA (BRZ),GROOVE,MCMAHON OF SARATOGA THOROUGHBREDS LLC AGENT,NOT SOLD,3200,,2012-04-03,NEW YORK,7B&7C,,MCMAHON OF SARATOGA THOROUGHBREDS LLC AGENT,W,,
Saratoga Fall Mixed & Horses of Racing Age (2012),2012-10-09,100,UNSHUTTERED,M,UNBRIDLED,SHUTTERED,WILD AGAIN,VINERY SALES AGENT XII,PINNACLE FARMS,5500,,2001-02-27,KENTUCKY,8&9,2012-04-30,VINERY SALES AGENT XII,B,,
Saratoga Fall Mixed & Horses of Racing Age (2012),2012-10-09,101,VALARONE,M,NAVARONE,WINTHROP ARMS,VAL DE L'ORNE (FR),WALDORF FARM LLC AGENT,OUT,0,,1996-05-18,KENTUCKY,7A,2012-04-28,WALDORF FARM LLC AGENT,B,,
Saratoga Fall Mixed & Horses of Racing Age (2012),2012-10-09,102,VERY CLASSY GAL,M,GIANT'S CAUSEWAY,GAL IN A RUCKUS,BOLD RUCKUS,VINERY SALES AGENT XI,MARK A TOOTHAKER AGENT,42000,,2003-02-21,KENTUCKY,8&9,2012-05-28,VINERY SALES AGENT XI,B,,
Saratoga Fall Mixed & Horses of Racing Age (2012),2012-10-09,103,VIRGINIA REEL,M,GONE WEST,PROPER DANCE,NUREYEV,MARK TOOTHAKER AGENT,PATRISHIA MOSELEY,11000,,2002-03-19,KENTUCKY,7B,2012-05-07,MARK TOOTHAKER AGENT,B,,
Saratoga Fall Mixed & Horses of Racing Age (2012),2012-10-09,104,VODKA GAL,M,STREET CRY (IRE),CAZZY B.,CORMORANT,STONE BRIDGE FARM AGENT,ED PRICE,20000,,2006-02-05,NEW YORK,3,2012-05-18,STONE BRIDGE FARM AGENT,B,,
Saratoga Fall Mixed & Horses of Racing Age (2012),2012-10-09,105,,F,POSSE,VODKA GAL,STREET CRY (IRE),STONE BRIDGE FARM AGENT,DAVID RAPOSA,15000,,2012-04-23,NEW YORK,3,,STONE BRIDGE FARM AGENT,W,,
Saratoga Fall Mixed & Horses of Racing Age (2012),2012-10-09,106,,F,COSMONAUT,WHATEVERWILLBWILLB,WESTERN EXPRESSION,JOHN FENNESSEY AGENT FOR MICHAEL SPIELMAN,OUT,0,,2012-02-26,NEW YORK,5,,JOHN FENNESSEY AGENT FOR MICHAEL SPIELMAN,W,,
Saratoga Fall Mixed & Horses of Racing Age (2012),2012-10-09,107,,C,FROST GIANT,WHERES WHITEY,GOLDEN MISSILE,SARATOGA GLEN FARM LLC AGENT,MARSHA HASSIG,1000,,2012-03-20,NEW YORK,1,,SARATOGA GLEN FARM LLC AGENT,W,,
Saratoga Fall Mixed & Horses of Racing Age (2012),2012-10-09,108,,F,NOONMARK,WHIPPORWILL CREEK,FOREST CAMP,JOHN FENNESSEY AGENT FOR MICHAEL SPIELMAN,OUT,0,,2012-05-02,NEW YORK,5,,JOHN FENNESSEY AGENT FOR MICHAEL SPIELMAN,W,,
Saratoga Fall Mixed & Horses of Racing Age (2012),2012-10-09,109,,C,GOLDEN MISSILE,WHISTLING BULLET,SILVER DEPUTY,RHAPSODY FARM LLC/HIDDEN LAKE FARM LLC AGENTS FOR FORD ROGERS,R D RANCH,15000,,2012-03-23,NEW YORK,4,,RHAPSODY FARM LLC/HIDDEN LAKE FARM LLC AGENTS FOR FORD ROGERS,W,,
Saratoga Fall Mixed & Horses of Racing Age (2012),2012-10-09,110,,F,CORINTHIAN,WHITE SLIPPERS,SILVER DEPUTY,SARATOGA GLEN FARM LLC AGENT,NOT SOLD,29000,,2012-03-06,NEW YORK,1,,SARATOGA GLEN FARM LLC AGENT,W,,
Saratoga Fall Mixed & Horses of Racing Age (2012),2012-10-09,111,,F,BUSTIN STONES,WHITE WEDDING DAY,CRIMSON GUARD,HARRY L. LANDRY BLOODSTOCK LLC AGENT,LESLEY CANNON,2500,,2012-04-14,NEW YORK,2&3&6,,HARRY L. LANDRY BLOODSTOCK LLC AGENT,W,,
Saratoga Fall Mixed & Horses of Racing Age (2012),2012-10-09,112,WIDADY,M,GONE WEST,MY SONG FOR YOU,SEATTLE SONG,SEQUEL STALLIONS NEW YORK AGENT,NOT SOLD,2000,,1997-05-23,KENTUCKY,2&6,2012-03-11,SEQUEL STALLIONS NEW YORK AGENT,B,,
Saratoga Fall Mixed & Horses of Racing Age (2012),2012-10-09,113,WINCHIME,M,CHIMES BAND,BARBARIKA,BATES MOTEL,SARATOGA GLEN FARM LLC AGENT,OUT,0,,1998-03-12,KENTUCKY,1,2012-04-30,SARATOGA GLEN FARM LLC AGENT,B,,
Saratoga Fall Mixed & Horses of Racing Age (2012),2012-10-09,114,,C,TIAGO,WINGS OF GLORY,GHOSTZAPPER,CATALYST BLOODSTOCK LLC AGENT II,NOT SOLD,9500,,2012-01-28,NEW YORK,8,,CATALYST BLOODSTOCK LLC AGENT II,W,,
Saratoga Fall Mixed & Horses of Racing Age (2012),2012-10-09,115,WINLOC'S GRAMIE,M,BELONG TO ME,DEBIE'S DAUGHTER,LOOSE CANNON,MCMAHON OF SARATOGA THOROUGHBREDS LLC AGENT FOR EMPIRE EQUINES LLC,NOT SOLD,4400,,1997-05-13,NEW YORK,7B&7C,2012-04-17,MCMAHON OF SARATOGA THOROUGHBREDS LLC AGENT FOR EMPIRE EQUINES LLC,B,,
Saratoga Fall Mixed & Horses of Racing Age (2012),2012-10-09,116,WINSLET,F,FIVE STAR DAY,MAMAISON MISS,MAMAISON,MCMAHON OF SARATOGA THOROUGHBREDS LLC AGENT,NOT SOLD,4500,,2008-02-22,KENTUCKY,7B&7C,2012-03-11,MCMAHON OF SARATOGA THOROUGHBREDS LLC AGENT,B,,
Saratoga Fall Mixed & Horses of Racing Age (2012),2012-10-09,117,WONSOME,M,THUNDERELLO,WINCHIME,CHIMES BAND,SARATOGA GLEN FARM LLC AGENT,FERME IMAGE INC,2400,,2006-04-24,NEW YORK,1,2012-05-03,SARATOGA GLEN FARM LLC AGENT,B,,
Saratoga Fall Mixed & Horses of Racing Age (2012),2012-10-09,118,,F,KISS THE KID,YES TAMI,ALBERT THE GREAT,MCMAHON OF SARATOGA THOROUGHBREDS LLC AGENT,NOT SOLD,1000,,2012-04-27,NEW YORK,7B&7C,,MCMAHON OF SARATOGA THOROUGHBREDS LLC AGENT,W,,
Saratoga Fall Mixed & Horses of Racing Age (2012),2012-10-09,119,,C,UTOPIA (JPN),ALL BRONZE,DESERT WARRIOR,MCMAHON OF SARATOGA THOROUGHBREDS LLC AGENT,NOT SOLD,9500,,2012-03-16,NEW YORK,7B&7C,,MCMAHON OF SARATOGA THOROUGHBREDS LLC AGENT,W,,
Saratoga Fall Mixed & Horses of Racing Age (2012),2012-10-09,120,,C,COSMONAUT,ALLIE'S HOPE,JUST A CAT,HARRY L. LANDRY BLOODSTOCK LLC AGENT FOR NELSON E. CLEMMENS,ANTHONY J DEPAULA,2000,,2012-04-29,NEW YORK,2&3&6,,HARRY L. LANDRY BLOODSTOCK LLC AGENT FOR NELSON E. CLEMMENS,W,,
Saratoga Fall Mixed & Horses of Racing Age (2012),2012-10-09,121,,F,FREUD,ALL OF ME,UNBRIDLED'S SONG,RHAPSODY FARM LLC/HIDDEN LAKE FARM LLC AGENTS,OUT,0,,2011-11-30,NEW YORK,4,,RHAPSODY FARM LLC/HIDDEN LAKE FARM LLC AGENTS,W,,
Saratoga Fall Mixed & Horses of Racing Age (2012),2012-10-09,123,,C,PERFECT SOUL (IRE),APPROVER,WITH APPROVAL,DARBY DAN FARM AGENT FOR PUCKER RIDGE FARM (LOIS ENGEL),NOT SOLD,9000,,2012-03-08,NEW YORK,3,,DARBY DAN FARM AGENT FOR PUCKER RIDGE FARM (LOIS ENGEL),W,,
Saratoga Fall Mixed & Horses of Racing Age (2012),2012-10-09,124,ARABIAN NIGHTS,M,SCATMANDU,GOLD CARD,MR. REDOY,MCMAHON OF SARATOGA THOROUGHBREDS LLC AGENT FOR ANDY BEADNELL,NOT SOLD,2800,,2001-03-21,KENTUCKY,7B&7C,2012-03-09,MCMAHON OF SARATOGA THOROUGHBREDS LLC AGENT FOR ANDY BEADNELL,B,,
Saratoga Fall Mixed & Horses of Racing Age (2012),2012-10-09,125,,F,SAINT ANDDAN,ARABIAN NIGHTS,SCATMANDU,MCMAHON OF SARATOGA THOROUGHBREDS LLC AGENT FOR ANDY BEADNELL,NOT SOLD,4700,,2012-02-03,NEW YORK,7B&7C,,MCMAHON OF SARATOGA THOROUGHBREDS LLC AGENT FOR ANDY BEADNELL,W,,
Saratoga Fall Mixed & Horses of Racing Age (2012),2012-10-09,126,ARAZI EXCHANGE,M,EXCHANGE RATE,FRESA BABY,ARAZI,MARK TOOTHAKER AGENT,JASON KLINE,2000,,2004-03-20,FLORIDA,7B,2012-06-08,MARK TOOTHAKER AGENT,B,,
Saratoga Fall Mixed & Horses of Racing Age (2012),2012-10-09,127,ARTISTIC CAT,M,SIR CAT,ARTISTIC ONE,COPELAN,WALDORF FARM LLC AGENT,NOT SOLD,1000,,2000-04-30,FLORIDA,7A,2012-05-14,WALDORF FARM LLC AGENT,B,,
Saratoga Fall Mixed & Horses of Racing Age (2012),2012-10-09,128,AWESOME TOUCH,M,AWESOME AGAIN,BABY MILLIE,GALLAPIAT,MAYO WEST FARM AGENT,CARAPAN FARM LLC,4000,,2000-03-23,KENTUCKY,7A,2012-04-18,MAYO WEST FARM AGENT,B,,
Saratoga Fall Mixed & Horses of Racing Age (2012),2012-10-09,129,,C,YES IT'S TRUE,BABY LOVE,NOT FOR LOVE,FORT CHRISTOPHER'S THOROUGHBREDS LLC AGENT,NOT SOLD,24000,,2012-01-26,NEW YORK,5,,FORT CHRISTOPHER'S THOROUGHBREDS LLC AGENT,W,,
Saratoga Fall Mixed & Horses of Racing Age (2012),2012-10-09,130,,C,CAT THIEF,BACK TO DADDY,TIZNOW,DARBY DAN FARM AGENT IV,OUT,0,,2012-04-10,NEW YORK,3,,DARBY DAN FARM AGENT IV,W,,
Saratoga Fall Mixed & Horses of Racing Age (2012),2012-10-09,131,,C,NORTHERN AFLEET,BAJAN PRINCESS,ARCHERS BAY,FORT CHRISTOPHER'S THOROUGHBREDS LLC AGENT,SUMMIT VIEW FARM,15000,,2012-01-20,NEW YORK,5,,FORT CHRISTOPHER'S THOROUGHBREDS LLC AGENT,W,,
Saratoga Fall Mixed & Horses of Racing Age (2012),2012-10-09,132,BELLA TRELLA,M,CHEROKEE RUN,KITTIHAWK MISS,ALYDAR,MARK TOOTHAKER AGENT,ALISTAIR RODEN BLOODSTOCK,25000,,2004-05-03,KENTUCKY,7B,2012-05-05,MARK TOOTHAKER AGENT,B,,
Saratoga Fall Mixed & Horses of Racing Age (2012),2012-10-09,133,BESIGE,M,POLISH NUMBERS,PSYCHED,HAGLEY,SEQUEL STALLIONS NEW YORK AGENT,OUT,0,,1999-04-24,PENNSYLVANIA,2&6,2012-06-01,SEQUEL STALLIONS NEW YORK AGENT,B,,
Saratoga Fall Mixed & Horses of Racing Age (2012),2012-10-09,134,BESO DEL SUR,M,DIXIELAND BAND,INSPIRED KISS,INSPIRED PROSPECT,QUESTROYAL NORTH AGENT,OWEN KIERNAN,3000,,2006-04-28,KENTUCKY,3,2012-03-28,QUESTROYAL NORTH AGENT,B,,
Saratoga Fall Mixed & Horses of Racing Age (2012),2012-10-09,135,BRASSY KITTEN,M,DIXIE BRASS,THAT'S A TAKE,TAKE ME OUT,MCMAHON OF SARATOGA THOROUGHBREDS LLC AGENT,GLENBROOK FARM,1000,,2001-04-02,NEW YORK,7B&7C,2012-04-19,MCMAHON OF SARATOGA THOROUGHBREDS LLC AGENT,B,,
Saratoga Fall Mixed & Horses of Racing Age (2012),2012-10-09,136,BRITTANY GOES WEST,M,GONE WEST,KRISTY BEETHOVEN,KRIS S.,VINERY SALES AGENT XII,CARAPAN FARM LLC,3200,,2007-02-04,KENTUCKY,8&9,2012-02-24,VINERY SALES AGENT XII,B,,
Saratoga Fall Mixed & Horses of Racing Age (2012),2012-10-09,137,BROCKLY ROB,M,TOMORROWS CAT,BEIJIO,DR. BLUM,HARRY L. LANDRY BLOODSTOCK LLC AGENT FOR P. Z. RACING STABLE LLC,NOT SOLD,4500,,2006-04-01,NEW YORK,2&3&6,2012-05-01,HARRY L. LANDRY BLOODSTOCK LLC AGENT FOR P. Z. RACING STABLE LLC,B,,
Saratoga Fall Mixed & Horses of Racing Age (2012),2012-10-09,138,,F,GHOSTZAPPER,BRUSHME ON,BRUSHED ON,RHAPSODY FARM LLC/HIDDEN LAKE FARM LLC AGENTS,GREY FLIGHT,34000,,2012-02-15,NEW YORK,4,,RHAPSODY FARM LLC/HIDDEN LAKE FARM LLC AGENTS,W,,
Saratoga Fall Mixed & Horses of Racing Age (2012),2012-10-09,139,BUSTIN TO WIN,F,BUSTIN STONES,SUPREME DISCOVERY,SUPREMO,SARATOGA GLEN FARM LLC AGENT,NOT SOLD,1000,,2012-04-02,NEW YORK,1,,SARATOGA GLEN FARM LLC AGENT,W,,
Saratoga Fall Mixed & Horses of Racing Age (2012),2012-10-09,140,BUSTINWITHLOVE,F,BUSTIN STONES,CLASSIC LOVE,REGAL CLASSIC,HARRY L. LANDRY BLOODSTOCK LLC AGENT FOR P. Z. RACING STABLE LLC,OUT,0,,2012-02-07,NEW YORK,2&3&6,,HARRY L. LANDRY BLOODSTOCK LLC AGENT FOR P. Z. RACING STABLE LLC,W,,
Saratoga Fall Mixed & Horses of Racing Age (2012),2012-10-09,141,,C,FREUD,CAPE OF GOOD HOPE,CAPE TOWN,SONG HILL THOROUGHBREDS LLC AGENT,MARTIN KEOGH,7200,,2012-04-01,NEW YORK,5,,SONG HILL THOROUGHBREDS LLC AGENT,W,,
Saratoga Fall Mixed & Horses of Racing Age (2012),2012-10-09,142,CAPE OF GOOD HOPE,M,CAPE TOWN,EXPLOSIVE MEG,EL GRAN SENOR,SONG HILL THOROUGHBREDS LLC AGENT,NOT SOLD,1000,,2002-03-13,FLORIDA,5,2012-04-27,SONG HILL THOROUGHBREDS LLC AGENT,B,,
Saratoga Fall Mixed & Horses of Racing Age (2012),2012-10-09,143,CAPRICE MISS,M,GOLDEN MISSILE,VALID VICTRESS,VALID APPEAL,SEQUEL STALLIONS NEW YORK AGENT,NOT SOLD,1000,,2002-02-23,KENTUCKY,2&6,2012-03-29,SEQUEL STALLIONS NEW YORK AGENT,B,,
Saratoga Fall Mixed & Horses of Racing Age (2012),2012-10-09,144,,C,SPRING AT LAST,CERCIS,FORTY NINER,VINERY SALES AGENT II,MAD ABOUT SALES,37000,,2012-03-13,NEW YORK,8&9,,VINERY SALES AGENT II,W,,
Saratoga Fall Mixed & Horses of Racing Age (2012),2012-10-09,145,C'EST LA CAT,M,MOUNTAIN CAT,L'AMOUR TOUJOURS,BLUSHING GROOM (FR),WALDORF FARM LLC AGENT,OUT,0,,1998-04-07,VIRGINIA,7A,,WALDORF FARM LLC AGENT,B,,
Saratoga Fall Mixed & Horses of Racing Age (2012),2012-10-09,146,CHARADE QUEEN,M,A.P. INDY,SPANISH PARADE,ROBERTO,MCMAHON OF SARATOGA THOROUGHBREDS LLC AGENT,NOT SOLD,7200,,1998-04-20,KENTUCKY,7B&7C,2012-03-13,MCMAHON OF SARATOGA THOROUGHBREDS LLC AGENT,B,,
Saratoga Fall Mixed & Horses of Racing Age (2012),2012-10-09,147,,F,RUN AWAY AND HIDE,CHARM THE DEVIL,HORSE CHESTNUT (SAF),JOHN FENNESSEY AGENT FOR MICHAEL SPIELMAN,NOT SOLD,1500,,2012-04-10,NEW YORK,5,,JOHN FENNESSEY AGENT FOR MICHAEL SPIELMAN,W,,
Saratoga Fall Mixed & Horses of Racing Age (2012),2012-10-09,148,CIZI,M,CITY ZIP,HERE COMES NIKKI,THE PRIME MINISTER,MCMAHON OF SARATOGA THOROUGHBREDS LLC AGENT,FERME IMAGE INC,1000,,2004-03-20,NEW YORK,7B&7C,2012-02-22,MCMAHON OF SARATOGA THOROUGHBREDS LLC AGENT,B,,
Saratoga Fall Mixed & Horses of Racing Age (2012),2012-10-09,149,CLASSIC LOVE,M,REGAL CLASSIC,FAST LOVER,NOT FOR LOVE,HARRY L. LANDRY BLOODSTOCK LLC AGENT FOR P. Z. RACING STABLE LLC,NOT SOLD,5700,,2005-02-28,NEW YORK,2&3&6,2012-02-16,HARRY L. LANDRY BLOODSTOCK LLC AGENT FOR P. Z. RACING STABLE LLC,B,,
Saratoga Fall Mixed & Horses of Racing Age (2012),2012-10-09,150,CLAY'S RUN,M,CHESTER HOUSE,THEATRICAL DEBUT,THEATRICAL (IRE),RHAPSODY FARM LLC/HIDDEN LAKE FARM LLC AGENTS,OUT,0,,2004-03-22,NEW YORK,4,,RHAPSODY FARM LLC/HIDDEN LAKE FARM LLC AGENTS,B,,
Saratoga Fall Mixed & Horses of Racing Age (2012),2012-10-09,151,,F,AFLEET EXPRESS,CORRE SCOUT,EL CORREDOR,RHAPSODY FARM LLC/HIDDEN LAKE FARM LLC AGENTS FOR RHAPSODY FARM LLC & JON DAVIS,AL PIKE AGENT,45000,,2012-02-08,NEW YORK,4,,RHAPSODY FARM LLC/HIDDEN LAKE FARM LLC AGENTS FOR RHAPSODY FARM LLC & JON DAVIS,W,,
Saratoga Fall Mixed & Horses of Racing Age (2012),2012-10-09,152,,F,NOONMARK,COUNTING VISIONS,UNACCOUNTED FOR,RHAPSODY FARM LLC/HIDDEN LAKE FARM LLC AGENTS,NANCY ROSS,25000,,2012-02-16,NEW YORK,4,,RHAPSODY FARM LLC/HIDDEN LAKE FARM LLC AGENTS,W,,
Saratoga Fall Mixed & Horses of Racing Age (2012),2012-10-09,153,COUSIN PATTY JEAN,M,PROUD CITIZEN,SIX TALES,TALE OF THE CAT,MARK TOOTHAKER AGENT,NOT SOLD,1000,,2005-03-21,KENTUCKY,7B,2012-05-09,MARK TOOTHAKER AGENT,B,,
Saratoga Fall Mixed & Horses of Racing Age (2012),2012-10-09,154,CRAFTING,F,STRAIGHT MAN,CRAFTY JUDY,TOUCH GOLD,MCMAHON OF SARATOGA THOROUGHBREDS LLC AGENT,NOT SOLD,1000,,2009-04-03,NEW YORK,7B&7C,,MCMAHON OF SARATOGA THOROUGHBREDS LLC AGENT,BP,,
Saratoga Fall Mixed & Horses of Racing Age (2012),2012-10-09,155,,C,MAJESTIC WARRIOR,CRITICAL CHANT,WAR CHANT,MCMAHON OF SARATOGA THOROUGHBREDS LLC AGENT,GREY FLIGHT,14500,,2012-01-29,NEW YORK,7B&7C,,MCMAHON OF SARATOGA THOROUGHBREDS LLC AGENT,W,,
Saratoga Fall Mixed & Horses of Racing Age (2012),2012-10-09,156,,C,GOLDEN MISSILE,DANCING BLUES,CURE THE BLUES,HARRY L. LANDRY BLOODSTOCK LLC AGENT,NOT SOLD,4000,,2012-02-25,NEW YORK,2&3&6,,HARRY L. LANDRY BLOODSTOCK LLC AGENT,W,,
Saratoga Fall Mixed & Horses of Racing Age (2012),2012-10-09,157,,C,FREUD,DAY TRADING,CAPOTE,DARBY DAN FARM AGENT I,YANKEE FARM,33000,,2012-03-25,NEW YORK,3,,DARBY DAN FARM AGENT I,W,,
Saratoga Fall Mixed & Horses of Racing Age (2012),2012-10-09,158,,F,JUSTENUFFHUMOR,DELASTE,CHIMES BAND,VINERY SALES AGENT V,KIRK WYCOFF/BRIAN MORGAN AGT,37000,,2012-02-11,NEW YORK,8&9,,VINERY SALES AGENT V,W,,
Saratoga Fall Mixed & Horses of Racing Age (2012),2012-10-09,159,,F,EDDINGTON,DESIGNER PHONE,PHONE TRICK,GABRIEL GOODWIN (GOODWIN FARM) AGENT FOR GUY LAMOTTA,OUT,0,,2012-03-02,NEW YORK,4,,GABRIEL GOODWIN (GOODWIN FARM) AGENT FOR GUY LAMOTTA,W,,
Saratoga Fall Mixed & Horses of Racing Age (2012),2012-10-09,160,DREAM AFFAIR,M,TOUCH GOLD,FLEET WAHINE,AFLEET,SARATOGA GLEN FARM LLC AGENT,NOT SOLD,1000,,2002-05-13,KENTUCKY,1,2012-03-06,SARATOGA GLEN FARM LLC AGENT,B,,
Saratoga Fall Mixed & Horses of Racing Age (2012),2012-10-09,161,DYNA MIGHT,M,DYNAFORMER,CHERRY A LA MODE,AFFIRMED,QUESTROYAL NORTH AGENT,NOT SOLD,25000,,1996-01-29,KENTUCKY,3,2012-04-08,QUESTROYAL NORTH AGENT,B,,
Saratoga Fall Mixed & Horses of Racing Age (2012),2012-10-09,162,EISHIN HOULTON,M,WILD AGAIN,ROSE PARK,PLUGGED NICKLE,WALDORF FARM LLC AGENT,OUT,0,,1993-04-02,KENTUCKY,7A,,WALDORF FARM LLC AGENT,B,,
Saratoga Fall Mixed & Horses of Racing Age (2012),2012-10-09,163,,C,ROARING FEVER,EMILY HA HA,BRIGHT LAUNCH,VINERY SALES AGENT IV,NOT SOLD,1000,,2012-04-29,NEW YORK,8&9,,VINERY SALES AGENT IV,W,,
Saratoga Fall Mixed & Horses of Racing Age (2012),2012-10-09,164,EXPECTED PLEASURES,M,ALLEN'S PROSPECT,GLOWING HONOUR,HONOUR AND GLORY,MAYO WEST FARM AGENT,OUT,0,,2004-04-20,MARYLAND,7A,2012-05-09,MAYO WEST FARM AGENT,B,,
Saratoga Fall Mixed & Horses of Racing Age (2012),2012-10-09,165,,F,FREUD,EXTRA IMPACT,HONOUR AND GLORY,JOHN FENNESSEY AGENT FOR MICHAEL SPIELMAN,NOT SOLD,20000,,2012-03-06,NEW YORK,5,,JOHN FENNESSEY AGENT FOR MICHAEL SPIELMAN,W,,
Saratoga Fall Mixed & Horses of Racing Age (2012),2012-10-09,166,FAIR'S FAIR,M,MUTAKDDIM,HIGH VOLTAGE SPORT,HIGH ECHELON,HARRY L. LANDRY BLOODSTOCK LLC AGENT,OUT,0,,2000-03-29,KENTUCKY,2&3&6,2012-05-06,HARRY L. LANDRY BLOODSTOCK LLC AGENT,B,,
Saratoga Fall Mixed & Horses of Racing Age (2012),2012-10-09,167,,F,INDYGO SHINER,FAIR'S FAIR,MUTAKDDIM,HARRY L. LANDRY BLOODSTOCK LLC AGENT,WESTERN GUIDELINE INC,20000,,2012-04-10,NEW YORK,2&3&6,,HARRY L. LANDRY BLOODSTOCK LLC AGENT,W,,
Saratoga Fall Mixed & Horses of Racing Age (2012),2012-10-09,168,,C,COSMONAUT,FAIR WEATHER LADY,WESTERN EXPRESSION,HARRY L. LANDRY BLOODSTOCK LLC AGENT,CARLOS F MARTIN,17000,,2012-02-24,NEW YORK,2&3&6,,HARRY L. LANDRY BLOODSTOCK LLC AGENT,W,,
Saratoga Fall Mixed & Horses of Racing Age (2012),2012-10-09,169,,C,COSMONAUT,FAITH KEEPER,NOT FOR LOVE,VINERY SALES AGENT VII,FERDINANDO BASILE,6500,,2012-04-10,NEW YORK,8&9,,VINERY SALES AGENT VII,W,,
Saratoga Fall Mixed & Horses of Racing Age (2012),2012-10-09,170,,F,NOONMARK,FAST AN CATTY,HIGH YIELD,HARRY L. LANDRY BLOODSTOCK LLC AGENT,WESTERN GUIDELINE INC,4000,,2012-05-27,NEW YORK,2&3&6,,HARRY L. LANDRY BLOODSTOCK LLC AGENT,W,,
Saratoga Fall Mixed & Horses of Racing Age (2012),2012-10-09,171,FAST HEART,F,LION HEART,LIFEINTHEFASTLANE,UNBRIDLED'S SONG,SEQUEL STALLIONS NEW YORK AGENT,GISELE THOMAS,32000,,2008-05-15,KENTUCKY,2&6,2012-04-13,SEQUEL STALLIONS NEW YORK AGENT,B,,
Saratoga Fall Mixed & Horses of Racing Age (2012),2012-10-09,172,FAST LEARNER,M,ROYAL ACADEMY,RELATIVA (ARG),PARADE MARSHAL,VINERY SALES AGENT XV,CHAD SCHUMER AGENT,19000,,2004-03-09,NEW YORK,8&9,2012-04-01,VINERY SALES AGENT XV,B,,
Saratoga Fall Mixed & Horses of Racing Age (2012),2012-10-09,173,,F,NORTHERN AFLEET,FAST LEARNER,ROYAL ACADEMY,VINERY SALES AGENT XV,NOT SOLD,1000,,2012-03-01,NEW YORK,8&9,,VINERY SALES AGENT XV,W,,
Saratoga Fall Mixed & Horses of Racing Age (2012),2012-10-09,174,,C,BUSTIN STONES,FAST LOVER,NOT FOR LOVE,SARATOGA GLEN FARM LLC AGENT,WES CARTER,14000,,2012-02-05,NEW YORK,1,,SARATOGA GLEN FARM LLC AGENT,W,,
Saratoga Fall Mixed & Horses of Racing Age (2012),2012-10-09,175,FIGHTING JO JO,M,DISTORTED HUMOR,LIZ ON POLK STREET,A.P. INDY,VINERY SALES AGENT XII,TRIPLE T RANCH,20000,,2007-01-21,KENTUCKY,8&9,2012-03-10,VINERY SALES AGENT XII,B,,
Saratoga Fall Mixed & Horses of Racing Age (2012),2012-10-09,176,FINLANDIA,M,ROYAL ANTHEM,IT'S A GHERKIN,ENDS WELL,SEQUEL STALLIONS NEW YORK AGENT,MCMAHON & HILL BLOODSTOCK LLC,12000,,2002-03-04,NEW YORK,2&6,,SEQUEL STALLIONS NEW YORK AGENT,B,,
Saratoga Fall Mixed & Horses of Racing Age (2012),2012-10-09,177,,C,FREUD,FIRSTTODANCE,DISTINCTIVE PRO,RHAPSODY FARM LLC/HIDDEN LAKE FARM LLC AGENTS,NOT SOLD,14000,,2012-03-26,NEW YORK,4,,RHAPSODY FARM LLC/HIDDEN LAKE FARM LLC AGENTS,W,,
Saratoga Fall Mixed & Horses of Racing Age (2012),2012-10-09,178,,F,ANY GIVEN SATURDAY,FLASH ACT,SKY MESA,MCMAHON OF SARATOGA THOROUGHBREDS LLC AGENT,MARSHALL DOWELL/ROB BAILESAGT,19000,,2012-01-25,NEW YORK,7B&7C,,MCMAHON OF SARATOGA THOROUGHBREDS LLC AGENT,W,,
Saratoga Fall Mixed & Horses of Racing Age (2012),2012-10-09,179,,C,PURIM,FLINGETTE,PHANTOM JET,VINERY SALES AGENT III,RIVERSIDE STABLE,10000,Y,2012-02-05,NEW YORK,8&9,,VINERY SALES AGENT III,W,,
Saratoga Fall Mixed & Horses of Racing Age (2012),2012-10-09,180,,F,PURGE,FREEI,HONOR GRADES,VINERY SALES AGENT VI,CAROLE NEASE,2500,,2012-05-09,NEW YORK,8&9,,VINERY SALES AGENT VI,W,,
Saratoga Fall Mixed & Horses of Racing Age (2012),2012-10-09,181,FRENETIC,M,KNOWN FACT,SHEZA WILD AGAIN,WILD AGAIN,GABRIEL GOODWIN (GOODWIN FARM),OUT,0,,1997-04-15,KENTUCKY,4,,GABRIEL GOODWIN (GOODWIN FARM),BP,,
Saratoga Fall Mixed & Horses of Racing Age (2012),2012-10-09,182,,F,ROCK HARD TEN,FRENETIC,KNOWN FACT,GABRIEL GOODWIN (GOODWIN FARM),OUT,0,,2012-03-15,NEW YORK,4,,GABRIEL GOODWIN (GOODWIN FARM),W,,
Saratoga Fall Mixed & Horses of Racing Age (2012),2012-10-09,183,,C,BUSTIN STONES,FUTURE STARLET,THEATRICAL (IRE),WALDORF FARM LLC AGENT,OUT,0,,2012-04-19,NEW YORK,7A,,WALDORF FARM LLC AGENT,W,,
Saratoga Fall Mixed & Horses of Racing Age (2012),2012-10-09,184,GAMBLERS PASSION,M,PROSPECTORS GAMBLE,PASSION PEARL,UNREAL ZEAL,MCMAHON OF SARATOGA THOROUGHBREDS LLC AGENT,NOT SOLD,4700,,2000-04-24,IOWA,7B&7C,2012-04-13,MCMAHON OF SARATOGA THOROUGHBREDS LLC AGENT,B,,
Saratoga Fall Mixed & Horses of Racing Age (2012),2012-10-09,185,,C,YES IT'S TRUE,GAMBLERS PASSION,PROSPECTORS GAMBLE,MCMAHON OF SARATOGA THOROUGHBREDS LLC AGENT,R D RANCH,25000,,2012-03-15,NEW YORK,7B&7C,,MCMAHON OF SARATOGA THOROUGHBREDS LLC AGENT,W,,
Saratoga Fall Mixed & Horses of Racing Age (2012),2012-10-09,186,GLASGOW,M,MENIFEE,ALEXANDROVNA,LEAR FAN,MARK TOOTHAKER AGENT,NOT SOLD,9500,,2002-04-24,KENTUCKY,7B,2012-03-15,MARK TOOTHAKER AGENT,B,,
Saratoga Fall Mixed & Horses of Racing Age (2012),2012-10-09,187,GONE AT ONCE,F,ARAGORN (IRE),ALL AT ONCE,TOUCH GOLD,MCMAHON OF SARATOGA THOROUGHBREDS LLC AGENT FOR EMPIRE EQUINES LLC,NOT SOLD,1000,,2008-02-08,NEW YORK,7B&7C,2012-03-21,MCMAHON OF SARATOGA THOROUGHBREDS LLC AGENT FOR EMPIRE EQUINES LLC,B,,
Saratoga Fall Mixed & Horses of Racing Age (2012),2012-10-09,188,GOOD HUMOR GAL,M,DISTORTED HUMOR,PLEASANT TOKEN,PLEASANT COLONY,SEQUEL STALLIONS NEW YORK AGENT,CARAPAN FARM LLC,4200,,2001-03-06,KENTUCKY,2&6,2012-04-09,SEQUEL STALLIONS NEW YORK AGENT,B,,
Saratoga Fall Mixed & Horses of Racing Age (2012),2012-10-09,190,,C,DESERT PARTY,GOOD HUMOR GAL,DISTORTED HUMOR,SEQUEL STALLIONS NEW YORK AGENT,LETS GO TONITE STABLES,36000,,2012-02-22,NEW YORK,2&6,,SEQUEL STALLIONS NEW YORK AGENT,W,,
Saratoga Fall Mixed & Horses of Racing Age (2012),2012-10-09,191,GRANDE ARMEE,M,DAYJUR,BOUGHT TWICE,IN REALITY,VINERY SALES AGENT IX,OUT,0,,1996-02-09,KENTUCKY,8&9,2012-04-20,VINERY SALES AGENT IX,B,,
Saratoga Fall Mixed & Horses of Racing Age (2012),2012-10-09,192,GUANA CASTE,M,CAPE TOWN,DIJON,FRENCH DEPUTY,MCMAHON OF SARATOGA THOROUGHBREDS LLC AGENT,NOT SOLD,1000,,2003-02-25,FLORIDA,7B&7C,2012-03-22,MCMAHON OF SARATOGA THOROUGHBREDS LLC AGENT,B,,
Saratoga Fall Mixed & Horses of Racing Age (2012),2012-10-09,193,,F,GOLDEN MISSILE,HALO GREELEY,MR. GREELEY,RHAPSODY FARM LLC/HIDDEN LAKE FARM LLC AGENTS,OUT,0,,2012-05-25,NEW YORK,4,,RHAPSODY FARM LLC/HIDDEN LAKE FARM LLC AGENTS,W,,
Saratoga Fall Mixed & Horses of Racing Age (2012),2012-10-09,194,,F,POSSE,HAY ALLISON,HAY HALO,VINERY SALES AGENT IV,WES CARTER,9500,,2012-03-23,NEW YORK,8&9,,VINERY SALES AGENT IV,W,,
Saratoga Fall Mixed & Horses of Racing Age (2012),2012-10-09,195,HICKORY BELLE,M,UNBRIDLED TIME,COMFORT A BELLE,RED RANSOM,MCMAHON OF SARATOGA THOROUGHBREDS LLC AGENT,NOT SOLD,1000,,2005-02-27,FLORIDA,7B&7C,2012-03-29,MCMAHON OF SARATOGA THOROUGHBREDS LLC AGENT,B,,
Saratoga Fall Mixed & Horses of Racing Age (2012),2012-10-09,196,HUNTINGLAND,M,DOVE HUNT,HOMELAND,CURRENT HOPE,MAYO WEST FARM AGENT,NOT SOLD,1000,,2000-02-29,FLORIDA,7A,2012-06-16,MAYO WEST FARM AGENT,B,,
Saratoga Fall Mixed & Horses of Racing Age (2012),2012-10-09,197,IFYOUPREFERSILVER,M,SILVER DEPUTY,IF LILOY,LILOY (FR),SEQUEL STALLIONS NEW YORK AGENT,DAVE COTTLE,7000,,1999-04-19,KENTUCKY,2&6,,SEQUEL STALLIONS NEW YORK AGENT,B,,
Saratoga Fall Mixed & Horses of Racing Age (2012),2012-10-09,198,,F,LANGFUHR,INNOVATOR,BEHRENS,SONG HILL THOROUGHBREDS LLC AGENT,OUT,0,,2012-03-15,NEW YORK,5,,SONG HILL THOROUGHBREDS LLC AGENT,W,,
Saratoga Fall Mixed & Horses of Racing Age (2012),2012-10-09,199,IOYA FOREVER,M,LOUIS QUATORZE,IOYA,NASKRA,SEQUEL STALLIONS NEW YORK AGENT,CHAD SCHUMER AGENT,11500,,1999-05-07,ILLINOIS,2&6,2012-04-25,SEQUEL STALLIONS NEW YORK AGENT,B,,
Saratoga Fall Mixed & Horses of Racing Age (2012),2012-10-09,200,IRGUN'S DELITE,M,IRGUN,SPARKLING DELITE,VICE REGENT,MCMAHON OF SARATOGA THOROUGHBREDS LLC AGENT,NOT SOLD,1000,,1998-05-02,KENTUCKY,7B&7C,2012-04-06,MCMAHON OF SARATOGA THOROUGHBREDS LLC AGENT,B,,
Saratoga Fall Mixed & Horses of Racing Age (2012),2012-10-09,201,,C,NOONMARK,IRGUN'S TRIAL,IRGUN,HARRY L. LANDRY BLOODSTOCK LLC AGENT FOR NELSON E. CLEMMENS,R D RANCH,12000,,2012-05-06,NEW YORK,2&3&6,,HARRY L. LANDRY BLOODSTOCK LLC AGENT FOR NELSON E. CLEMMENS,W,,
Saratoga Fall Mixed & Horses of Racing Age (2012),2012-10-09,202,IRISH JET,M,PHANTOM JET,DUNDALK LASS,GARNERAY (GB),VINERY SALES AGENT I,NOT SOLD,1000,,2001-03-26,NEW YORK,8&9,2012-06-27,VINERY SALES AGENT I,B,,
Saratoga Fall Mixed & Horses of Racing Age (2012),2012-10-09,203,,C,POSSE,IRISH JET,PHANTOM JET,VINERY SALES AGENT I,R D RANCH,9000,,2012-05-11,NEW YORK,8&9,,VINERY SALES AGENT I,W,,
Saratoga Fall Mixed & Horses of Racing Age (2012),2012-10-09,204,,F,STREET HERO,IRISH RIDGE,CACTUS RIDGE,HARRY L. LANDRY BLOODSTOCK LLC AGENT,NOT SOLD,9500,,2012-02-27,NEW YORK,2&3&6,,HARRY L. LANDRY BLOODSTOCK LLC AGENT,W,,
Saratoga Fall Mixed & Horses of Racing Age (2012),2012-10-09,205,JERSEY'S KITTENS,F,CATIENUS,BRASSY KITTEN,DIXIE BRASS,MCMAHON OF SARATOGA THOROUGHBREDS LLC AGENT,JOE MCMAHON,1000,,2012-02-21,NEW YORK,7B&7C,,MCMAHON OF SARATOGA THOROUGHBREDS LLC AGENT,W,,
Saratoga Fall Mixed & Horses of Racing Age (2012),2012-10-09,206,,F,HOLD ME BACK,JET'S TRADITION,A. P JET,MARK TOOTHAKER AGENT,SARATOGA GLEN PINHOOKING 2012,27000,,2012-03-05,NEW YORK,7B,,MARK TOOTHAKER AGENT,W,,
Saratoga Fall Mixed & Horses of Racing Age (2012),2012-10-09,207,JOIN THE CROWD,F,DEVIL HIS DUE,LOTSA PERSONALITY,PERSONAL FLAG,MCMAHON OF SARATOGA THOROUGHBREDS LLC AGENT,WINDHORSE THOROUGHBREDS,13000,,2008-03-23,NEW YORK,7B&7C,2012-03-21,MCMAHON OF SARATOGA THOROUGHBREDS LLC AGENT,B,,
Saratoga Fall Mixed & Horses of Racing Age (2012),2012-10-09,208,,F,UNCLE CAMIE,JO'S SUNSHINE,DIXIE BRASS,VINERY SALES AGENT VII,CHRIS MADDEN,1000,,2012-04-09,NEW YORK,8&9,,VINERY SALES AGENT VII,W,,
Saratoga Fall Mixed & Horses of Racing Age (2012),2012-10-09,209,JOYOUS SONG,M,AMERICAN CHANCE,JOYOUS MELODY,PHONE TRICK,SEQUEL STALLIONS NEW YORK AGENT,CHAD SCHUMER AGENT,7000,,2002-03-30,VIRGINIA,2&6,2012-05-06,SEQUEL STALLIONS NEW YORK AGENT,B,,
Saratoga Fall Mixed & Horses of Racing Age (2012),2012-10-09,210,LEMON SUNDAE,F,KING CUGAT,LEMON MERINGUE,LEMON DROP KID,TOM ALBERTRANI AGENT,ROBERT SIMONICK,5000,,2009-02-19,NEW YORK,2,,TOM ALBERTRANI AGENT,RB,,
Saratoga Fall Mixed & Horses of Racing Age (2012),2012-10-09,211,MOUNT LEMMON,F,DISCREET CAT,SWEET ARIZONA,GONE WEST,TOM ALBERTRANI AGENT,NOT SOLD,1000,,2009-03-29,KENTUCKY,2,,TOM ALBERTRANI AGENT,RB,,
Saratoga Fall Mixed & Horses of Racing Age (2012),2012-10-09,212,MY GOLDEN GIRL,F,GOLDEN MISSILE,PRINCESS DIXIE,DIXIE BRASS,SONG HILL THOROUGHBREDS LLC AGENT,OUT,0,,2009-05-07,NEW YORK,5,,SONG HILL THOROUGHBREDS LLC AGENT,RB,,
Saratoga Fall Mixed & Horses of Racing Age (2012),2012-10-09,213,RASPBERRY PARADE,F,SILVER TRAIN,CLEVERITA,CLEVER TRICK,RHAPSODY FARM LLC/HIDDEN LAKE FARM LLC AGENTS,NOT SOLD,1500,,2010-04-13,NEW YORK,4,,RHAPSODY FARM LLC/HIDDEN LAKE FARM LLC AGENTS,RB,,
Saratoga Fall Mixed & Horses of Racing Age (2012),2012-10-09,214,REDEEMING ACT,F,PATRIOT ACT,REDEEM,DEVIL'S BAG,MCMAHON OF SARATOGA THOROUGHBREDS LLC AGENT FOR CHRISTINA PAPPALARDO,OUT,0,,2010-04-18,NEW YORK,7B&7C,,MCMAHON OF SARATOGA THOROUGHBREDS LLC AGENT FOR CHRISTINA PAPPALARDO,RB,,
Saratoga Fall Mixed & Horses of Racing Age (2012),2012-10-09,215,RIBOLETTI,F,DISTORTED HUMOR,RIBOLETTA (BRZ),ROI NORMAND,KIARAN MCLAUGHLIN AGENT,HUNTER VALLEY FARM,40000,,2008-03-08,KENTUCKY,1&2,,KIARAN MCLAUGHLIN AGENT,RB,,
Saratoga Fall Mixed & Horses of Racing Age (2012),2012-10-09,216,SARATOGA OASIS,F,DESERT WARRIOR,MOUNTTHATLADDER,MT. LIVERMORE,GABRIEL GOODWIN (GOODWIN FARM) AGENT FOR GUY LAMOTTA,NOT SOLD,1000,,2008-03-25,NEW YORK,4,,GABRIEL GOODWIN (GOODWIN FARM) AGENT FOR GUY LAMOTTA,RB,,
Saratoga Fall Mixed & Horses of Racing Age (2012),2012-10-09,217,SHALAKA,M,LION HEART,RED TAFFETA,CHARISMATIC,SONG HILL THOROUGHBREDS LLC AGENT,NOT SOLD,1200,,2007-02-11,KENTUCKY,5,,SONG HILL THOROUGHBREDS LLC AGENT,RB,,
Saratoga Fall Mixed & Horses of Racing Age (2012),2012-10-09,218,SOMETHING SHINY,F,ANY GIVEN SATURDAY,SILVESTRIS,FOREST WILDCAT,TOM ALBERTRANI AGENT,GISELE THOMAS,7000,,2009-02-23,KENTUCKY,2,,TOM ALBERTRANI AGENT,RB,,
Saratoga Fall Mixed & Horses of Racing Age (2012),2012-10-09,219,,F,YES IT'S TRUE,SWEET JULIET,CRAFTY PROSPECTOR,SUNNYFIELD FARM,OUT,0,,2010-03-13,NEW YORK,5,,SUNNYFIELD FARM,RB,,
Saratoga Fall Mixed & Horses of Racing Age (2012),2012-10-09,220,ATTEMPTED,F,OFFLEE WILD,VAULTING,DUBAI MILLENNIUM (GB),TOM ALBERTRANI AGENT,NEAL M ALLREAD,4000,,2009-05-24,KENTUCKY,2,,TOM ALBERTRANI AGENT,RB,,
Saratoga Fall Mixed & Horses of Racing Age (2012),2012-10-09,221,BIRDSEYE MAPLE,F,GREAT NOTION,WHITE WEDDING DAY,CRIMSON GUARD,HARRY L. LANDRY BLOODSTOCK LLC AGENT,NOT SOLD,5700,,2009-04-06,NEW YORK,2&3&6,,HARRY L. LANDRY BLOODSTOCK LLC AGENT,RB,,
Saratoga Fall Mixed & Horses of Racing Age (2012),2012-10-09,222,CLOSING MOVE,F,BERNARDINI,SHOW ME THE ROSES,STORM CAT,TOM ALBERTRANI AGENT,THOMAS VOSS,100000,,2009-03-14,KENTUCKY,2,,TOM ALBERTRANI AGENT,RB,,
Saratoga Fall Mixed & Horses of Racing Age (2012),2012-10-09,223,ELTISH'S WILDFIRE,F,ELTISH,PRESSED AND READY,WOODMAN,GABRIEL GOODWIN (GOODWIN FARM) AGENT,NOT SOLD,1000,,2008-03-13,NEW YORK,4,,GABRIEL GOODWIN (GOODWIN FARM) AGENT,RA,,
Saratoga Fall Mixed & Horses of Racing Age (2012),2012-10-09,224,GIANNI,F,BELONG TO ME,CRAFTY JENNY,CONQUISTADOR CIELO,SONG HILL THOROUGHBREDS LLC AGENT,OUT,0,,2008-02-12,NEW YORK,5,,SONG HILL THOROUGHBREDS LLC AGENT,RB,,
Saratoga Fall Mixed & Horses of Racing Age (2012),2012-10-09,225,GREYCHIME,F,FLASHY BULL,WINCHIME,CHIMES BAND,SARATOGA GLEN FARM LLC AGENT,H BUD WOLF,1500,,2009-03-10,NEW YORK,1,,SARATOGA GLEN FARM LLC AGENT,RB,,
Saratoga Fall Mixed & Horses of Racing Age (2012),2012-10-09,226,HOLD IT,F,DISCREET CAT,POSSESSION,BELONG TO ME,KIARAN MCLAUGHLIN AGENT,BRUCE BROWN AGENT,55000,,2009-02-13,KENTUCKY,1&2,,KIARAN MCLAUGHLIN AGENT,RB,,
Saratoga Fall Mixed & Horses of Racing Age (2012),2012-10-09,227,LAKE SUPERIOR,C,DISTORTED HUMOR,SUMMERLY,SUMMER SQUALL,KIARAN MCLAUGHLIN AGENT,OUT,0,,2009-01-21,KENTUCKY,1&2,,KIARAN MCLAUGHLIN AGENT,RP,,
Saratoga Fall Mixed & Horses of Racing Age (2012),2012-10-09,228,LONGSHORE,G,ELUSIVE QUALITY,LILIUM (GB),NASHWAN,TOM ALBERTRANI AGENT,TEXAS TOYCO LLC,11500,,2009-02-08,KENTUCKY,2,,TOM ALBERTRANI AGENT,RP,,
Saratoga Fall Mixed & Horses of Racing Age (2012),2012-10-09,229,MAHUBO (SAF),G,NATIONAL EMBLEM (SAF),GARDEN VERSE (SAF),FOVEROS (GB),KIARAN MCLAUGHLIN AGENT,DAVID RAPOSA,20500,,2006-09-10,SAF,1&2,,KIARAN MCLAUGHLIN AGENT,RA,,
Saratoga Fall Mixed & Horses of Racing Age (2012),2012-10-09,230,MIAMI MAKO,G,MALIBU MOON,TWO CHIMNEYS,DEPUTY COMMANDER,KIARAN MCLAUGHLIN AGENT,JOHN PREGMAN JR,3200,,2008-03-14,PENNSYLVANIA,1&2,,KIARAN MCLAUGHLIN AGENT,RA,,
Saratoga Fall Mixed & Horses of Racing Age (2012),2012-10-09,231,PORT CONWAY,G,STREET SENSE,MADISON'S QUEST,DEPUTY MINISTER,KIARAN MCLAUGHLIN AGENT,CAROLYN R VOGEL,32000,,2009-02-18,KENTUCKY,1&2,,KIARAN MCLAUGHLIN AGENT,RP,,
Saratoga Fall Mixed & Horses of Racing Age (2012),2012-10-09,232,RISE AND REPENT,C,REPENT,MESSERAND,CLARAMOUNT,HARRY L. LANDRY BLOODSTOCK LLC AGENT,OUT,0,,2010-03-20,NEW YORK,2&3&6,,HARRY L. LANDRY BLOODSTOCK LLC AGENT,RA,,
Saratoga Fall Mixed & Horses of Racing Age (2012),2012-10-09,233,RYAN'S UTOPIA,C,UTOPIA (JPN),MISS ROCHESTER,SOUTHERN HALO,GABRIEL GOODWIN (GOODWIN FARM) AGENT FOR GUY LAMOTTA,NOT SOLD,1000,,2010-03-02,NEW YORK,4,,GABRIEL GOODWIN (GOODWIN FARM) AGENT FOR GUY LAMOTTA,RA,,
Saratoga Fall Mixed & Horses of Racing Age (2012),2012-10-09,234,SAYAPRAYERFORME,C,SONGANDAPRAYER,NAN'S BAY,DYNAFORMER,RHAPSODY FARM LLC/HIDDEN LAKE FARM LLC AGENTS,OUT,0,,2010-05-12,NEW YORK,4,,RHAPSODY FARM LLC/HIDDEN LAKE FARM LLC AGENTS,RP,,
Saratoga Fall Mixed & Horses of Racing Age (2012),2012-10-09,235,SHIPMAKER,C,DISTORTED HUMOR,ANGEL CRAFT,A.P. INDY,KIARAN MCLAUGHLIN AGENT,CLARK BREWSTER/TOBY SHEETSAGT,43000,,2009-03-11,KENTUCKY,1&2,,KIARAN MCLAUGHLIN AGENT,RP,,
Saratoga Fall Mixed & Horses of Racing Age (2012),2012-10-09,236,SOLENGO,G,CITY ZIP,RISERVA,DIXIE BRASS,SONG HILL THOROUGHBREDS LLC AGENT,NOT SOLD,8000,,2009-05-05,NEW YORK,5,,SONG HILL THOROUGHBREDS LLC AGENT,RA,,
Saratoga Fall Mixed & Horses of Racing Age (2012),2012-10-09,237,TRANSATLANTIC,C,A.P. INDY,SAFARI QUEEN (ARG),LODE,TOM ALBERTRANI AGENT,PAUL KELLEY,10000,,2009-02-05,KENTUCKY,2,,TOM ALBERTRANI AGENT,RP,,
Saratoga Fall Mixed & Horses of Racing Age (2012),2012-10-09,238,TURINI,G,BERNARDINI,OLAYA,THEATRICAL (IRE),KIARAN MCLAUGHLIN AGENT,JAMIE WOODINTON,12500,,2009-01-19,KENTUCKY,1&2,,KIARAN MCLAUGHLIN AGENT,RP,,
Saratoga Fall Mixed & Horses of Racing Age (2012),2012-10-09,239,TYCOON DOBY,G,CHEROKEE RUN,MARSEILLE EXPRESS,CAERLEON,MCMAHON OF SARATOGA THOROUGHBREDS LLC AGENT,58 AND CHANGE STABLE,3000,,2004-02-23,KENTUCKY,7B&7C,,MCMAHON OF SARATOGA THOROUGHBREDS LLC AGENT,RA,,
Saratoga Fall Mixed & Horses of Racing Age (2012),2012-10-09,240,WIN FOR THE ZIPPER,G,CITY ZIP,WESTERN MELODY,WEST BY WEST,DARBY DAN FARM AGENT II,ROBERT OLIVA,13000,,2009-03-17,NEW YORK,3,,DARBY DAN FARM AGENT II,RA,,
Saratoga Fall Mixed & Horses of Racing Age (2012),2012-10-09,241,AFTER THE BELL,C,EMPIRE MAKER,RINGS A CHIME,METFIELD,TOM ALBERTRANI AGENT,OUT,0,,2009-04-07,KENTUCKY,2,,TOM ALBERTRANI AGENT,RP,,
Saratoga Fall Mixed & Horses of Racing Age (2012),2012-10-09,242,BALTIC COAST,G,QUIET AMERICAN,POLISH STYLE,DANZIG,TOM ALBERTRANI AGENT,NOT SOLD,1000,,2009-02-19,KENTUCKY,2,,TOM ALBERTRANI AGENT,RP,,
Saratoga Fall Mixed & Horses of Racing Age (2012),2012-10-09,243,BRANDY'S BIG GUY,G,OMMADON,BRANDALA,COMPLIANCE,GABRIEL GOODWIN (GOODWIN FARM),OUT,0,,2008-02-09,NEW YORK,4,,GABRIEL GOODWIN (GOODWIN FARM),RA,,
Saratoga Fall Mixed & Horses of Racing Age (2012),2012-10-09,244,BROOME STREET,C,STREET CRY (IRE),CARESS,STORM CAT,KIARAN MCLAUGHLIN AGENT,OUT,0,,2009-03-02,KENTUCKY,1&2,,KIARAN MCLAUGHLIN AGENT,RP,,
Saratoga Fall Mixed & Horses of Racing Age (2012),2012-10-09,245,CORPORAL SPAULDING,C,PATRIOT ACT,THE NEWS' WEST,WEST BY WEST,MCMAHON OF SARATOGA THOROUGHBREDS LLC AGENT FOR CHRISTINA PAPPALARDO,OUT,0,,2010-04-02,NEW YORK,7B&7C,,MCMAHON OF SARATOGA THOROUGHBREDS LLC AGENT FOR CHRISTINA PAPPALARDO,RA,,
Saratoga Fall Mixed & Horses of Racing Age (2012),2012-10-09,246,DEFINE,C,STREET SENSE,EVIL,HENNESSY,KIARAN MCLAUGHLIN AGENT,BRUCE BROWN AGENT,60000,,2009-05-13,KENTUCKY,1&2,,KIARAN MCLAUGHLIN AGENT,RP,,
Saratoga Fall Mixed & Horses of Racing Age (2012),2012-10-09,247,DOUBLE BASS,C,BERNARDINI,DUNDRUMMIN',GONE WEST,KIARAN MCLAUGHLIN AGENT,OUT,0,,2009-03-16,VIRGINIA,1&2,,KIARAN MCLAUGHLIN AGENT,RP,,
Saratoga Fall Mixed & Horses of Racing Age (2012),2012-10-09,248,EMMET CULLEN,C,FREUD,KHE SANH,TACTICAL CAT,MCMAHON OF SARATOGA THOROUGHBREDS LLC AGENT FOR CHRISTINA PAPPALARDO,NOT SOLD,11000,,2010-05-22,NEW YORK,7B&7C,,MCMAHON OF SARATOGA THOROUGHBREDS LLC AGENT FOR CHRISTINA PAPPALARDO,RA,,
Saratoga Fall Mixed & Horses of Racing Age (2012),2012-10-09,249,FACT,G,A.P. INDY,SHARP CAT,STORM CAT,KIARAN MCLAUGHLIN AGENT,CAROLYN R VOGEL,55000,,2008-04-21,KENTUCKY,1&2,,KIARAN MCLAUGHLIN AGENT,RP,,
Saratoga Fall Mixed & Horses of Racing Age (2012),2012-10-09,250,GOT WHAT,C,MR. GREELEY,SILVER TORNADO,MARIA'S MON,KIARAN MCLAUGHLIN AGENT,OUT,0,,2009-05-09,KENTUCKY,1&2,,KIARAN MCLAUGHLIN AGENT,RA,,
Saratoga Fall Mixed & Horses of Racing Age (2012),2012-10-09,251,GRAND RAPIDS,C,BERNARDINI,CAJUN CAT,STORM CAT,KIARAN MCLAUGHLIN AGENT,CLARK BREWSTER/TOBY SHEETSAGT,30000,,2009-03-30,KENTUCKY,1&2,,KIARAN MCLAUGHLIN AGENT,RP,,
Saratoga Fall Mixed & Horses of Racing Age (2012),2012-10-09,252,HARRIER HILL,C,BERNARDINI,INCA (ARG),INTERPRETE (ARG),KIARAN MCLAUGHLIN AGENT,OUT,0,,2009-03-06,KENTUCKY,1&2,,KIARAN MCLAUGHLIN AGENT,RP,,
Saratoga Fall Mixed & Horses of Racing Age (2012),2012-10-09,253,JUST A MINUTE,G,STREET CRY (IRE),ADDED TIME,GILDED TIME,KIARAN MCLAUGHLIN AGENT,LESLEY CANNON,1000,,2009-02-11,KENTUCKY,1&2,,KIARAN MCLAUGHLIN AGENT,RP,,
Saratoga Fall Mixed & Horses of Racing Age (2012),2012-10-09,254,MESSNER,C,BERNARDINI,MACOUMBA,MR. PROSPECTOR,KIARAN MCLAUGHLIN AGENT,DONALD L BROWN JR,7500,,2008-05-05,KENTUCKY,1&2,,KIARAN MCLAUGHLIN AGENT,S,,
