SALE TITLE,SESSION,HIP,SEX,SIRE,DAM,SIRE OF DAM,PROPERTY LINE,PURCHASER,PRICE,PRIVATE SALE,YEAR OF BIRTH,FOALED,BARN,COVER DATE,CONSIGNOR NAME,SOLD AS DESCRIPTION,VIRTUAL INSPECTION
The Turf Showcase (2017),2017-09-10,1,C,GIO PONTI,BEAUTIFULBALLERINA,NUREYEV,PARAMOUNT SALES AGENT X,CABBY,5000,,2016-02-06,KENTUCKY,1,,PARAMOUNT SALES AGENT X,,
The Turf Showcase (2017),2017-09-10,2,F,TEMPLE CITY,BELLA BALLADO,SAINT BALLADO,CATALYST BLOODSTOCK LLC AGENT IV,NOT SOLD,19000,,2016-04-26,KENTUCKY,3,,CATALYST BLOODSTOCK LLC AGENT IV,,
The Turf Showcase (2017),2017-09-10,3,F,ENGLISH CHANNEL,BETWEEN RAINDROPS,A.P. INDY,PARAMOUNT SALES AGENT XII,NOT SOLD,5000,,2016-03-28,KENTUCKY,1,,PARAMOUNT SALES AGENT XII,,
The Turf Showcase (2017),2017-09-10,4,C,TEMPLE CITY,BIRDIE BIRDIE,EL PRADO (IRE),PARAMOUNT SALES AGENT III,DAVID MEAH AGENT FOR GEORGE YAGER,115000,,2016-02-14,KENTUCKY,1,,PARAMOUNT SALES AGENT III,,
The Turf Showcase (2017),2017-09-10,5,C,ELUSIVE QUALITY,BLUE DRESS,DANZIG,BROOKDALE SALES AGENT,CDM RACING LTD,15000,,2016-03-13,KENTUCKY,1,,BROOKDALE SALES AGENT,,
The Turf Showcase (2017),2017-09-10,6,F,TIZWAY,BLUES LEGEND,MR. GREELEY,BLAKE-ALBINA THOROUGHBRED SERVICES LLC AGENT,NOT SOLD,5000,,2016-03-05,KENTUCKY,4,,BLAKE-ALBINA THOROUGHBRED SERVICES LLC AGENT,,
The Turf Showcase (2017),2017-09-10,8,C,HARD SPUN,BOLA DE CRISTAL (IRE),GALILEO (IRE),FOUR STAR SALES AGENT,JERRY CRAWFORD FOR DONEGAL RACING,137000,,2016-05-02,KENTUCKY,4,,FOUR STAR SALES AGENT,,
The Turf Showcase (2017),2017-09-10,9,C,ENGLISH CHANNEL,BOUNDING AWAY (IRE),GALILEO (IRE),EATON SALES AGENT,TERRY HAMILTON,15000,,2016-02-20,KENTUCKY,8,,EATON SALES AGENT,,
The Turf Showcase (2017),2017-09-10,10,F,ENGLISH CHANNEL,BOURBON N BURLEY,PERFECT SOUL (IRE),VINERY SALES AGENT,FRED M. ALLOR,13000,,2016-01-26,KENTUCKY,2,,VINERY SALES AGENT,,
The Turf Showcase (2017),2017-09-10,11,C,DECLARATION OF WAR,BRIEF LOOK (GB),SADLER'S WELLS,BLUEWATER SALES LLC AGENT XXVI,NOT SOLD,44000,,2016-02-11,KENTUCKY,8,,BLUEWATER SALES LLC AGENT XXVI,,
The Turf Showcase (2017),2017-09-10,12,F,KITTEN'S JOY,BRUSHWORK,DISCREET CAT,TAYLOR MADE SALES AGENCY AGENT XI,CHEYENNE STABLES LLC,200000,,2016-04-30,KENTUCKY,2,,TAYLOR MADE SALES AGENCY AGENT XI,,
The Turf Showcase (2017),2017-09-10,13,F,BROKEN VOW,BUREAUCAT,TALE OF THE CAT,VINERY SALES AGENT,CRAIG L WHEELER AGENT,35000,,2016-04-18,KENTUCKY,2,,VINERY SALES AGENT,,
The Turf Showcase (2017),2017-09-10,14,C,NOBLE MISSION (GB),CAST CALL,A.P. INDY,CARA BLOODSTOCK (BERNARD MCCORMACK) AGENT,WEST POINT THOROUGHBREDS L.E.B. AGENT,85000,,2016-04-20,ONTARIO,3,,CARA BLOODSTOCK (BERNARD MCCORMACK) AGENT,,
The Turf Showcase (2017),2017-09-10,15,C,EXCHANGE RATE,CAYMAN SUNRISE,PETIONVILLE,SKARA BRAE STABLES AGENT,GULFSTREAM GALLOP/KIRKWOODAGT,60000,,2016-03-26,KENTUCKY,4,,SKARA BRAE STABLES AGENT,,
The Turf Showcase (2017),2017-09-10,16,C,DECLARATION OF WAR,CHANGETHECHANNEL,ENGLISH CHANNEL,FOUNDATIONS FARM AGENT,OUT,0,,2016-04-24,KENTUCKY,3,,FOUNDATIONS FARM AGENT,,
The Turf Showcase (2017),2017-09-10,17,F,MORE THAN READY,CLEAR PEARL,GIANT'S CAUSEWAY,BLUEWATER SALES LLC AGENT III,TURF STABLE RACING,70000,Y,2016-04-14,KENTUCKY,8,,BLUEWATER SALES LLC AGENT III,,
The Turf Showcase (2017),2017-09-10,18,C,BLAME,COLLECT THE FEE,MENIFEE,WOODFORD THOROUGHBREDS AGENT,NOT SOLD,37000,,2016-04-09,KENTUCKY,4,,WOODFORD THOROUGHBREDS AGENT,,
The Turf Showcase (2017),2017-09-10,19,C,ARTIE SCHILLER,CONQUEST LIL MISS,HORSE GREELEY,PAUL TACKETT,NOT SOLD,29000,,2016-01-19,KENTUCKY,3,,PAUL TACKETT,,
The Turf Showcase (2017),2017-09-10,20,C,KITTEN'S JOY,COQUIHALLA,ELUSIVE QUALITY,BLAKE-ALBINA THOROUGHBRED SERVICES LLC AGENT,OUT,0,,2016-04-06,NEW YORK,4,,BLAKE-ALBINA THOROUGHBRED SERVICES LLC AGENT,,
The Turf Showcase (2017),2017-09-10,21,F,DATA LINK,COSI CELESTE,BERNARDINI,PARAMOUNT SALES AGENT VI,RUIS RACING LLC,65000,,2016-03-09,KENTUCKY,1,,PARAMOUNT SALES AGENT VI,,
The Turf Showcase (2017),2017-09-10,22,F,NOBLE MISSION (GB),COZY GAIN,COZZENE,INDIAN CREEK AGENT,JOSEPH BROCKLEBANK AGENT,100000,,2016-03-25,KENTUCKY,3,,INDIAN CREEK AGENT,,
The Turf Showcase (2017),2017-09-10,23,F,THE FACTOR,DANCES WITH ASHLEY,WILDCAT HEIR,BLUEWATER SALES LLC AGENT X,ALFRED A PAIS,30000,,2016-02-29,KENTUCKY,8,,BLUEWATER SALES LLC AGENT X,,
The Turf Showcase (2017),2017-09-10,24,F,MAGICIAN (IRE),DELMARVA,UNBRIDLED'S SONG,TIMBER TOWN (MR. & MRS. T. WAYNE SWEEZEY) AGENT FOR R. S. EVANS,NOT SOLD,75000,,2016-05-24,MARYLAND,3,,TIMBER TOWN (MR. & MRS. T. WAYNE SWEEZEY) AGENT FOR R. S. EVANS,,
The Turf Showcase (2017),2017-09-10,25,C,TEMPLE CITY,DESANT,QUIET AMERICAN,PARAMOUNT SALES AGENT XIII,TOM MCCROCKLIN AGENT,75000,,2016-03-29,KENTUCKY,1,,PARAMOUNT SALES AGENT XIII,,
The Turf Showcase (2017),2017-09-10,26,F,GET STORMY,DESTINY'S REWARD,HORSE CHESTNUT (SAF),HURSTLAND FARM (ALFRED H. NUCKOLS JR.) AGENT,NOT SOLD,13000,,2016-03-16,KENTUCKY,1,,HURSTLAND FARM (ALFRED H. NUCKOLS JR.) AGENT,,
The Turf Showcase (2017),2017-09-10,27,F,RED ROCKS (IRE),DIAMOND DILEMMA (IRE),SINNDAR (IRE),DARBY DAN FARM AGENT,RUSTY JONES/TURF STABLE,20000,,2016-02-12,KENTUCKY,8,,DARBY DAN FARM AGENT,,
The Turf Showcase (2017),2017-09-10,28,C,EXCEED AND EXCEL (AUS),DOLDRUMS,BERNARDINI,TAYLOR MADE SALES AGENCY AGENT XX,NOT SOLD,92000,,2016-04-04,KENTUCKY,3,,TAYLOR MADE SALES AGENCY AGENT XX,,
The Turf Showcase (2017),2017-09-10,29,C,THE FACTOR,DOVIE,CORONADO'S QUEST,BLUEWATER SALES LLC AGENT XII,OUT,0,,2016-02-22,KENTUCKY,8,,BLUEWATER SALES LLC AGENT XII,,
The Turf Showcase (2017),2017-09-10,30,C,EXCHANGE RATE,DOWN,MR. GREELEY,TAYLOR MADE SALES AGENCY AGENT IV,FOX HILL FARM,107000,,2016-04-21,ONTARIO,2,,TAYLOR MADE SALES AGENCY AGENT IV,,
The Turf Showcase (2017),2017-09-10,31,F,DATA LINK,DRUIDESS,MALIBU MOON,CARA BLOODSTOCK (BERNARD MCCORMACK) AGENT I,CARLO TUCCI NICK GONZALEZ/AGT,35000,,2016-03-06,ONTARIO,3,,CARA BLOODSTOCK (BERNARD MCCORMACK) AGENT I,,
The Turf Showcase (2017),2017-09-10,32,C,EXCHANGE RATE,DYNARAMA,DYNAFORMER,EATON SALES AGENT,JAMES BREDIN AGT/DARRS INC.,110000,,2016-03-23,KENTUCKY,8,,EATON SALES AGENT,,
The Turf Showcase (2017),2017-09-10,33,C,REAL SOLUTION,EASY SLAM,GRAND SLAM,TAYLOR MADE SALES AGENCY AGENT XI,ZAYAT STABLES LLC,60000,,2016-04-14,KENTUCKY,,,TAYLOR MADE SALES AGENCY AGENT XI,,
The Turf Showcase (2017),2017-09-10,34,F,NOBLE MISSION (GB),EMPIRESS,EMPIRE MAKER,LEGACY BLOODSTOCK AGENT,NOT SOLD,24000,,2016-04-02,KENTUCKY,3,,LEGACY BLOODSTOCK AGENT,,
The Turf Showcase (2017),2017-09-10,35,C,JUSTIN PHILLIP,ESCAPE TO VICTORY (GB),SALSE,TAYLOR MADE SALES AGENCY AGENT XX,OUT,0,,2016-04-28,KENTUCKY,3,,TAYLOR MADE SALES AGENCY AGENT XX,,
The Turf Showcase (2017),2017-09-10,36,F,RUN AWAY AND HIDE,FIFTH AVENUE STYLE,HONOUR AND GLORY,DARBY DAN FARM AGENT,JONATHAN S THOMAS,18000,Y,2016-04-06,KENTUCKY,8,,DARBY DAN FARM AGENT,,
The Turf Showcase (2017),2017-09-10,37,F,ANIMAL KINGDOM,FINAL SENSE,STREET SENSE,VINERY SALES AGENT II,NOT SOLD,48000,,2016-03-27,KENTUCKY,2,,VINERY SALES AGENT II,,
The Turf Showcase (2017),2017-09-10,38,F,VERRAZANO,FORCE ONE (GB),DANSILI (GB),DARBY DAN FARM AGENT FOR FOREVER SPRING FARM LLC,NOT SOLD,23000,,2016-03-31,KENTUCKY,8,,DARBY DAN FARM AGENT FOR FOREVER SPRING FARM LLC,,
The Turf Showcase (2017),2017-09-10,39,F,MORE THAN READY,GARDEN IN THE RAIN (FR),DOLPHIN STREET (FR),DARBY DAN FARM AGENT,NOT SOLD,37000,,2016-02-05,KENTUCKY,8,,DARBY DAN FARM AGENT,,
The Turf Showcase (2017),2017-09-10,40,F,MAJESTIC WARRIOR,GARZACOUNTYQUEEN,HARLAN'S HOLIDAY,DARBY DAN FARM AGENT XIV,NOT SOLD,38000,,2016-03-13,KENTUCKY,8,,DARBY DAN FARM AGENT XIV,,
The Turf Showcase (2017),2017-09-10,41,C,TEMPLE CITY,GIANT REDWOOD,PLEASANT TAP,BILL MURPHY AGENT I,NICK GONZALEZ,10000,,2016-05-21,KENTUCKY,4,,BILL MURPHY AGENT I,,
The Turf Showcase (2017),2017-09-10,42,C,RUN AWAY AND HIDE,GIMMEAKISSEE,DOC'S LEADER,HURSTLAND FARM (ALFRED H. NUCKOLS JR.) AGENT,NOT SOLD,29000,,2016-04-09,KENTUCKY,1,,HURSTLAND FARM (ALFRED H. NUCKOLS JR.) AGENT,,
The Turf Showcase (2017),2017-09-10,43,C,KITTEN'S JOY,GINGER SWIRL,HARD SPUN,TAYLOR MADE SALES AGENCY AGENT XI,NOT SOLD,65000,,2016-04-09,KENTUCKY,2,,TAYLOR MADE SALES AGENCY AGENT XI,,
The Turf Showcase (2017),2017-09-10,44,F,DECLARATION OF WAR,GOLD D' MEDAGLIA,MEDAGLIA D'ORO,BLUEWATER SALES LLC AGENT XXVI,OUT,0,,2016-02-19,KENTUCKY,8,,BLUEWATER SALES LLC AGENT XXVI,,
The Turf Showcase (2017),2017-09-10,45,C,ELUSIVE QUALITY,GOLDEN FLAIR,MEDAGLIA D'ORO,SIERRA FARM,OUT,0,,2016-03-08,KENTUCKY,4,,SIERRA FARM,,
The Turf Showcase (2017),2017-09-10,46,C,ENGLISH CHANNEL,GOLD NECKLACE (IRE),GALILEO (IRE),DARBY DAN FARM AGENT,NOT SOLD,5000,,2016-04-21,KENTUCKY,8,,DARBY DAN FARM AGENT,,
The Turf Showcase (2017),2017-09-10,47,C,RAISON D'ETAT,GREENAPPLE MARTINI,MEDAGLIA D'ORO,BUCK POND FARM (DOUGLAS S. ARNOLD) AGENT,NOT SOLD,37000,,2016-01-21,KENTUCKY,3,,BUCK POND FARM (DOUGLAS S. ARNOLD) AGENT,,
The Turf Showcase (2017),2017-09-10,48,F,TEMPLE CITY,HALO DOLLY,POPULAR,VINERY SALES AGENT FOR SPENDTHRIFT FARM LLC,BRADLEY THOROUGHBREDS LLC AGT,55000,,2016-02-07,KENTUCKY,2,,VINERY SALES AGENT FOR SPENDTHRIFT FARM LLC,,
The Turf Showcase (2017),2017-09-10,49,F,DATA LINK,HAPPY FLIGHT,MAJESTIC WARRIOR,TAYLOR MADE SALES AGENCY AGENT VII,JACQUELINE SMITH/ FORREST HILLS FARM LLC,20000,,2016-02-10,KENTUCKY,2,,TAYLOR MADE SALES AGENCY AGENT VII,,
The Turf Showcase (2017),2017-09-10,50,C,SCAT DADDY,HARBINGEROFTHINGS,ROCKPORT HARBOR,VINERY SALES AGENT FOR SPENDTHRIFT FARM LLC,LOTHENBACH STABLES INC.,250000,,2016-05-08,KENTUCKY,2,,VINERY SALES AGENT FOR SPENDTHRIFT FARM LLC,,
The Turf Showcase (2017),2017-09-10,51,C,ENGLISH CHANNEL,HARD LESSON,DYNAFORMER,MJK BLOODSTOCK AGENT I,BRADLEY THOROUGHBREDS LLC AGT,20000,,2016-03-26,KENTUCKY,2,,MJK BLOODSTOCK AGENT I,,
The Turf Showcase (2017),2017-09-10,52,F,GHOSTZAPPER,HOLYANO,HOLY BULL,TAYLOR MADE SALES AGENCY AGENT XIII,NOT SOLD,145000,,2016-03-18,FLORIDA,2,,TAYLOR MADE SALES AGENCY AGENT XIII,,
The Turf Showcase (2017),2017-09-10,53,F,DECLARATION OF WAR,HURRICAN SOURCE (IRE),HURRICANE RUN (IRE),DARBY DAN FARM AGENT XV,NOT SOLD,19000,,2016-03-27,KENTUCKY,8,,DARBY DAN FARM AGENT XV,,
The Turf Showcase (2017),2017-09-10,54,C,KITTEN'S JOY,IMAGISTIC,DEPUTY MINISTER,TAYLOR MADE SALES AGENCY AGENT XII,BRADLEY THOROUGHBREDS LLC AGT,110000,,2016-03-26,KENTUCKY,2,,TAYLOR MADE SALES AGENCY AGENT XII,,
The Turf Showcase (2017),2017-09-10,55,C,DISTORTED HUMOR,IN BLOOM,DISCREET CAT,SCOTT MALLORY AGENT IV,NOT SOLD,270000,,2016-03-24,KENTUCKY,4,,SCOTT MALLORY AGENT IV,,
The Turf Showcase (2017),2017-09-10,56,C,KITTEN'S JOY,INDIAN SPELL,INDIAN CHARLIE,BRERETON C. JONES/AIRDRIE STUD INC. AGENT,NOT SOLD,300000,,2016-02-16,KENTUCKY,3,,BRERETON C. JONES/AIRDRIE STUD INC. AGENT,,
The Turf Showcase (2017),2017-09-10,57,F,BLAME,INDIAN VALLEY,CHEROKEE RUN,EATON SALES AGENT,GULFSTREAM GALLOP/KIRKWOODAGT,30000,,2016-05-01,KENTUCKY,8,,EATON SALES AGENT,,
The Turf Showcase (2017),2017-09-10,58,F,DECLARATION OF WAR,INDY PENDENCE,A.P. INDY,DARBY DAN FARM AGENT,NOT SOLD,24000,,2016-01-30,KENTUCKY,8,,DARBY DAN FARM AGENT,,
The Turf Showcase (2017),2017-09-10,59,F,MIZZEN MAST,INFANTA (IRE),CAPE CROSS (IRE),TAYLOR MADE SALES AGENCY AGENT II,NOT SOLD,30000,,2016-03-02,KENTUCKY,2,,TAYLOR MADE SALES AGENCY AGENT II,,
The Turf Showcase (2017),2017-09-10,60,C,NOBLE MISSION (GB),INVIGOR,MEDAGLIA D'ORO,PARAMOUNT SALES AGENT I,WILLIE BROWNE,100000,,2016-03-13,KENTUCKY,1,,PARAMOUNT SALES AGENT I,,
The Turf Showcase (2017),2017-09-10,61,C,MAGICIAN (IRE),IVORY MEADOW,MEADOWLAKE,MOREAU BLOODSTOCK INT'L INC.,BRENDAN HEENEY,25000,,2016-03-20,KENTUCKY,3,,MOREAU BLOODSTOCK INT'L INC.,,
The Turf Showcase (2017),2017-09-10,62,C,THE FACTOR,JANE'S THE NAME,TREMPOLINO,BLUEWATER SALES LLC AGENT XXVII,NOT SOLD,19000,,2016-04-26,KENTUCKY,8,,BLUEWATER SALES LLC AGENT XXVII,,
The Turf Showcase (2017),2017-09-10,63,F,ARCH,GOLDEN CAUSEWAY (GB),GIANT'S CAUSEWAY,PARAMOUNT SALES AGENT XIV,NOT SOLD,145000,,2016-02-20,KENTUCKY,1,,PARAMOUNT SALES AGENT XIV,,
The Turf Showcase (2017),2017-09-10,64,C,TEMPLE CITY,JIVIN',GRAND REWARD,LEGACY BLOODSTOCK AGENT,NOT SOLD,19000,,2016-04-10,KENTUCKY,3,,LEGACY BLOODSTOCK AGENT,,
The Turf Showcase (2017),2017-09-10,65,F,VERRAZANO,J J'S PATTERN,LANGFUHR,WOODFORD THOROUGHBREDS AGENT IV,RICHARD GUEST,10000,,2016-02-03,KENTUCKY,4,,WOODFORD THOROUGHBREDS AGENT IV,,
The Turf Showcase (2017),2017-09-10,66,F,VERRAZANO,JOSETTE (IRE),DANEHILL,JAMES B. KEOGH (GROVENDALE) AGENT,NOT SOLD,95000,,2016-03-04,KENTUCKY,1,,JAMES B. KEOGH (GROVENDALE) AGENT,,
The Turf Showcase (2017),2017-09-10,67,C,BLAME,JOYCE JENKINS,AFLEET ALEX,SOUTH POINT SALES AGENCY AGENT I,NOT SOLD,50000,,2016-02-13,ONTARIO,4,,SOUTH POINT SALES AGENCY AGENT I,,
The Turf Showcase (2017),2017-09-10,68,C,GIO PONTI,JULE ROYALE,JULES,HUNTER VALLEY FARM AGENT,OUT,0,,2016-02-15,FLORIDA,1,,HUNTER VALLEY FARM AGENT,,
The Turf Showcase (2017),2017-09-10,69,C,ENGLISH CHANNEL,JULIE'S LOVE (GB),AD VALOREM,MILL RIDGE SALES AGENT,NOT SOLD,5000,,2016-01-25,KENTUCKY,1,,MILL RIDGE SALES AGENT,,
The Turf Showcase (2017),2017-09-10,70,F,TEMPLE CITY,JUST A JINGLE,UNBRIDLED'S SONG,WARRENDALE SALES AGENT II,OUT,0,,2016-02-25,KENTUCKY,3,,WARRENDALE SALES AGENT II,,
The Turf Showcase (2017),2017-09-10,71,F,INCLUDE,KIKI CHACER,STORMELLO,BILL MURPHY AGENT I,JOHN SERVIS AGENT,60000,,2016-04-16,KENTUCKY,4,,BILL MURPHY AGENT I,,
The Turf Showcase (2017),2017-09-10,72,C,RED ROCKS (IRE),KITTEN'S KITTEN,KITTEN'S JOY,MJK BLOODSTOCK AGENT,TRI STAR RACING LLC,25000,,2016-03-11,KENTUCKY,2,,MJK BLOODSTOCK AGENT,,
The Turf Showcase (2017),2017-09-10,73,F,STORMY ATLANTIC,LADY GUISEPPINA (IRE),DUKE OF MARMALADE (IRE),ST GEORGE SALES AGENT II,EMARTH FARM,6000,,2016-04-02,KENTUCKY,4,,ST GEORGE SALES AGENT II,,
The Turf Showcase (2017),2017-09-10,74,C,ANIMAL KINGDOM,LADY OF AKITA,FANTASTIC LIGHT,RUNNYMEDE FARM INC. AGENT,DE MERIC STABLES AGENT,185000,,2016-04-05,KENTUCKY,1,,RUNNYMEDE FARM INC. AGENT,,
The Turf Showcase (2017),2017-09-10,75,C,TAPIZAR,LADY SIPHONICA,SIPHON (BRZ),LANTERN HILL FARM LLC AGENT II,CDM RACING / DOMINIC FINN,55000,,2016-03-31,KENTUCKY,3,,LANTERN HILL FARM LLC AGENT II,,
The Turf Showcase (2017),2017-09-10,76,F,STREET SENSE,LA RIGNANA,GALILEO (IRE),INDIAN CREEK AGENT,NOT SOLD,60000,,2016-04-21,KENTUCKY,3,,INDIAN CREEK AGENT,,
The Turf Showcase (2017),2017-09-10,77,C,EXCHANGE RATE,LASTROSEOFSUMMER (IRE),HAAFHD (GB),WOODFORD THOROUGHBREDS AGENT,NOT SOLD,65000,,2016-03-17,KENTUCKY,4,,WOODFORD THOROUGHBREDS AGENT,,
The Turf Showcase (2017),2017-09-10,78,C,SCAT DADDY,LAST SONG,UNBRIDLED'S SONG,BLUEWATER SALES LLC AGENT XX,TOM MCCROCKLIN AGENT SBS SALES,140000,,2016-02-27,KENTUCKY,8,,BLUEWATER SALES LLC AGENT XX,,
The Turf Showcase (2017),2017-09-10,79,F,TEMPLE CITY,LILY LUNA,SAARLAND,SCOTT MALLORY AGENT VI,NOT SOLD,11000,,2016-04-01,KENTUCKY,4,,SCOTT MALLORY AGENT VI,,
The Turf Showcase (2017),2017-09-10,80,C,RED ROCKS (IRE),LITTLE JOURNEY (FR),GREAT JOURNEY (JPN),PARAMOUNT SALES AGENT XII,NOT SOLD,5000,,2016-03-02,KENTUCKY,1,,PARAMOUNT SALES AGENT XII,,
The Turf Showcase (2017),2017-09-10,81,F,GIO PONTI,LOST QUARRY,ROCK HARD TEN,BLUEWATER SALES LLC AGENT XXIV,NOT SOLD,27000,,2016-03-29,KENTUCKY,8,,BLUEWATER SALES LLC AGENT XXIV,,
The Turf Showcase (2017),2017-09-10,82,F,TALE OF THE CAT,LOURE,A.P. INDY,PARAMOUNT SALES AGENT VII,NOT SOLD,55000,,2016-04-30,KENTUCKY,1,,PARAMOUNT SALES AGENT VII,,
The Turf Showcase (2017),2017-09-10,83,C,TIZWAY,LOVE TO SCORE,EVEN THE SCORE,BLUEWATER SALES LLC AGENT XXIV,NOT SOLD,22000,,2016-01-27,KENTUCKY,8,,BLUEWATER SALES LLC AGENT XXIV,,
The Turf Showcase (2017),2017-09-10,84,C,SCAT DADDY,LUVLY RITA,DANEHILL DANCER (IRE),TAYLOR MADE SALES AGENCY AGENT XIX,DE MERIC STABLES AGENT,250000,,2016-03-22,KENTUCKY,2,,TAYLOR MADE SALES AGENCY AGENT XIX,,
The Turf Showcase (2017),2017-09-10,85,C,SCAT DADDY,MADERA DANCER,RAHY,TAYLOR MADE SALES AGENCY AGENT VIII,HUNTER VALLEY FARM,200000,,2016-04-02,KENTUCKY,2,,TAYLOR MADE SALES AGENCY AGENT VIII,,
The Turf Showcase (2017),2017-09-10,86,C,NOBLE MISSION (GB),MAHKAMA,BERNARDINI,TAYLOR MADE SALES AGENCY AGENT XVI,GULFSTREAM GALLOP/KIRKWOODAGT,27000,Y,2016-01-31,PENNSYLVANIA,2,,TAYLOR MADE SALES AGENCY AGENT XVI,,
The Turf Showcase (2017),2017-09-10,87,F,CANDY RIDE (ARG),MARYFIELD,ELUSIVE QUALITY,BLUEWATER SALES LLC AGENT XX,OUT,0,,2016-03-04,KENTUCKY,8,,BLUEWATER SALES LLC AGENT XX,,
The Turf Showcase (2017),2017-09-10,88,F,ELUSIVE QUALITY,MAKE WAVES,MACHO UNO,MORGAN'S FORD FARM,OUT,0,,2016-04-08,VIRGINIA,1,,MORGAN'S FORD FARM,,
The Turf Showcase (2017),2017-09-10,89,C,DATA LINK,MALAYSIA (GB),QUIET AMERICAN,FOUR STAR SALES AGENT,NOT SOLD,47000,,2016-05-10,INDIANA,4,,FOUR STAR SALES AGENT,,
The Turf Showcase (2017),2017-09-10,90,F,DECLARATION OF WAR,MARWOOD,MARLIN,SOUTH POINT SALES AGENCY AGENT I,OUT,0,,2016-03-27,ONTARIO,4,,SOUTH POINT SALES AGENCY AGENT I,,
The Turf Showcase (2017),2017-09-10,91,F,MORE THAN READY,MAUDE S,JUMP START,HUNTER VALLEY FARM AGENT,NOT SOLD,72000,,2016-01-26,KENTUCKY,1,,HUNTER VALLEY FARM AGENT,,
The Turf Showcase (2017),2017-09-10,92,C,MEDAGLIA D'ORO,BOAT'S GHOST,SILVER GHOST,TAYLOR MADE SALES AGENCY AGENT FOR ALASTAR THOROUGHBRED COMPANY LLC,NOT SOLD,275000,,2016-03-16,KENTUCKY,2,,TAYLOR MADE SALES AGENCY AGENT FOR ALASTAR THOROUGHBRED COMPANY LLC,,
The Turf Showcase (2017),2017-09-10,93,C,NOBLE MISSION (GB),MAXINE'S HYMN,SEEKING THE GOLD,PARAMOUNT SALES AGENT IX,OUT,0,,2016-02-26,KENTUCKY,1,,PARAMOUNT SALES AGENT IX,,
The Turf Showcase (2017),2017-09-10,94,C,MORE THAN READY,MAXXI ARTE (IRE),DANEHILL DANCER (IRE),TAYLOR MADE SALES AGENCY AGENT VIII,OUT,0,,2016-04-16,KENTUCKY,2,,TAYLOR MADE SALES AGENCY AGENT VIII,,
The Turf Showcase (2017),2017-09-10,95,C,NOBLE MISSION (GB),MAYORESS (GB),MACHIAVELLIAN,TAYLOR MADE SALES AGENCY AGENT XV,J S COMPANY LTD,150000,,2016-04-15,KENTUCKY,2,,TAYLOR MADE SALES AGENCY AGENT XV,,
The Turf Showcase (2017),2017-09-10,96,F,ANIMAL KINGDOM,MAZZY (ARG),GIANT'S CAUSEWAY,BLUEWATER SALES LLC AGENT XII,TOM MCCROCKLIN AGENT SBS SALES,50000,,2016-04-12,KENTUCKY,8,,BLUEWATER SALES LLC AGENT XII,,
The Turf Showcase (2017),2017-09-10,97,F,GIO PONTI,MISS PROSODY,DIXIE UNION,GAULSTOWN STUD LLC AGENT,NOT SOLD,19000,,2016-02-14,KENTUCKY,3,,GAULSTOWN STUD LLC AGENT,,
The Turf Showcase (2017),2017-09-10,98,F,SCAT DADDY,MISS SHANGAI,SONGANDAPRAYER,WARRENDALE SALES AGENT I,NOT SOLD,120000,,2016-03-07,KENTUCKY,3,,WARRENDALE SALES AGENT I,,
The Turf Showcase (2017),2017-09-10,99,F,BLAME,MIZ TOPGALLANT,MIZZEN MAST,INDIAN CREEK AGENT,OUT,0,,2016-04-30,KENTUCKY,3,,INDIAN CREEK AGENT,,
The Turf Showcase (2017),2017-09-10,100,C,ARTIE SCHILLER,NELLIE BLY,CONGRATS,SIERRA FARM,CAROLYN FRIEDBERG/KIRKWOODAGT,40000,,2016-01-19,KENTUCKY,4,,SIERRA FARM,,
The Turf Showcase (2017),2017-09-10,101,F,WAR FRONT,ON PARADE,STORM CAT,JAMES B. KEOGH (GROVENDALE) AGENT,NOT SOLD,375000,,2016-01-29,KENTUCKY,1,,JAMES B. KEOGH (GROVENDALE) AGENT,,
The Turf Showcase (2017),2017-09-10,102,F,ELUSIVE QUALITY,OUR DRAMA QUEEN (IRE),DANEHILL DANCER (IRE),TAYLOR MADE SALES AGENCY AGENT XIX,NOT SOLD,30000,,2016-04-13,KENTUCKY,2,,TAYLOR MADE SALES AGENCY AGENT XIX,,
The Turf Showcase (2017),2017-09-10,103,F,TEMPLE CITY,OUR MATILDA,WOODMAN,BONA TERRA STUD LLC AGENT,NOT SOLD,48000,,2016-02-21,KENTUCKY,4,,BONA TERRA STUD LLC AGENT,,
The Turf Showcase (2017),2017-09-10,104,C,THE FACTOR,OUR REPUBLIC,TAPIT,VINERY SALES AGENT,NOT SOLD,5000,,2016-01-26,KENTUCKY,2,,VINERY SALES AGENT,,
The Turf Showcase (2017),2017-09-10,105,F,THE FACTOR,OVERRATED,SMART STRIKE,TAYLOR MADE SALES AGENCY AGENT XV,OUT,0,,2016-05-12,KENTUCKY,2,,TAYLOR MADE SALES AGENCY AGENT XV,,
The Turf Showcase (2017),2017-09-10,106,C,TEMPLE CITY,OVERSEEN,FIRST DEFENCE,HUNTER VALLEY FARM AGENT,CAPITAL SYSTEM CO LTD,75000,,2016-02-24,KENTUCKY,1,,HUNTER VALLEY FARM AGENT,,
The Turf Showcase (2017),2017-09-10,107,C,RED ROCKS (IRE),PORSPODER (IRE),DALAKHANI (IRE),FOUR STAR SALES AGENT,CAROLYN FRIEDBERG/KIRKWOODAGT,15000,,2016-03-12,KENTUCKY,4,,FOUR STAR SALES AGENT,,
The Turf Showcase (2017),2017-09-10,108,C,MAGICIAN (IRE),PREVENTION,APTITUDE,PARAMOUNT SALES AGENT XI,OUT,0,,2016-02-05,KENTUCKY,1,,PARAMOUNT SALES AGENT XI,,
The Turf Showcase (2017),2017-09-10,109,C,GIO PONTI,PROMULGATION,STREET CRY (IRE),HUNTER VALLEY FARM AGENT,CHAD SCHUMER AGENT,6000,,2016-03-02,KENTUCKY,1,,HUNTER VALLEY FARM AGENT,,
The Turf Showcase (2017),2017-09-10,110,C,DIVINE PARK,QUALITY INCLUDED,INCLUDE,BRERETON C. JONES/AIRDRIE STUD INC. AGENT,GODOLPHIN LTD,150000,,2016-02-27,KENTUCKY,3,,BRERETON C. JONES/AIRDRIE STUD INC. AGENT,,
The Turf Showcase (2017),2017-09-10,111,F,DOMINUS,QUE BELLE,SEATTLE DANCER,VINERY SALES AGENT FOR SPENDTHRIFT FARM LLC,OUT,0,,2016-04-26,KENTUCKY,2,,VINERY SALES AGENT FOR SPENDTHRIFT FARM LLC,,
The Turf Showcase (2017),2017-09-10,112,C,MEDAGLIA D'ORO,QUEEN OF DENMARK,KINGMAMBO,BROOKDALE SALES AGENT,RABBAH BLOODSTOCK LLC,50000,,2016-02-05,KENTUCKY,1,,BROOKDALE SALES AGENT,,
The Turf Showcase (2017),2017-09-10,113,C,REAL SOLUTION,QUEEN'S CAUSEWAY,GIANT'S CAUSEWAY,TAYLOR MADE SALES AGENCY AGENT XI,DALE ROMANS AGENT,95000,,2016-04-29,KENTUCKY,2,,TAYLOR MADE SALES AGENCY AGENT XI,,
The Turf Showcase (2017),2017-09-10,114,F,DATA LINK,RAHFEES FAIRY,PERFECT SOUL (IRE),SHAWHAN PLACE LLC AGENT I,GULFSTREAM GALLOP/KIRKWOODAGT,30000,,2016-05-15,LOUISIANA,4,,SHAWHAN PLACE LLC AGENT I,,
The Turf Showcase (2017),2017-09-10,115,F,RED ROCKS (IRE),RANSOM THE KITTEN,KITTEN'S JOY,MILL RIDGE SALES AGENT,NOT SOLD,5000,,2016-02-12,KENTUCKY,1,,MILL RIDGE SALES AGENT,,
The Turf Showcase (2017),2017-09-10,116,C,DECLARATION OF WAR,ROYAL OPPORTUNITY,KINGMAMBO,DARBY DAN FARM AGENT,NOT SOLD,5000,,2016-04-18,NEW YORK,8,,DARBY DAN FARM AGENT,,
The Turf Showcase (2017),2017-09-10,117,F,MORE THAN READY,SALLY BOWLES (SAF),LONDON NEWS (SAF),TAYLOR MADE SALES AGENCY AGENT FOR STONESTREET BRED & RAISED,NOT SOLD,92000,,2016-04-25,KENTUCKY,2,,TAYLOR MADE SALES AGENCY AGENT FOR STONESTREET BRED & RAISED,,
The Turf Showcase (2017),2017-09-10,118,F,NOBLE MISSION (GB),SAMURAI'S HONOR,FIRST SAMURAI,MARSHALL W. SILVERMAN AGENT,NOT SOLD,20000,,2016-03-23,KENTUCKY,3,,MARSHALL W. SILVERMAN AGENT,,
The Turf Showcase (2017),2017-09-10,119,C,NOBLE MISSION (GB),SANDSARITA,STREET BOSS,TAYLOR MADE SALES AGENCY AGENT X,NOT SOLD,23000,,2016-01-22,KENTUCKY,2,,TAYLOR MADE SALES AGENCY AGENT X,,
The Turf Showcase (2017),2017-09-10,120,F,DECLARATION OF WAR,SAYEDAH (IRE),DARSHAAN (GB),EATON SALES AGENT,NOT SOLD,18000,,2016-03-18,KENTUCKY,8,,EATON SALES AGENT,,
The Turf Showcase (2017),2017-09-10,121,C,ELUSIVE QUALITY,SEEKING SHEBA,SEEKING THE GOLD,FOUR STAR SALES AGENT,NOT SOLD,5000,,2016-02-27,KENTUCKY,4,,FOUR STAR SALES AGENT,,
The Turf Showcase (2017),2017-09-10,122,F,TEMPLE CITY,SHAMOISELLE,DONERAILE COURT,DARBY DAN FARM AGENT VII,NOT SOLD,19000,,2016-02-01,KENTUCKY,8,,DARBY DAN FARM AGENT VII,,
The Turf Showcase (2017),2017-09-10,123,C,NOBLE MISSION (GB),SHARED HOPE,GONE WEST,TIMBER TOWN (MR. & MRS. T. WAYNE SWEEZEY) AGENT FOR R. S. EVANS,OUT,0,,2016-04-10,KENTUCKY,3,,TIMBER TOWN (MR. & MRS. T. WAYNE SWEEZEY) AGENT FOR R. S. EVANS,,
The Turf Showcase (2017),2017-09-10,124,C,TEMPLE CITY,SKYMYNX,SKY MESA,EQUUS FARM (JERRY CUMMINS/PAUL ADAMS ) AGENT,NOT SOLD,18000,,2016-02-10,KENTUCKY,3,,EQUUS FARM (JERRY CUMMINS/PAUL ADAMS ) AGENT,,
The Turf Showcase (2017),2017-09-10,125,C,DECLARATION OF WAR,SHEHADMEFROMHELLO,EMPIRE MAKER,BLUEWATER SALES LLC AGENT II,NOT SOLD,170000,,2016-02-23,KENTUCKY,8,,BLUEWATER SALES LLC AGENT II,,
The Turf Showcase (2017),2017-09-10,126,F,MIZZEN MAST,SILIMISS (GB),DANSILI (GB),FOUR STAR SALES AGENT,JAMES BREDIN AGT/DARRS INC.,32000,,2016-03-09,KENTUCKY,4,,FOUR STAR SALES AGENT,,
The Turf Showcase (2017),2017-09-10,127,F,MAGICIAN (IRE),SISHEBA,SILENT NAME (JPN),TAYLOR MADE SALES AGENCY AGENT XVII,BIG RED FARM,35000,,2016-03-09,KENTUCKY,2,,TAYLOR MADE SALES AGENCY AGENT XVII,,
The Turf Showcase (2017),2017-09-10,128,C,DATA LINK,SKY FRAULEIN,SKY MESA,VINERY SALES AGENT FOR RHINESHIRE FARM LLC,NOT SOLD,14000,,2016-02-25,KENTUCKY,2,,VINERY SALES AGENT FOR RHINESHIRE FARM LLC,,
The Turf Showcase (2017),2017-09-10,129,F,ANIMAL KINGDOM,SKY SONG (IRE),SADLER'S WELLS,BROOKDALE SALES AGENT,MCCAULEY FARM,32000,,2016-05-16,KENTUCKY,1,,BROOKDALE SALES AGENT,,
The Turf Showcase (2017),2017-09-10,130,C,DISTORTED HUMOR,SLEEPYTIME (IRE),ROYAL ACADEMY,TAYLOR MADE SALES AGENCY AGENT XXV,LOTHENBACH STABLES INC.,90000,,2016-03-31,KENTUCKY,2,,TAYLOR MADE SALES AGENCY AGENT XXV,,
The Turf Showcase (2017),2017-09-10,131,F,MUSKETIER (GER),SOUL OF NATAKA,PERFECT SOUL (IRE),EATON SALES AGENT,KYLE WILLIAMS,5000,,2016-02-29,KENTUCKY,8,,EATON SALES AGENT,,
The Turf Showcase (2017),2017-09-10,132,F,EXCHANGE RATE,SPIDER DUST,BROKEN VOW,TAYLOR MADE SALES AGENCY AGENT I,QUARTER POLE ENTERPRISES LLC,50000,,2016-02-06,ONTARIO,2,,TAYLOR MADE SALES AGENCY AGENT I,,
The Turf Showcase (2017),2017-09-10,133,F,DECLARATION OF WAR,SPRING BLOSSOM,A.P. INDY,MILL RIDGE SALES AGENT,NOT SOLD,5000,,2016-01-30,KENTUCKY,1,,MILL RIDGE SALES AGENT,,
The Turf Showcase (2017),2017-09-10,134,F,FIRST SAMURAI,STARLITE STARBRITE,MUTAKDDIM,SHAWHAN PLACE LLC AGENT,NOT SOLD,18000,,2016-02-04,KENTUCKY,4,,SHAWHAN PLACE LLC AGENT,,
The Turf Showcase (2017),2017-09-10,135,F,DECLARATION OF WAR,STELLABYMOONLIGHT,MALIBU MOON,ROMANS RACING & SALES AGENT,MERCER BLOODSTOCK,62000,,2016-02-28,KENTUCKY,2,,ROMANS RACING & SALES AGENT,,
The Turf Showcase (2017),2017-09-10,136,F,SOLDAT,STORM MESA,SKY MESA,WOODFORD THOROUGHBREDS AGENT,NOT SOLD,27000,,2016-02-26,FLORIDA,4,,WOODFORD THOROUGHBREDS AGENT,,
The Turf Showcase (2017),2017-09-10,137,F,NOBLE MISSION (GB),STRIKING EXAMPLE,EMPIRE MAKER,VINERY SALES AGENT,NOT SOLD,5000,,2016-02-22,KENTUCKY,2,,VINERY SALES AGENT,,
The Turf Showcase (2017),2017-09-10,138,F,TEMPLE CITY,SUSTAIN,VINDICATION,BROOKDALE SALES AGENT FOR MINEOLA FARM,NOT SOLD,27000,,2016-03-04,KENTUCKY,1,,BROOKDALE SALES AGENT FOR MINEOLA FARM,,
The Turf Showcase (2017),2017-09-10,139,F,KITTEN'S JOY,SWIFT SWORD,WAR FRONT,TAYLOR MADE SALES AGENCY AGENT XI,OUT,0,,2016-04-23,KENTUCKY,2,,TAYLOR MADE SALES AGENCY AGENT XI,,
The Turf Showcase (2017),2017-09-10,140,F,TEMPLE CITY,TAP'N TANGO,ELUSIVE QUALITY,BLAKE-ALBINA THOROUGHBRED SERVICES LLC AGENT,OUT,0,,2016-02-13,KENTUCKY,4,,BLAKE-ALBINA THOROUGHBRED SERVICES LLC AGENT,,
The Turf Showcase (2017),2017-09-10,141,C,TEMPLE CITY,THROUGH THE CLOUDS,SKY MESA,TAYLOR MADE SALES AGENCY AGENT III,NOT SOLD,11000,,2016-01-31,LOUISIANA,2,,TAYLOR MADE SALES AGENCY AGENT III,,
The Turf Showcase (2017),2017-09-10,142,C,ANIMAL KINGDOM,TOUT CHARMANT,SLEWVESCENT,TAYLOR MADE SALES AGENCY AGENT XVIII,OUT,0,,2016-02-28,KENTUCKY,2,,TAYLOR MADE SALES AGENCY AGENT XVIII,,
The Turf Showcase (2017),2017-09-10,143,C,TEMPLE CITY,TRAVEL PLANS,NOTEBOOK,EQUUS FARM (JERRY CUMMINS/PAUL ADAMS) AGENT II,CHAD SCHUMER AGENT,18000,Y,2016-05-29,KENTUCKY,3,,EQUUS FARM (JERRY CUMMINS/PAUL ADAMS) AGENT II,,
The Turf Showcase (2017),2017-09-10,144,C,VERRAZANO,TRISHAS EVEN,EVEN THE SCORE,CHILLY BLEAK FARM,PIKE RACING AGENT,80000,,2016-05-07,VIRGINIA,3,,CHILLY BLEAK FARM,,
The Turf Showcase (2017),2017-09-10,145,C,DISCREET CAT,TRULY BLUSHED,YES IT'S TRUE,PARAMOUNT SALES AGENT IV,M ROY,35000,,2016-02-23,KENTUCKY,1,,PARAMOUNT SALES AGENT IV,,
The Turf Showcase (2017),2017-09-10,146,F,TEMPLE CITY,TURTLE RIVER,EMPIRE MAKER,RUNNYMEDE FARM INC. AGENT,CLANCY BLOODSTOCK,25000,Y,2016-04-03,KENTUCKY,1,,RUNNYMEDE FARM INC. AGENT,,
The Turf Showcase (2017),2017-09-10,148,C,MAGICIAN (IRE),TWEEDY (IRE),OASIS DREAM (GB),MILL RIDGE SALES AGENT FOR JAMES A. & JANE N. FRASER,NOT SOLD,17000,,2016-02-25,OHIO,1,,MILL RIDGE SALES AGENT FOR JAMES A. & JANE N. FRASER,,
The Turf Showcase (2017),2017-09-10,149,C,NOBLE MISSION (GB),TWO HARBORS,PULPIT,ST GEORGE SALES AGENT I,J S COMPANY LTD,90000,,2016-03-09,KENTUCKY,4,,ST GEORGE SALES AGENT I,,
The Turf Showcase (2017),2017-09-10,150,C,GIO PONTI,VAPOUR MUSING (GB),MANDURO (GER),PARAMOUNT SALES AGENT VIII,NOT SOLD,25000,,2016-02-06,NEW YORK,1,,PARAMOUNT SALES AGENT VIII,,
The Turf Showcase (2017),2017-09-10,151,F,EXCHANGE RATE,VESPER CAT,MOUNTAIN CAT,SKARA BRAE STABLES AGENT,CROMWELL BLOODSTOCK,100000,,2016-05-08,KENTUCKY,4,,SKARA BRAE STABLES AGENT,,
The Turf Showcase (2017),2017-09-10,152,F,WAR COMMAND,VISIT COPENHAGEN,SPEIGHTSTOWN,HUNTER VALLEY FARM AGENT,ZAYAT STABLES LLC,75000,,2016-03-30,KENTUCKY,1,,HUNTER VALLEY FARM AGENT,,
The Turf Showcase (2017),2017-09-10,153,C,DATA LINK,WALLSTREETER,STREET CRY (IRE),TAYLOR MADE SALES AGENCY AGENT XV,NICK GONZALEZ,6000,,2016-03-19,KENTUCKY,2,,TAYLOR MADE SALES AGENCY AGENT XV,,
The Turf Showcase (2017),2017-09-10,154,C,DECLARATION OF WAR,WICKED TEMPER,TAPIT,EATON SALES AGENT,CAPITAL SYSTEM CO LTD,130000,,2016-02-22,KENTUCKY,8,,EATON SALES AGENT,,
The Turf Showcase (2017),2017-09-10,155,F,ENGLISH CHANNEL,WILLIAMS BAY,KITTEN'S JOY,WOODFORD THOROUGHBREDS AGENT,TERRY HAMILTON,25000,,2016-01-31,KENTUCKY,4,,WOODFORD THOROUGHBREDS AGENT,,
The Turf Showcase (2017),2017-09-10,156,F,ARCHARCHARCH,W W OLD SCHOOL,ROYAL ACADEMY,PARAMOUNT SALES AGENT V,OUT,0,,2016-02-26,KENTUCKY,1,,PARAMOUNT SALES AGENT V,,
The Turf Showcase (2017),2017-09-10,157,F,STORMY ATLANTIC,WYNNING IS SWEET,CANDY RIDE (ARG),BLUEWATER SALES LLC AGENT III,OUT,0,,2016-02-11,KENTUCKY,8,,BLUEWATER SALES LLC AGENT III,,
The Turf Showcase (2017),2017-09-10,158,C,FLAT OUT,ABOLINNA,KING OF KINGS (IRE),BONA TERRA STUD LLC AGENT,NOT SOLD,17000,,2016-03-30,KENTUCKY,4,,BONA TERRA STUD LLC AGENT,,
The Turf Showcase (2017),2017-09-10,159,C,MAGICIAN (IRE),ALYSSA'S DREAM,WISEMAN'S FERRY,HUNTER VALLEY FARM AGENT,NOT SOLD,45000,,2016-02-05,KENTUCKY,1,,HUNTER VALLEY FARM AGENT,,
The Turf Showcase (2017),2017-09-10,160,F,THE FACTOR,AMOR DE PALACIO,CASHEL CASTLE,BLUEWATER SALES LLC AGENT XX,BRADLEY THOROUGHBREDS & GEORGE BOLTON,70000,,2016-04-28,KENTUCKY,8,,BLUEWATER SALES LLC AGENT XX,,
The Turf Showcase (2017),2017-09-10,161,F,MIZZEN MAST,ANNATLANTIC,STORMY ATLANTIC,PARAMOUNT SALES AGENT II,NOT SOLD,9000,,2016-02-15,KENTUCKY,1,,PARAMOUNT SALES AGENT II,,
The Turf Showcase (2017),2017-09-10,162,F,TEMPLE CITY,ANNIE'S APPLE,SHAWKLIT WON,WOODFORD THOROUGHBREDS AGENT,BROWNWOOD FARM,14000,,2016-05-22,KENTUCKY,4,,WOODFORD THOROUGHBREDS AGENT,,
The Turf Showcase (2017),2017-09-10,163,C,LEMON DROP KID,ANNIHILATION,NORTHERN AFLEET,CLARKLAND FARM AGENT,RUIS RACING LLC,87000,,2016-02-21,KENTUCKY,3,,CLARKLAND FARM AGENT,,
The Turf Showcase (2017),2017-09-10,164,C,KITTEN'S JOY,ANURA (IRE),GIANT'S CAUSEWAY,TAYLOR MADE SALES AGENCY AGENT XI,TOM MCCROCKLIN AGENT,50000,,2016-03-28,KENTUCKY,2,,TAYLOR MADE SALES AGENCY AGENT XI,,
The Turf Showcase (2017),2017-09-10,165,F,MUSKETIER (GER),ARAKSIA,LANGFUHR,FOUR STAR SALES AGENT,NOT SOLD,5000,,2016-04-05,KENTUCKY,4,,FOUR STAR SALES AGENT,,
The Turf Showcase (2017),2017-09-10,166,C,SOLDAT,ARDARA,ARCH,WOODFORD THOROUGHBREDS AGENT,TOM MOULEY AGENT,40000,,2016-02-07,FLORIDA,4,,WOODFORD THOROUGHBREDS AGENT,,
The Turf Showcase (2017),2017-09-10,167,C,MAGICIAN (IRE),ARGENTINA,STORM CAT,VINERY SALES AGENT FOR LEGEND LAND FARM,NOT SOLD,20000,,2016-06-01,NEW YORK,2,,VINERY SALES AGENT FOR LEGEND LAND FARM,,
The Turf Showcase (2017),2017-09-10,168,C,MALIBU MOON,ARTICLE RARE,EL PRADO (IRE),DARBY DAN FARM AGENT,MICHAEL C STINSON T. MCGREEVY AGENT,200000,,2016-03-29,KENTUCKY,8,,DARBY DAN FARM AGENT,,
The Turf Showcase (2017),2017-09-10,169,C,POINT OF ENTRY,ASPEN WHISPER,MR. GREELEY,LANTERN HILL FARM LLC AGENT I,NOT SOLD,44000,,2016-04-21,KENTUCKY,3,,LANTERN HILL FARM LLC AGENT I,,
The Turf Showcase (2017),2017-09-10,170,F,DECLARATION OF WAR,AUTUMN ASH,TAPIT,ROMANS RACING & SALES AGENT,OUT,0,,2016-04-22,KENTUCKY,2,,ROMANS RACING & SALES AGENT,,
The Turf Showcase (2017),2017-09-10,171,F,NOBLE MISSION (GB),AVARICITY,CARSON CITY,RUNNYMEDE FARM INC. AGENT,TOM MCCROCKLIN AGENT,75000,,2016-01-24,KENTUCKY,1,,RUNNYMEDE FARM INC. AGENT,,
