SALE TITLE,SESSION,HIP,COLOR,SEX,SIRE,DAM,SIRE OF DAM,PROPERTY LINE,PURCHASER,PRICE,PRIVATE SALE,YEAR OF BIRTH,FOALED,BARN,COVER DATE,SOLD AS DESCRIPTION,VIRTUAL INSPECTION
The Saratoga Sale (2019),2019-08-05,1,DKB,F,EXAGGERATOR,FASHION CAT,FOREST WILDCAT,ROYAL BLOODSTOCK SALES LLC AGENT,GARY CONTESSA AGENT,275000,,01/28/2018,KENTUCKY,4,,,
The Saratoga Sale (2019),2019-08-05,3,GRR,C,FLATTER,FERGIE'S FOLLY,DOWN THE AISLE,TAYLOR MADE SALES AGENCY AGENT LXXXVI,AL PIKE AGENT,175000,Y,03/10/2018,KENTUCKY,7A-B,,,http://tmsaecatalog.com/19FTSARA/98/hip/3
The Saratoga Sale (2019),2019-08-05,4,DKB,F,MINESHAFT,FINAL REDEMPTION,HARD SPUN,OLD CHAPEL FARM (ANDREW MOTION),NOT SOLD,145000,,03/04/2018,KENTUCKY,8,,,
The Saratoga Sale (2019),2019-08-05,5,B,F,EMPIRE MAKER,FLATBOW,BROKEN VOW,WOODFORD THOROUGHBREDS AGENT,ECLIPSE THOROUGHBRED PARTNERS,410000,,02/10/2018,KENTUCKY,8,,,https://vimeo.com/350603455/d72feb2509
The Saratoga Sale (2019),2019-08-05,6,CH,C,NYQUIST,FLAT SCREEN,PULPIT,BACCARI BLOODSTOCK LLC AGENT IV,HARTLEY-DERENZO,300000,Y,04/24/2018,KENTUCKY,2,,,
The Saratoga Sale (2019),2019-08-05,7,DKB,C,FROSTED,FLIRTING WITH FATE,SAINT BALLADO,SUMMERFIELD (FRANCIS & BARBARA VANLANGENDONCK) AGENT,SPENDTHRIFT FARM LLC,500000,,02/21/2018,FLORIDA,3,,,http://www.thorostride.com/sales/fasig-tipton-saratoga-2019-hip-7
The Saratoga Sale (2019),2019-08-05,8,DKB,F,NYQUIST,FOXY DANSEUR,MR. GREELEY,TAYLOR MADE SALES AGENCY AGENT LXXIV,ALEX & JO ANN LIEBLONG,400000,,02/09/2018,KENTUCKY,7A-B,,,http://tmsaecatalog.com/19FTSARA/98/hip/8
The Saratoga Sale (2019),2019-08-05,10,CH,F,NYQUIST,FROZEN TREAT,DYNAFORMER,TAYLOR MADE SALES AGENCY AGENT LI,STEVE CARR,300000,,04/03/2018,KENTUCKY,7A-B,,,http://tmsaecatalog.com/19FTSARA/98/hip/10
The Saratoga Sale (2019),2019-08-05,11,DKB,C,TONALIST,GOLD GLIMMER,SMART STRIKE,BUCK POND FARM (DOUGLAS S. ARNOLD) AGENT,OUT,0,,02/28/2018,KENTUCKY,3,,,
The Saratoga Sale (2019),2019-08-05,12,DKB,C,HARD SPUN,GOLDILOCKS' CAT,SEEKING THE GOLD,EATON SALES AGENT,NOT SOLD,185000,,01/28/2018,KENTUCKY,9,,,http://www.thorostride.com/sales/fasig-tipton-saratoga-2019-hip-12
The Saratoga Sale (2019),2019-08-05,13,DKB,F,MEDAGLIA D'ORO,GOODBYE STRANGER,BROAD BRUSH,TAYLOR MADE SALES AGENCY AGENT LXXXIII,MIKE RYAN AGENT,450000,,01/23/2018,PENNSYLVANIA,7A-B,,,http://tmsaecatalog.com/19FTSARA/98/hip/13
The Saratoga Sale (2019),2019-08-05,14,B,F,VIOLENCE,GOOSE LEMON DROP,ELUSIVE QUALITY,TAYLOR MADE SALES AGENCY AGENT FOR TOWN & COUNTRY HORSE FARMS LLC,OUT,0,,03/02/2018,KENTUCKY,7A-B,,,
The Saratoga Sale (2019),2019-08-05,15,CH,F,AIR FORCE BLUE,GUIDE,PULPIT,HUNTER VALLEY FARM AGENT,NICK ZITO AGENT,100000,,03/18/2018,KENTUCKY,1,,,
The Saratoga Sale (2019),2019-08-05,16,DKB,F,AIR FORCE BLUE,GYPSY SAGE,HENNESSY,EATON SALES AGENT,DJ STABLE LLC,200000,,02/03/2018,KENTUCKY,9,,,http://www.thorostride.com/sales/fasig-tipton-saratoga-2019-hip-16
The Saratoga Sale (2019),2019-08-05,17,B,C,UNCLE MO,HAYSEE,ORIENTATE,DENALI STUD AGENT II,OUT,0,,03/05/2018,KENTUCKY,7A,,,
The Saratoga Sale (2019),2019-08-05,18,B,F,OUTWORK,HELLO MAGGIE MAY,LEMON DROP KID,VINERY SALES AGENT FOR WELLSPRING STABLES LLC,COFFEE POT STABLES,175000,,02/04/2018,KENTUCKY,3,,,
The Saratoga Sale (2019),2019-08-05,19,B,F,FROSTED,HERE TO STAY,EMPIRE MAKER,VANMETER GENTRY SALES AGENT V,SPARTAN BLOODSTOCK,160000,,04/05/2018,KENTUCKY,7C,,,
The Saratoga Sale (2019),2019-08-05,20,DKB,C,MINESHAFT,HEWLETT BAY,AFLEET ALEX,BALLYSAX BLOODSTOCK AGENT III,OUT,0,,04/04/2018,KENTUCKY,8,,,
The Saratoga Sale (2019),2019-08-05,21,GRR,F,EXAGGERATOR,HIGHER WORLD,PEAKS AND VALLEYS,CARA BLOODSTOCK AGENT FOR CHARLES HAYDEN,NOT SOLD,95000,,02/17/2018,ONTARIO,2,,,
The Saratoga Sale (2019),2019-08-05,22,B,F,ZOFFANY (IRE),HOLD ME NOW,BERNSTEIN,FOUR STAR SALES AGENT,BACON BARN,250000,,04/10/2018,IRE,4,,,
The Saratoga Sale (2019),2019-08-05,23,DKB,C,NYQUIST,HOT WATER,MEDAGLIA D'ORO,BLUEWATER SALES LLC AGENT XVII,SOLIS/LITT,400000,,02/26/2018,KENTUCKY,4,,,http://www.thorostride.com/sales/fasig-tipton-saratoga-2019-hip-23
The Saratoga Sale (2019),2019-08-05,24,GRR,F,FROSTED,INDIA,HENNESSY,LANE'S END AGENT,MIKE RYAN AGENT,575000,,05/04/2018,KENTUCKY,7C,,,
The Saratoga Sale (2019),2019-08-05,25,GRR,F,LIAM'S MAP,INDIAN BURN,INDIAN CHARLIE,LITTLE'S BLOODSTOCK LLC AGENT I,OUT,0,,01/28/2018,KENTUCKY,10,,,
The Saratoga Sale (2019),2019-08-05,26,GRR,F,FROSTED,INDULGENCE,MACHO UNO,BLUEGRASS THOROUGHBRED SERVICES INC. (SANDY STUART) AGENT,NOT SOLD,95000,,04/07/2018,KENTUCKY,6,,,
The Saratoga Sale (2019),2019-08-05,27,CH,F,CARPE DIEM,INDY PUNCH,PULLING PUNCHES,BLAKE-ALBINA THOROUGHBRED SERVICES LLC AGENT I,SOLIS/LITT,250000,,01/29/2018,KENTUCKY,10,,,
The Saratoga Sale (2019),2019-08-05,28,B,C,UNION RAGS,IRISH JASPER,FIRST DEFENCE,LANE'S END AGENT,WHITE BIRCH FARM INC,375000,,02/07/2018,KENTUCKY,7C,,,
The Saratoga Sale (2019),2019-08-05,29,B,F,UNCLE MO,IRISH PRESENCE,MIDNIGHT LUTE,BLUEGRASS THOROUGHBRED SERVICES INC.(SANDY STUART) AGENT XIII,NOT SOLD,290000,,03/11/2018,KENTUCKY,6,,,
The Saratoga Sale (2019),2019-08-05,30,DKB,F,MORE THAN READY,JAVANESE,MEDAGLIA D'ORO,BLUEWATER SALES LLC AGENT XVIII,OUT,0,,03/10/2018,KENTUCKY,4,,,
The Saratoga Sale (2019),2019-08-05,31,GRR,F,FROSTED,JEANNE'S HONOR,HONOUR AND GLORY,GAINESWAY AGENT II,OUT,0,,02/12/2018,NEW YORK,6,,,
The Saratoga Sale (2019),2019-08-05,32,CH,F,AMERICAN PHAROAH,JEWELIANA,SMART STRIKE,TAYLOR MADE SALES AGENCY AGENT LXXVI,NOT SOLD,425000,,04/21/2018,KENTUCKY,7A-B,,,http://tmsaecatalog.com/19FTSARA/98/hip/32
The Saratoga Sale (2019),2019-08-05,33,B,F,UNION RAGS,JOANNIE,SMART STRIKE,BLUEGRASS THOROUGHBRED SERVICES INC. (SANDY STUART) AGENT FOR MERRIEBELLE STABLE LLC,OUT,0,,02/06/2018,KENTUCKY,6,,,
The Saratoga Sale (2019),2019-08-05,34,DKB,C,MSHAWISH,JOLENE,MALIBU MOON,VINERY SALES AGENT XVII,WEST POINT THOROUGHBREDS INC L.E.B. AGENT,235000,,01/23/2018,KENTUCKY,3,,,
The Saratoga Sale (2019),2019-08-05,35,DKB,C,BERNARDINI,JOST D'ORO,MEDAGLIA D'ORO,WARRENDALE SALES AGENT V,ARNAUD DELACOUR AGENT,185000,,03/23/2018,FLORIDA,1,,,
The Saratoga Sale (2019),2019-08-05,36,DKB,C,UPSTART,JOYOUS MUSIC,BELLAMY ROAD,GAINESWAY AGENT VII,TEAM CASSE AGENT,510000,,03/24/2018,KENTUCKY,6,,,
The Saratoga Sale (2019),2019-08-05,37,B,C,UNCLE MO,J Z WARRIOR,HARLAN'S HOLIDAY,EATON SALES AGENT FOR GROUSEMONT FARM,WOODFORD THOROUGHBREDS,270000,,04/01/2018,KENTUCKY,9,,,
The Saratoga Sale (2019),2019-08-05,38,CH,F,CURLIN,KATERI,INDIAN CHARLIE,BLAKE-ALBINA THOROUGHBRED SERVICES LLC AGENT I,LIVE OAK PLANTATION,725000,,03/28/2018,KENTUCKY,10,,,
The Saratoga Sale (2019),2019-08-05,39,DKB,F,MEDAGLIA D'ORO,KHANCORD KID,LEMON DROP KID,SEQUEL NEW YORK AGENT FOR CHESTER & MARY BROMAN,OUT,0,,04/22/2018,NEW YORK,5,,,
The Saratoga Sale (2019),2019-08-05,40,B,C,PIONEEROF THE NILE,KINDLE,INDIAN CHARLIE,BALLYSAX BLOODSTOCK AGENT FOR HNR NOTHHAFT HORSE RACING LLC,TEAM CASSE AGENT,510000,,04/14/2018,KENTUCKY,8,,,http://www.thorostride.com/sales/fasig-tipton-saratoga-2019-hip-40
The Saratoga Sale (2019),2019-08-05,41,B,C,UNION RAGS,KIOWA,STEPHEN GOT EVEN,BLUEGRASS THOROUGHBRED SERVICES INC. (SANDY STUART) AGENT FOR CORNER FARM & JOHN BEHRENDT,NOT SOLD,95000,,04/22/2018,VIRGINIA,6,,,
The Saratoga Sale (2019),2019-08-05,42,CH,C,LEMON DROP KID,KNIT ONE PURR TOO,TALE OF THE CAT,MILL RIDGE SALES AGENT,OUT,0,,04/13/2018,KENTUCKY,5,,,
The Saratoga Sale (2019),2019-08-05,43,B,F,MALIBU MOON,LADY MELESI,COLONIAL AFFAIR,SELECT SALES AGENT FOR MACHMER HALL,DEMERIC STABLES AGENT FOR BACKSTRETCH FARMS,325000,Y,02/03/2018,KENTUCKY,5,,,
The Saratoga Sale (2019),2019-08-05,44,GRR,F,WAR FRONT,LAUGHING LASHES,MR. GREELEY,EATON SALES AGENT,NOT SOLD,375000,,04/29/2018,KENTUCKY,9,,,http://www.thorostride.com/sales/fasig-tipton-saratoga-2019-hip-44
The Saratoga Sale (2019),2019-08-05,45,CH,C,KANTHAROS,LEH SHE RUN,PULPIT,STUART MORRIS AGENT FOR HIGHCLERE,THOMAS HAUGHEY FOR PTK LLC,230000,,03/12/2018,KENTUCKY,10,,,
The Saratoga Sale (2019),2019-08-05,46,DKB,F,QUALITY ROAD,LEMON BAY,BERNARDINI,BLAKE-ALBINA THOROUGHBRED SERVICES LLC AGENT I,WHITE BIRCH FARM INC,525000,,04/22/2018,KENTUCKY,10,,,
The Saratoga Sale (2019),2019-08-05,47,DKB,F,QUALITY ROAD,LEMON LIQUEUR,EXCHANGE RATE,WARRENDALE SALES AGENT IV,WHITE BIRCH FARM INC,400000,,03/02/2018,KENTUCKY,1,,,
The Saratoga Sale (2019),2019-08-05,48,B,F,GHOSTZAPPER,LE RELAIS,CORONADO'S QUEST,TAYLOR MADE SALES AGENCY AGENT FOR STONESTREET BRED & RAISED,BACH STABLES LLC,550000,,04/16/2018,KENTUCKY,7A-B,,,http://tmsaecatalog.com/19FTSARA/98/hip/48
The Saratoga Sale (2019),2019-08-05,49,DKB,F,MEDAGLIA D'ORO,LIGHT THE CITY,STREET SENSE,EATON SALES AGENT,KERRI RADCLIFFE AGENT,900000,,03/21/2018,KENTUCKY,9,,,
The Saratoga Sale (2019),2019-08-05,50,DKB,C,GHOSTZAPPER,LIZA TOO,OLMODAVOR,ST GEORGE SALES AGENT IV,WEST POINT & LARSEN L.E.B. AGENT,500000,,03/19/2018,KENTUCKY,8,,,
The Saratoga Sale (2019),2019-08-05,52,B,F,INTO MISCHIEF,LOVELY,PULPIT,BRIDIE HARRISON AGENT FOR PETER BLUM THOROUGHBREDS,OUT,0,,01/31/2018,KENTUCKY,4,,,
The Saratoga Sale (2019),2019-08-05,53,CH,F,GHOSTZAPPER,LOVELY DAUGHTER,BIG BROWN,DENALI STUD AGENT I,PHOENIX THOROUGHBRED (III) LTD,350000,,03/25/2018,KENTUCKY,7A,,,
The Saratoga Sale (2019),2019-08-05,54,DKB,F,TAPIT,MAGICAL BELLE,UNBRIDLED'S SONG,EATON SALES AGENT,MIKE RYAN AGENT,450000,,03/20/2018,KENTUCKY,9,,,http://www.thorostride.com/sales/fasig-tipton-saratoga-2019-hip-54
The Saratoga Sale (2019),2019-08-05,55,CH,C,CALIFORNIA CHROME,MAGNIFICENT SONG,UNBRIDLED'S SONG,VINERY SALES AGENT I,CROW-SHARP VENTURE,175000,,04/05/2018,KENTUCKY,3,,,
The Saratoga Sale (2019),2019-08-05,56,CH,C,KANTHAROS,MAJESTIC LADY,MAJESTIC WARRIOR,BLUEWATER SALES LLC AGENT XXIII,THOMAS HAUGHEY FOR PTK LLC,210000,,04/02/2018,KENTUCKY,4,,,
The Saratoga Sale (2019),2019-08-05,57,B,C,RUNHAPPY,MAJESTIC PRESENCE,MAJESTIC WARRIOR,TAYLOR MADE SALES AGENCY AGENT LXXVII,DJ STABLE LLC,230000,,01/26/2018,KENTUCKY,7A-B,,,http://tmsaecatalog.com/19FTSARA/98/hip/57
The Saratoga Sale (2019),2019-08-05,58,B,F,PIONEEROF THE NILE,MARGATE GARDENS,SPEIGHTSTOWN,RUNNYMEDE FARM INC. AGENT,SCOTT & EVAN DILWORTH,285000,Y,03/14/2018,KENTUCKY,10,,,
The Saratoga Sale (2019),2019-08-05,59,GRR,C,FROSTED,MAYAN MILAGRA,MENIFEE,WOODFORD THOROUGHBREDS AGENT,OUT,0,,02/25/2018,KENTUCKY,8,,,https://vimeo.com/350603539/d6ee89bab2
The Saratoga Sale (2019),2019-08-05,60,B,C,PIONEEROF THE NILE,MERRY MEADOW,HENNY HUGHES,TAYLOR MADE SALES AGENCY AGENT XCI,DONATO LANNI AGENT SF BLSK STARLIGHT MADAKET,625000,,02/22/2018,KENTUCKY,7A-B,,,http://tmsaecatalog.com/19FTSARA/98/hip/60
The Saratoga Sale (2019),2019-08-05,61,CH,F,GHOSTZAPPER,MESHELL,ELUSIVE QUALITY,BUCK POND FARM (DOUGLAS S. ARNOLD) AGENT,NOT SOLD,270000,,03/03/2018,KENTUCKY,3,,,
The Saratoga Sale (2019),2019-08-05,62,CH,F,HARD SPUN,MINERALOGIST,MINESHAFT,SEQUEL NEW YORK AGENT FOR CHESTER & MARY BROMAN,TRACY FARMER,240000,,02/17/2018,NEW YORK,5,,,
The Saratoga Sale (2019),2019-08-05,63,B,F,EMPIRE MAKER,MINNIE MACY,A.P. INDY,BACCARI BLOODSTOCK LLC AGENT II,NOT SOLD,285000,,02/16/2018,KENTUCKY,2,,,
The Saratoga Sale (2019),2019-08-05,64,B,C,INTO MISCHIEF,MISS ARRANGEMENT,MR. GREELEY,BUCK POND FARM (DOUGLAS S. ARNOLD) AGENT,CARLO VACCAREZZA,400000,,03/15/2018,KENTUCKY,3,,,
The Saratoga Sale (2019),2019-08-05,65,B,F,INTO MISCHIEF,GREER LYNN,SPEIGHTSTOWN,VINERY SALES AGENT FOR SPENDTHRIFT FARM LLC,OUT,0,,01/16/2018,KENTUCKY,3,,,
The Saratoga Sale (2019),2019-08-05,66,B,C,STREET SENSE,MISS MOCKINGBIRD,BIRDSTONE,GAINESWAY AGENT I,OUT,0,,03/14/2018,KENTUCKY,6,,,
The Saratoga Sale (2019),2019-08-05,67,B,C,QUALITY ROAD,MISS MOON,MALIBU MOON,BACCARI BLOODSTOCK LLC AGENT V,NOT SOLD,385000,,02/17/2018,KENTUCKY,2,,,
The Saratoga Sale (2019),2019-08-05,68,DKB,C,UNCLE MO,MISS OCEAN CITY,MINESHAFT,TAYLOR MADE SALES AGENCY AGENT FOR ANN MUDGE BACKER/SMITTEN FARM,NOT SOLD,185000,,03/04/2018,VIRGINIA,7A-B,,,http://tmsaecatalog.com/19FTSARA/98/hip/68
The Saratoga Sale (2019),2019-08-05,69,B,F,INTO MISCHIEF,MISS VIGILANCE,WAR PASS,SELECT SALES AGENT I,HARTLEY-DERENZO,200000,,01/30/2018,NEW YORK,5,,,
The Saratoga Sale (2019),2019-08-05,71,B,F,INTO MISCHIEF,MORE THAN A CRUISE,MORE THAN READY,BLUEGRASS THOROUGHBRED SERVICES INC.(SANDY STUART) AGENT XIII,NOT SOLD,285000,,03/10/2018,KENTUCKY,6,,,
The Saratoga Sale (2019),2019-08-05,72,DKB,F,UNCLE MO,MY MAMMY,CAME HOME,BLAKE-ALBINA THOROUGHBRED SERVICES LLC AGENT I,OUT,0,,04/29/2018,KENTUCKY,10,,,
The Saratoga Sale (2019),2019-08-05,73,DKB,C,STREET SENSE,MYSTRA,LEMON DROP KID,RUNNYMEDE FARM INC. AGENT,MARCHMONT STABLE,385000,,03/05/2018,KENTUCKY,10,,,
The Saratoga Sale (2019),2019-08-05,74,CH,C,KHOZAN,NIKKI KAI,NOTEBOOK,SUMMERFIELD (FRANCIS & BARBARA VANLANGENDONCK) AGENT,OUT,0,,04/17/2018,FLORIDA,3,,,
The Saratoga Sale (2019),2019-08-05,75,B,F,UNCLE MO,OFTEN (IRE),GALILEO (IRE),DROMOLAND FARM INC. (GERRY DILGER) AGENT III,OUT,0,,03/04/2018,KENTUCKY,1,,,
The Saratoga Sale (2019),2019-08-05,76,CH,C,SUPER SAVER,ONE SHOW ONLY,DISTORTED HUMOR,TAYLOR MADE SALES AGENCY AGENT LXXXI,NOT SOLD,125000,,01/23/2018,NEW YORK,7A-B,,,http://tmsaecatalog.com/19FTSARA/98/hip/76
The Saratoga Sale (2019),2019-08-05,77,DKB,C,PIONEEROF THE NILE,PARTY STARTER,MEDAGLIA D'ORO,HILL 'N' DALE SALES AGENCY AGENT,M V MAGNIER,250000,,02/21/2018,KENTUCKY,2,,,
The Saratoga Sale (2019),2019-08-05,78,GRR,F,HONOR CODE,PATTI'S REGAL SONG,UNBRIDLED'S SONG,BUCK POND FARM (DOUGLAS S. ARNOLD) AGENT,JASON SERVIS AGENT,200000,,01/30/2018,KENTUCKY,3,,,
The Saratoga Sale (2019),2019-08-05,79,B,F,STREET SENSE,PEACE TALK,ARCH,EATON SALES AGENT,LOTHENBACH STABLES INC.,315000,,03/17/2018,KENTUCKY,9,,,http://www.thorostride.com/sales/fasig-tipton-saratoga-2019-hip-79
The Saratoga Sale (2019),2019-08-05,80,B,C,TAPIT,FEATHERED,INDIAN CHARLIE,LANE'S END AGENT,WEST POINT THOROUGHBREDS INC L.E.B. AGENT,1000000,,03/14/2018,KENTUCKY,7C,,,
The Saratoga Sale (2019),2019-08-05,81,B,C,SPEIGHTSTOWN,PEGGY JANE,KAFWAIN,SUMMERFIELD (FRANCIS & BARBARA VANLANGENDONCK) AGENT FOR STONESTREET BRED & RAISED,OUT,0,,02/16/2018,KENTUCKY,3,,,
The Saratoga Sale (2019),2019-08-05,82,DKB,F,TAPIT,PENSION,SEEKING THE GOLD,GAINESWAY AGENT V,DONATO LANNI AGENT FOR HEIDER FAMILY STABLES,950000,,03/14/2018,KENTUCKY,6,,,
The Saratoga Sale (2019),2019-08-05,83,DKB,F,MIDNIGHT LUTE,PERDY,TALE OF THE CAT,GAINESWAY AGENT VII,LAUREN CARLISLE AGENT,300000,,05/02/2018,KENTUCKY,6,,,
The Saratoga Sale (2019),2019-08-05,84,CH,F,SHACKLEFORD,PERFECT PAULA,SONGANDAPRAYER,TAYLOR MADE SALES AGENCY AGENT XXIX,NOT SOLD,145000,,01/30/2018,KENTUCKY,7A-B,,,http://tmsaecatalog.com/19FTSARA/98/hip/84
The Saratoga Sale (2019),2019-08-05,85,B,C,INTO MISCHIEF,PHOENICIA,MR PURPLE,DROMOLAND FARM INC. (GERRY DILGER) AGENT I,OUT,0,,02/07/2018,KENTUCKY,1,,,
The Saratoga Sale (2019),2019-08-05,86,CH,C,CURLIN,PINE NEEDLES,GIANT'S CAUSEWAY,TAYLOR MADE SALES AGENCY AGENT LXXXVI,SOLIS/LITT,375000,,03/02/2018,KENTUCKY,7A-B,,,http://tmsaecatalog.com/19FTSARA/98/hip/86
The Saratoga Sale (2019),2019-08-05,87,B,F,NOBLE MISSION (GB),PLAYTIME,STREET CRY (IRE),LANE'S END AGENT,STARLIGHT F. BROTHERS AGENT,360000,,02/22/2018,KENTUCKY,7C,,,
The Saratoga Sale (2019),2019-08-05,88,B,F,CONSTITUTION,PLEASANT CHIMES,PLEASANT TAP,TIMBER TOWN (MR. & MRS. T. WAYNE SWEEZEY) AGENT,NOT SOLD,95000,,01/24/2018,KENTUCKY,2,,,
The Saratoga Sale (2019),2019-08-05,89,B,F,INTO MISCHIEF,PRIVATE GIFT,UNBRIDLED,LANE'S END AGENT,DONATO LANNI AGENT FOR BAOMA CORP.,750000,,02/18/2018,KENTUCKY,7C,,,
The Saratoga Sale (2019),2019-08-05,90,CH,F,TAPIT,PROMENADE GIRL,CARSON CITY,HILL 'N' DALE SALES AGENCY AGENT,NOT SOLD,585000,,01/25/2018,KENTUCKY,2,,,
The Saratoga Sale (2019),2019-08-05,91,B,C,INTO MISCHIEF,QUIET TEMPER,QUIET AMERICAN,DENALI STUD AGENT IV,MIKE RYAN AGENT,600000,,03/22/2018,KENTUCKY,7A,,,
The Saratoga Sale (2019),2019-08-05,92,B,C,FLATTER,REBELLE,HARD SPUN,INDIAN CREEK AGENT,DONATO LANNI AGENT SF BLSK STARLIGHT MADAKET,360000,,01/31/2018,KENTUCKY,2&6,,,http://www.thorostride.com/sales/fasig-tipton-saratoga-2019-hip-92
The Saratoga Sale (2019),2019-08-05,93,GRR,C,LIAM'S MAP,RECEIPT,DYNAFORMER,DROMOLAND FARM INC. (GERRY DILGER) AGENT III,NOT SOLD,275000,,02/08/2018,KENTUCKY,1,,,
The Saratoga Sale (2019),2019-08-05,94,B,C,LIAM'S MAP,RECOUPE,INDIAN CHARLIE,ST GEORGE SALES AGENT III,NOT SOLD,95000,,04/12/2018,KENTUCKY,8,,,
The Saratoga Sale (2019),2019-08-05,95,DKB,C,ORB,RED HOT BERTIE,TABASCO CAT,BLAKE-ALBINA THOROUGHBRED SERVICES LLC AGENT I,NOT SOLD,200000,,03/22/2018,KENTUCKY,10,,,
The Saratoga Sale (2019),2019-08-05,96,GRR,F,LIAM'S MAP,RHYS,STORM CAT,TAYLOR MADE SALES AGENCY AGENT LXXXIII,OUT,0,,02/09/2018,PENNSYLVANIA,7A-B,,,http://tmsaecatalog.com/19FTSARA/98/hip/96
The Saratoga Sale (2019),2019-08-05,97,GRR,F,FROSTED,RICH LOVE,NOT FOR LOVE,TAYLOR MADE SALES AGENCY AGENT XXXV,RICK GREEN,150000,,01/28/2018,KENTUCKY,7A-B,,,http://tmsaecatalog.com/19FTSARA/98/hip/97
The Saratoga Sale (2019),2019-08-05,98,B,F,FROSTED,RIDE TO HOUSTON,CANDY RIDE (ARG),TIMBER TOWN (MR. & MRS. T. WAYNE SWEEZEY) AGENT I,NOT SOLD,275000,,03/22/2018,KENTUCKY,2,,,
The Saratoga Sale (2019),2019-08-05,99,DKB,C,QUALITY ROAD,RISK A CHANCE,A.P. INDY,SEQUEL NEW YORK AGENT FOR CHESTER & MARY BROMAN,CHINA HORSE CLUB/ MAVERICK RACING,550000,,03/12/2018,NEW YORK,5,,,
The Saratoga Sale (2019),2019-08-05,100,B,C,CURLIN,ROOM FOR ME,HARLINGTON,WOODFORD THOROUGHBREDS AGENT XIII,WHITE BIRCH FARM INC,600000,,01/21/2018,KENTUCKY,8,,,https://vimeo.com/350977384/25584f4eef
The Saratoga Sale (2019),2019-08-05,101,DKB,F,EMPIRE MAKER,ROYAL STORY,LEMON DROP KID,BALLYSAX BLOODSTOCK AGENT II,NOT SOLD,285000,,01/25/2018,KENTUCKY,8,,,
The Saratoga Sale (2019),2019-08-05,102,B,F,CANDY RIDE (ARG),RUBAN BLEU,BROKEN VOW,VANMETER GENTRY SALES AGENT XIII,NOT SOLD,120000,,02/20/2018,KENTUCKY,7C,,,
The Saratoga Sale (2019),2019-08-05,103,B,C,INTO MISCHIEF,RUBY LIPS,HARD SPUN,TAYLOR MADE SALES AGENCY AGENT LIII,NOT SOLD,400000,,03/26/2018,KENTUCKY,7A-B,,,http://tmsaecatalog.com/19FTSARA/98/hip/103
The Saratoga Sale (2019),2019-08-05,104,B,C,MORE THAN READY,RULE ONE,STREET CRY (IRE),TAYLOR MADE SALES AGENCY AGENT LXXXI,SOLIS/LITT,275000,,02/16/2018,NEW YORK,7A-B,,,http://tmsaecatalog.com/19FTSARA/98/hip/104
The Saratoga Sale (2019),2019-08-05,105,DKB,F,PIONEEROF THE NILE,RUMORS OF GLORY,STORM CAT,SEQUEL NEW YORK AGENT FOR CHESTER & MARY BROMAN,RICHARD GREELEY,100000,,01/22/2018,NEW YORK,5,,,
The Saratoga Sale (2019),2019-08-05,106,GRR,F,AMERICAN PHAROAH,RUNWAY ROSIE,INCLUDE,PARAMOUNT SALES AGENT VI,OUT,0,,02/07/2018,KENTUCKY,1,,,
The Saratoga Sale (2019),2019-08-05,107,CH,F,EXAGGERATOR,SCOOP OF GOLD,GIANT'S CAUSEWAY,BLUEWATER SALES LLC AGENT I,OUT,0,,04/08/2018,PENNSYLVANIA,4,,,
The Saratoga Sale (2019),2019-08-05,108,B,C,CANDY RIDE (ARG),SEASIDE ESCAPE,BERNARDINI,LANE'S END AGENT,JOHN P FORT,275000,,03/02/2018,KENTUCKY,7C,,,
The Saratoga Sale (2019),2019-08-05,109,CH,F,AMERICAN PHAROAH,SEATTLE SMOOTH,QUIET AMERICAN,LANE'S END AGENT,MIKE RYAN AGENT,200000,,05/05/2018,KENTUCKY,7C,,,
The Saratoga Sale (2019),2019-08-05,110,B,C,OUTWORK,SEMILLON,ESKENDEREYA,BLUEWATER SALES LLC AGENT XIV,OUT,0,,04/04/2018,LOUISIANA,4,,,
The Saratoga Sale (2019),2019-08-05,111,B,C,AIR FORCE BLUE,SENSE OF CLASS,FUSAICHI PEGASUS,FOUR STAR SALES AGENT,FOZZY STACK,280000,,02/23/2018,KENTUCKY,4,,,
The Saratoga Sale (2019),2019-08-05,112,DKB,F,EMPIRE MAKER,SHE'S ON PARADE,FUSAICHI PEGASUS,TAYLOR MADE SALES AGENCY AGENT XL,TOM MCCROCKLIN,175000,Y,03/16/2018,KENTUCKY,7A-B,,,http://tmsaecatalog.com/19FTSARA/98/hip/112
The Saratoga Sale (2019),2019-08-06,113,B,C,PIONEEROF THE NILE,SHOP AGAIN,WILD AGAIN,MILL RIDGE SALES AGENT,MANNINGS COVE BLOODSTOCK,280000,,04/16/2018,KENTUCKY,5,,,
The Saratoga Sale (2019),2019-08-06,114,DKB,C,VIOLENCE,SHOPPERS RETURN,PUT IT BACK,GAINESWAY AGENT III,THOMAS HAUGHEY FOR PTK LLC,200000,,05/17/2018,FLORIDA,6,,,
The Saratoga Sale (2019),2019-08-06,115,GRR,F,LIAM'S MAP,SIREN COVE,MONTBROOK,SUMMERFIELD (FRANCIS & BARBARA VANLANGENDONCK) AGENT,NOT SOLD,115000,,03/16/2018,FLORIDA,3,,,
The Saratoga Sale (2019),2019-08-06,116,B,C,RUNHAPPY,SKY AMERICA,SKY MESA,DROMOLAND FARM INC. (GERRY DILGER) AGENT II,STEVEN W YOUNG AGENT,450000,,03/20/2018,KENTUCKY,1,,,
The Saratoga Sale (2019),2019-08-06,117,DKB,C,CALIFORNIA CHROME,SKY GLOW,GRAND SLAM,TAYLOR MADE SALES AGENCY AGENT XXVI,NOT SOLD,175000,,03/23/2018,KENTUCKY,7A-B,,,http://tmsaecatalog.com/19FTSARA/98/hip/117
The Saratoga Sale (2019),2019-08-06,118,CH,F,MINESHAFT,SMART TIMMIE,SMART STRIKE,FOUR STAR SALES AGENT FOR THE ESTATE OF WILLIAM D. GRAHAM (WINDHAVEN FARMS),CAROLYN FRIEDBERG,100000,Y,01/27/2018,ONTARIO,4,,,
The Saratoga Sale (2019),2019-08-06,119,DKB,F,BERNARDINI,SONG COLLECTION,UNBRIDLED'S SONG,SELECT SALES AGENT FOR MACHMER HALL & D&J RACING,QUARTER POLE ENTERPRISES LLC,250000,,05/02/2018,KENTUCKY,5,,,
The Saratoga Sale (2019),2019-08-06,120,B,C,FLATTER,S S PINAFORE,STREET SENSE,TAYLOR MADE SALES AGENCY AGENT FOR JSM EQUINE LLC,PHIL AND CHRISTINE HATFIELD,500000,,04/24/2018,KENTUCKY,7A-B,,,http://tmsaecatalog.com/19FTSARA/98/hip/120
The Saratoga Sale (2019),2019-08-06,121,DKB,F,CANDY RIDE (ARG),STATE TREASURE,MINESHAFT,TAYLOR MADE SALES AGENCY AGENT XI,OUT,0,,04/11/2018,KENTUCKY,7A-B,,,
The Saratoga Sale (2019),2019-08-06,122,B,C,SPEIGHTSTER,STOCK YARD HEN,ROCK HARD TEN,FOUR STAR SALES AGENT,GARY STEVENS AGENT,200000,,02/03/2018,KENTUCKY,4,,,
The Saratoga Sale (2019),2019-08-06,123,B,F,WAR FRONT,STORM DIXIE,CATIENUS,PARAMOUNT SALES AGENT X,BACH STABLES LLC,500000,,02/05/2018,KENTUCKY,1,,,
The Saratoga Sale (2019),2019-08-06,124,B,C,TIZNOW,STORMIN MAGGY,STORM CAT,WARRENDALE SALES AGENT FOR STONESTREET BRED & RAISED,JUDDMONTE FARMS INC,600000,,04/28/2018,KENTUCKY,1,,,
The Saratoga Sale (2019),2019-08-06,125,B,C,INTO MISCHIEF,STORM NOW,TIZNOW,SEQUEL NEW YORK AGENT FOR CHESTER & MARY BROMAN,JOHN C OXLEY,350000,,04/14/2018,NEW YORK,5,,,
The Saratoga Sale (2019),2019-08-06,126,B,F,CANDY RIDE (ARG),STORMY WELCOME,STORM CAT,MILL RIDGE SALES AGENT,BEN MCELROY AGENT,300000,,02/13/2018,KENTUCKY,5,,,
The Saratoga Sale (2019),2019-08-06,127,CH,F,UNCLE MO,STORYBOOK (UAE),HALLING,EATON SALES AGENT,TIMBER STABLES LLC,150000,,04/04/2018,KENTUCKY,9,,,
The Saratoga Sale (2019),2019-08-06,128,CH,C,TAPIT,SUNNY,DIXIELAND BAND,INDIAN CREEK AGENT,SPENDTHRIFT FARM LLC,400000,,04/30/2018,KENTUCKY,2&6,,,http://www.thorostride.com/sales/fasig-tipton-saratoga-2019-hip-128
The Saratoga Sale (2019),2019-08-06,129,B,C,AMERICAN PHAROAH,SUPER MAJESTY,SUPER SAVER,HILL 'N' DALE SALES AGENCY AGENT,WHITE BIRCH FARM & M.V.MAGNIER,800000,,02/09/2018,KENTUCKY,2,,,
The Saratoga Sale (2019),2019-08-06,130,GRR,F,FROSTED,SWINGIT,VICTORY GALLOP,DENALI STUD AGENT FOR BAYNE & CHRISTINA WELKER ET AL,OXO EQUINE LLC,850000,,04/10/2018,KENTUCKY,7A,,,
The Saratoga Sale (2019),2019-08-06,131,GRR,C,FROSTED,TABOO,FORESTRY,BLUEGRASS THOROUGHBRED SERVICES INC. (SANDY STUART) AGENT I,KINGS EQUINE,115000,,04/14/2018,KENTUCKY,6,,,
The Saratoga Sale (2019),2019-08-06,132,GRR,C,CURLIN,TAPAS,TAPIT,BLUEWATER SALES LLC AGENT VII,MAVERICK RACING,650000,,03/29/2018,KENTUCKY,4,,,http://www.thorostride.com/sales/fasig-tipton-saratoga-2019-hip-132
The Saratoga Sale (2019),2019-08-06,133,CH,C,MUNNINGS,TAPIT'S WORLD,TAPIT,BLUEGRASS THOROUGHBRED SERVICES INC. (SANDY STUART) AGENT,NOT SOLD,80000,,02/08/2018,KENTUCKY,6,,,
The Saratoga Sale (2019),2019-08-06,134,CH,C,CURLIN,TARIS,FLATTER,HILL 'N' DALE SALES AGENCY AGENT,KENNETH MCPEEK AGENT FOR FERN CIRCLE (PAUL FIREMAN),950000,,01/12/2018,KENTUCKY,2,,,
The Saratoga Sale (2019),2019-08-06,135,B,F,SPEIGHTSTER,TEEWEE'S HOPE,DEFRERE,VANMETER GENTRY SALES AGENT,DAVANT LATHAM AGENT,150000,,03/22/2018,KENTUCKY,7C,,,
The Saratoga Sale (2019),2019-08-06,136,B,F,GHOSTZAPPER,TELL ALL,BROKEN VOW,DENALI STUD AGENT III,DEBBY M OXLEY,400000,,03/07/2018,KENTUCKY,7A,,,
The Saratoga Sale (2019),2019-08-06,137,GRR,C,FROSTED,TENSAS PUNCH,WAR FRONT,EATON SALES AGENT,NOT SOLD,145000,,03/09/2018,KENTUCKY,9,,,http://www.thorostride.com/sales/fasig-tipton-saratoga-2019-hip-137
The Saratoga Sale (2019),2019-08-06,138,B,F,DIALED IN,TENSAS WEDDING JOY,BROKEN VOW,TAYLOR MADE SALES AGENCY AGENT FOR TOWN & COUNTRY HORSE FARMS LLC,GATEWOOD BELL,180000,,04/18/2018,KENTUCKY,7A-B,,,http://tmsaecatalog.com/19FTSARA/98/hip/138
The Saratoga Sale (2019),2019-08-06,139,B,C,QUALITY ROAD,TERRIFIC TIFFANY,STRONG HOPE,WOODFORD THOROUGHBREDS AGENT,NOT SOLD,225000,,04/20/2018,KENTUCKY,8,,,https://vimeo.com/350603693/014141d13a
The Saratoga Sale (2019),2019-08-06,140,B,F,INTO MISCHIEF,THEYCALLMELADYLUCK,DIXIE UNION,BACCARI BLOODSTOCK LLC AGENT III,TEAM CASSE AGENT,850000,,04/03/2018,KENTUCKY,2,,,
The Saratoga Sale (2019),2019-08-06,141,B,F,CALIFORNIA CHROME,THMORUPLATHLESUPAY,UNBRIDLED'S SONG,TAYLOR MADE SALES AGENCY AGENT XIII,NOT SOLD,95000,,03/09/2018,KENTUCKY,7A-B,,,http://tmsaecatalog.com/19FTSARA/98/hip/141
The Saratoga Sale (2019),2019-08-06,142,DKB,F,TAPIT,TOCCET OVER,TOCCET,STUART MORRIS AGENT I,OUT,0,,03/10/2018,FLORIDA,10,,,
The Saratoga Sale (2019),2019-08-06,143,B,F,QUALITY ROAD,TORTUGA LADY,THUNDER GULCH,BRIDIE HARRISON AGENT FOR PETER BLUM THOROUGHBREDS,NOT SOLD,325000,,03/09/2018,KENTUCKY,4,,,
The Saratoga Sale (2019),2019-08-06,144,DKB,C,SPEIGHTSTOWN,TREASURE,MEDAGLIA D'ORO,BRIDIE HARRISON AGENT FOR PETER BLUM THOROUGHBREDS,NOT SOLD,245000,,03/05/2018,KENTUCKY,4,,,
The Saratoga Sale (2019),2019-08-06,145,B,C,BLAME,TREATY OAK,WAR CHANT,TAYLOR MADE SALES AGENCY AGENT II,NOT SOLD,110000,,02/08/2018,KENTUCKY,7A-B,,,http://tmsaecatalog.com/19FTSARA/98/hip/145
The Saratoga Sale (2019),2019-08-06,146,B,F,QUALITY ROAD,TRICKSKI,PETESKI,SUMMERFIELD (FRANCIS & BARBARA VANLANGENDONCK) AGENT,OUT,0,,05/02/2018,KENTUCKY,3,,,
The Saratoga Sale (2019),2019-08-06,147,B,F,CURLIN,TWIRL (IRE),GALILEO (IRE),LANE'S END AGENT,SOLIS/LITT,550000,,03/15/2018,KENTUCKY,7C,,,
The Saratoga Sale (2019),2019-08-06,148,DKB,F,PIONEEROF THE NILE,UNO MAS PROMESA,MACHO UNO,TAYLOR MADE SALES AGENCY AGENT LXXXVI,NOT SOLD,295000,,03/30/2018,KENTUCKY,7A-B,,,http://tmsaecatalog.com/19FTSARA/98/hip/148
The Saratoga Sale (2019),2019-08-06,149,B,C,CANDY RIDE (ARG),VANQUISHED,EMPIRE MAKER,EATON SALES AGENT,OUT,0,,02/18/2018,KENTUCKY,9,,,
The Saratoga Sale (2019),2019-08-06,150,B,F,MEDAGLIA D'ORO,VERACITY,DISTORTED HUMOR,INDIAN CREEK AGENT,CLAIBORNE FARM AGENT,900000,,04/10/2018,KENTUCKY,2&6,,,http://www.thorostride.com/sales/fasig-tipton-saratoga-2019-hip-150
The Saratoga Sale (2019),2019-08-06,151,B,F,AMERICAN PHAROAH,VISUAL MIND,KINGMAMBO,BROOKDALE SALES AGENT,STEVEN W YOUNG AGENT,650000,,03/30/2018,KENTUCKY,3,,,
The Saratoga Sale (2019),2019-08-06,152,GRR,C,GHOSTZAPPER,WAIT NO MORE,MEDAGLIA D'ORO,TAYLOR MADE SALES AGENCY AGENT LXX,JOHN C OXLEY,475000,,03/02/2018,FLORIDA,7A-B,,,http://tmsaecatalog.com/19FTSARA/98/hip/152
The Saratoga Sale (2019),2019-08-06,153,CH,C,CURLIN,WAPI (CHI),SCAT DADDY,DENALI STUD AGENT V,AQUIS FARM AUS/LET'S GO STABLE CRAWFORD FARM RACING,1500000,,03/23/2018,KENTUCKY,7A,,,
The Saratoga Sale (2019),2019-08-06,154,GRR,C,RUNHAPPY,WELL,WELL DECORATED,BROOKDALE SALES AGENT,ARNAUD DELACOUR AGENT,250000,,04/17/2018,KENTUCKY,3,,,
The Saratoga Sale (2019),2019-08-06,155,B,C,PIONEEROF THE NILE,FROLIC'S DREAM,SMOKE GLACKEN,EATON SALES AGENT,ARNAUD DELACOUR AGENT,350000,Y,02/21/2018,KENTUCKY,9,,,http://www.thorostride.com/sales/fasig-tipton-saratoga-2019-hip-155
The Saratoga Sale (2019),2019-08-06,156,B,F,HARD SPUN,WEMBLEY,BERNARDINI,SOUTH POINT SALES AGENCY AGENT II,COFFEE POT STABLES,360000,,02/15/2018,PENNSYLVANIA,7C,,,http://www.thorostride.com/sales/fasig-tipton-saratoga-2019-hip-156
The Saratoga Sale (2019),2019-08-06,157,B,C,MEDAGLIA D'ORO,WIDE RANGE,MINESHAFT,GAINESWAY AGENT VII,STEVEN W YOUNG AGENT,850000,,02/23/2018,KENTUCKY,6,,,
The Saratoga Sale (2019),2019-08-06,158,B,C,STREET SENSE,WONDER BREW,GIANT'S CAUSEWAY,INDIAN CREEK AGENT,THOMAS HAUGHEY FOR PTK LLC,310000,,04/11/2018,NEW YORK,2&6,,,http://www.thorostride.com/sales/fasig-tipton-saratoga-2019-hip-158
The Saratoga Sale (2019),2019-08-06,159,B,C,CURLIN,YES LIZ,YES IT'S TRUE,DENALI STUD AGENT FOR STONESTREET BRED & RAISED,WHITEHORSE & BRIDLEWOOD FARM,1000000,,03/11/2018,KENTUCKY,7A,,,
The Saratoga Sale (2019),2019-08-06,160,B,C,CANDY RIDE (ARG),ZERMATT,TIZNOW,PARAMOUNT SALES AGENT VII,CHINA HORSE CLUB/ MAVERICK RACING,650000,,03/07/2018,KENTUCKY,1,,,
The Saratoga Sale (2019),2019-08-06,161,B,F,MEDAGLIA D'ORO,SINGING KITTY,MINISTERS WILD CAT,FOUR STAR SALES AGENT FOR SPENDTHRIFT FARM LLC,NOT SOLD,575000,,01/29/2018,KENTUCKY,4,,,
The Saratoga Sale (2019),2019-08-06,162,B,F,UNCLE MO,ZINZAY,SMART STRIKE,LANE'S END AGENT,MIKE RYAN AGENT,350000,,03/06/2018,KENTUCKY,7C,,,
The Saratoga Sale (2019),2019-08-06,163,CH,F,MALIBU MOON,AFTER THE GLORY,UNBRIDLED'S SONG,WARRENDALE SALES AGENT I,COTTON PLANT INC,260000,,01/28/2018,KENTUCKY,1,,,
The Saratoga Sale (2019),2019-08-06,164,B,C,INTO MISCHIEF,AGAIN,UNBRIDLED'S SONG,SELECT SALES AGENT FOR MACHMER HALL,DE MERIC SALES,350000,,02/18/2018,KENTUCKY,5,,,
The Saratoga Sale (2019),2019-08-06,165,DKB,F,LIAM'S MAP,AGATHA,DISTORTED HUMOR,CARA BLOODSTOCK AGENT FOR SAINTSBURY FARMS INC. (CHRISTINE & JAY HAYDEN),TAPROOT BLOODSTOCK LLC,300000,,03/30/2018,ONTARIO,2,,,
The Saratoga Sale (2019),2019-08-06,166,CH,F,AMERICAN PHAROAH,AGAVE KISS,LION HEART,TAYLOR MADE SALES AGENCY AGENT FOR TOWN & COUNTRY HORSE FARMS LLC,MIKE RYAN AGENT,325000,,03/13/2018,KENTUCKY,7A-B,,,http://tmsaecatalog.com/19FTSARA/98/hip/166
The Saratoga Sale (2019),2019-08-06,167,DKB,C,NYQUIST,ALL DUE RESPECT,VALUE PLUS,BROOKDALE SALES AGENT FOR HIGHLAND YARD LLC,TOM MCCROCKLIN AGENT,200000,,01/31/2018,KENTUCKY,3,,,
The Saratoga Sale (2019),2019-08-06,168,DKB,F,MORE THAN READY,ALLWEWANTFORXMAS,SONGANDAPRAYER,PARAMOUNT SALES AGENT V,NOT SOLD,140000,,05/01/2018,MARYLAND,1,,,
The Saratoga Sale (2019),2019-08-06,169,DKB,C,VIOLENCE,AL MAX DINER,END SWEEP,ST GEORGE SALES AGENT II,NOT SOLD,195000,,04/04/2018,KENTUCKY,8,,,
The Saratoga Sale (2019),2019-08-06,170,GRR,C,UNCLE MO,ALPHA MAMA,UNBRIDLED'S SONG,TAYLOR MADE SALES AGENCY AGENT XXV,NOT SOLD,450000,,01/31/2018,KENTUCKY,7A-B,,,http://tmsaecatalog.com/19FTSARA/98/hip/170
The Saratoga Sale (2019),2019-08-06,171,GRR,F,SPEIGHTSTOWN,ALWAYS AUDITIONING,MIZZEN MAST,TAYLOR MADE SALES AGENCY AGENT XI,OUT,0,,02/04/2018,KENTUCKY,7A-B,,,http://tmsaecatalog.com/19FTSARA/98/hip/171
The Saratoga Sale (2019),2019-08-06,172,B,C,RUNHAPPY,ALWAYS IN MY HEART,HENNESSY,DENALI STUD AGENT III,CROMWELL BLOODSTOCK,650000,,02/27/2018,KENTUCKY,7A,,,
The Saratoga Sale (2019),2019-08-06,173,CH,F,DISTORTED HUMOR,AMBER GRACE,ELUSIVE QUALITY,WARRENDALE SALES AGENT II,QUARTER POLE ENTERPRISES LLC,180000,,04/18/2018,PENNSYLVANIA,1,,,
The Saratoga Sale (2019),2019-08-06,174,CH,C,CURLIN,AMERICA,A.P. INDY,STONE FARM AGENT,WEST PT.WOODFORDSIENAVALDES SINGLETONSANDBROOKFREEMAN,1500000,,01/25/2018,KENTUCKY,1,,,
The Saratoga Sale (2019),2019-08-06,175,DKB,F,NYQUIST,APPRECIATING,SKY MESA,GAINESWAY AGENT I,WEST BLOODSTOCK,360000,,05/08/2018,KENTUCKY,6,,,
The Saratoga Sale (2019),2019-08-06,176,B,F,STREET SENSE,ARABIC STYLE,MEDAGLIA D'ORO,SELECT SALES AGENT II,NOT SOLD,120000,,02/08/2018,KENTUCKY,5,,,
The Saratoga Sale (2019),2019-08-06,177,CH,C,FROSTED,ARCHDUCHESS,PLEASANT TAP,BRIDIE HARRISON AGENT FOR PETER BLUM THOROUGHBREDS,TOM MCCROCKLIN AGENT,250000,,04/21/2018,KENTUCKY,4,,,
The Saratoga Sale (2019),2019-08-06,178,DKB,F,UNCLE MO,ARTEMIS AGROTERA,ROMAN RULER,SEQUEL NEW YORK AGENT FOR CHESTER & MARY BROMAN,WHITE BIRCH FARM INC,500000,,02/19/2018,NEW YORK,5,,,
The Saratoga Sale (2019),2019-08-06,179,DKB,F,NYQUIST,ASIAN EMPRESS,EMPIRE MAKER,PARAMOUNT SALES AGENT III,THREE CHIMNEYS FARM LLC,385000,,04/15/2018,KENTUCKY,1,,,
The Saratoga Sale (2019),2019-08-06,180,CH,C,TAPITURE,AUNT ELS,CONSOLIDATOR,TAYLOR MADE SALES AGENCY AGENT XXVI,KINGS EQUINE,125000,Y,02/01/2018,KENTUCKY,7A-B,,,http://tmsaecatalog.com/19FTSARA/98/hip/180
The Saratoga Sale (2019),2019-08-06,181,DKB,F,HARD SPUN,AVIE'S SENSE,STREET SENSE,WARRENDALE SALES AGENT FOR TALL OAKS FARM,OUT,0,,04/08/2018,ONTARIO,1,,,
The Saratoga Sale (2019),2019-08-06,183,B,C,DECLARATION OF WAR,BALLET PACIFICA,MINARDI,EATON SALES AGENT,NOT SOLD,140000,,03/04/2018,KENTUCKY,9,,,
The Saratoga Sale (2019),2019-08-06,184,DKB,C,NYQUIST,BANGA RIDGE,SNOW RIDGE,CARA BLOODSTOCK AGENT FOR SAINTSBURY FARMS INC. (CHRISTINE & JAY HAYDEN),KINGS EQUINE,220000,,04/22/2018,ONTARIO,2,,,
The Saratoga Sale (2019),2019-08-06,185,CH,C,UNION RAGS,BASBOOSA,HENNY HUGHES,TAYLOR MADE SALES AGENCY AGENT FOR ANN MUDGE BACKER/SMITTEN FARM,OUT,0,,01/21/2018,VIRGINIA,7A-B,,,
The Saratoga Sale (2019),2019-08-06,186,B,C,NOT THIS TIME,BELLE'S FINALE,GHOSTZAPPER,TAYLOR MADE SALES AGENCY AGENT XIII,ALBAUGH FAMILY STABLES,130000,,03/01/2018,KENTUCKY,7A-B,,,http://tmsaecatalog.com/19FTSARA/98/hip/186
The Saratoga Sale (2019),2019-08-06,187,B,C,EMPIRE MAKER,BELLESKI,POLISH NUMBERS,GAINESWAY AGENT IV,JOHN SERVIS AGENT,250000,,02/13/2018,KENTUCKY,6,,,
The Saratoga Sale (2019),2019-08-06,188,B,F,QUALITY ROAD,BELOVEDA,GHOSTZAPPER,GAINESWAY AGENT VI,STONESTREET STABLES LLC,450000,,03/25/2018,KENTUCKY,6,,,
The Saratoga Sale (2019),2019-08-06,189,B,C,OUTWORK,BLUEGRASS ELLIE,BLUEGRASS CAT,SELECT SALES AGENT FOR MACHMER HALL ET AL IV,NOT SOLD,230000,,01/22/2018,NEW YORK,5,,,
The Saratoga Sale (2019),2019-08-06,190,B,F,FLATTER,BODEE BEAUTIFUL,BODEMEISTER,TAYLOR MADE SALES AGENCY AGENT LXXXI,STARLIGHTF.BROTHERSAGENT,285000,,02/15/2018,KENTUCKY,7A-B,,,http://tmsaecatalog.com/19FTSARA/98/hip/190
The Saratoga Sale (2019),2019-08-06,191,B,C,AMERICAN PHAROAH,BON JOVI GIRL,MALIBU MOON,ST GEORGE SALES AGENT V,M V MAGNIER,950000,,02/07/2018,KENTUCKY,8,,,
The Saratoga Sale (2019),2019-08-06,192,B,C,MEDAGLIA D'ORO,BRYAN'S JEWEL,ROCKPORT HARBOR,TIMBER TOWN (MR. & MRS. T. WAYNE SWEEZEY) AGENT II,ECLIPSE THOROUGHBRED PARTNERS,775000,,04/07/2018,KENTUCKY,2,,,
The Saratoga Sale (2019),2019-08-06,193,CH,C,CURLIN,BYRAMA (GB),BYRON (GB),DROMOLAND FARM INC. (GERRY DILGER) AGENT III,NOT SOLD,135000,,03/22/2018,KENTUCKY,1,,,
The Saratoga Sale (2019),2019-08-06,194,GRR,F,EXAGGERATOR,CAPELLA DANCER,ROCKPORT HARBOR,PARAMOUNT SALES AGENT II,NOT SOLD,150000,,01/31/2018,KENTUCKY,1,,,
The Saratoga Sale (2019),2019-08-06,195,CH,F,CANDY RIDE (ARG),CAT FIGHT,STORM CAT,PARAMOUNT SALES AGENT I,DE MERIC SALES  C,325000,Y,03/12/2018,KENTUCKY,1,,,
The Saratoga Sale (2019),2019-08-06,196,CH,F,BIG BLUE KITTEN,CHANNEL LADY,ENGLISH CHANNEL,SOUTH POINT SALES AGENCY AGENT I,MARTIN ANTHONY,130000,,04/23/2018,KENTUCKY,7C,,,http://www.thorostride.com/sales/fasig-tipton-saratoga-2019-hip-196
The Saratoga Sale (2019),2019-08-06,197,GRR,C,INTO MISCHIEF,CHANTESS,UNBRIDLED'S SONG,SELECT SALES AGENT FOR MACHMER HALL I,GRAND OAKS,320000,,03/30/2018,KENTUCKY,5,,,
The Saratoga Sale (2019),2019-08-06,198,B,C,UNCLE MO,CHATTERTOWN,SPEIGHTSTOWN,DENALI STUD AGENT VII,LAEL STABLE,475000,,02/16/2018,KENTUCKY,7A,,,
The Saratoga Sale (2019),2019-08-06,199,B,F,AMERICAN PHAROAH,CLASSOFSIXTYTHREE,INCLUDE,TAYLOR MADE SALES AGENCY AGENT XI,THOMAS HAUGHEY FOR PTK LLC,210000,,05/02/2018,KENTUCKY,7A-B,,,http://tmsaecatalog.com/19FTSARA/98/hip/199
The Saratoga Sale (2019),2019-08-06,200,DKB,F,HONOR CODE,COMPLICATED,BLAME,FORT CHRISTOPHER'S THOROUGHBREDS LLC AGENT FOR KINGSPORT FARM,OUT,0,,01/21/2018,KENTUCKY,1,,,
The Saratoga Sale (2019),2019-08-06,201,CH,C,MALIBU MOON,CONQUEST SWEETRIDE,CANDY RIDE (ARG),TAYLOR MADE SALES AGENCY AGENT XXIX,GOLDEN STANDARD THOROUGHBREDS,107000,Y,01/30/2018,FLORIDA,7A-B,,,http://tmsaecatalog.com/19FTSARA/98/hip/201
The Saratoga Sale (2019),2019-08-06,202,B,C,INTO MISCHIEF,COY CAT,HOLD THAT TIGER,HUNTER VALLEY FARM AGENT,CROMWELL BLOODSTOCK,525000,,03/09/2018,KENTUCKY,1,,,
The Saratoga Sale (2019),2019-08-06,204,DKB,C,TAPIT,DAKOTA WIND,TIZNOW,GAINESWAY AGENT FOR RELENTLESS RACING & TAPIT SYNDICATE,CHINA HORSE CLUB/ MAVERICK RACING,300000,,03/28/2018,LOUISIANA,6,,,http://www.thorostride.com/sales/fasig-tipton-saratoga-2019-hip-204
The Saratoga Sale (2019),2019-08-06,205,CH,C,BRODY'S CAUSE,DANCE THEWAYYOUARE,MINESHAFT,TAYLOR MADE SALES AGENCY AGENT XVI,ALBAUGH FAMILY STABLES,185000,,02/25/2018,ONTARIO,7A-B,,,http://tmsaecatalog.com/19FTSARA/98/hip/205
The Saratoga Sale (2019),2019-08-06,206,DKB,F,CURLIN,DAWN RAID,VINDICATION,WARRENDALE SALES AGENT III,MIKE RYAN AGENT,500000,,03/23/2018,KENTUCKY,1,,,
The Saratoga Sale (2019),2019-08-06,207,GRR,F,LIAM'S MAP,DEBORAH'S MOMENT,LEMON DROP KID,BROOKDALE SALES AGENT FOR THORNMAR,OUT,0,,02/12/2018,MARYLAND,3,,,
The Saratoga Sale (2019),2019-08-06,208,GRR,F,LIAM'S MAP,DECEIT,DANZIG,FORT CHRISTOPHER'S THOROUGHBREDS LLC AGENT FOR KINGSPORT FARM,OUT,0,,01/19/2018,KENTUCKY,1,,,
The Saratoga Sale (2019),2019-08-06,209,CH,C,SPEIGHTSTER,DENALI RED,CRAFTY PROSPECTOR,PARAMOUNT SALES AGENT XIII,NOT SOLD,135000,,04/14/2018,KENTUCKY,1,,,
The Saratoga Sale (2019),2019-08-06,210,B,C,GALILEO (IRE),DIXIELAND KISS,DIXIE UNION,TAYLOR MADE SALES AGENCY AGENT XXX,LOTHENBACH STABLES INC.,400000,,03/05/2018,IRE,7A-B,,,http://tmsaecatalog.com/19FTSARA/98/hip/210
The Saratoga Sale (2019),2019-08-06,211,B,F,UNCLE MO,DOTHRAKI QUEEN,PURE PRIZE,BLUEWATER SALES LLC AGENT VII,CARLO VACCAREZZA,450000,,02/02/2018,KENTUCKY,4,,,http://www.thorostride.com/sales/fasig-tipton-saratoga-2019-hip-211
The Saratoga Sale (2019),2019-08-06,212,B,F,INTO MISCHIEF,HUMOR ME COLONEL,COLONEL JOHN,PARAMOUNT SALES AGENT IV,NOT SOLD,335000,,03/15/2018,KENTUCKY,1,,,
The Saratoga Sale (2019),2019-08-06,213,GRR,F,CALIFORNIA CHROME,EDIT,UNBRIDLED'S SONG,OLD CHAPEL FARM (ANDREW MOTION),BOBBY FLAY,230000,,04/07/2018,KENTUCKY,8,,,
The Saratoga Sale (2019),2019-08-06,214,GRR,F,EXAGGERATOR,ELITISM,MACHO UNO,SELECT SALES AGENT FOR COTEAU GROVE FARMS LLC,KERRI RADCLIFFE AGENT,400000,,02/22/2018,LOUISIANA,5,,,
The Saratoga Sale (2019),2019-08-06,215,B,C,STREET SENSE,ELLESMERE,TABASCO CAT,VANMETER GENTRY SALES AGENT I,NOT SOLD,500000,,03/23/2018,KENTUCKY,7C,,,
The Saratoga Sale (2019),2019-08-06,216,DKB,F,MEDAGLIA D'ORO,ELLE SUENO,STREET CRY (IRE),BLUEWATER SALES LLC AGENT XIX,BURNING DAYLIGHT FARMS INC & REBECCA GALBRAITH,450000,,02/12/2018,KENTUCKY,4,,,http://www.thorostride.com/sales/fasig-tipton-saratoga-2019-hip-216
The Saratoga Sale (2019),2019-08-06,217,DKB,C,NYQUIST,ELUSIVE CHECKERS,QUALITY ROAD,INDIAN CREEK AGENT,OUT,0,,03/21/2018,KENTUCKY,2&6,,,http://www.thorostride.com/sales/fasig-tipton-saratoga-2019-hip-217
The Saratoga Sale (2019),2019-08-06,218,DKB,F,PIONEEROF THE NILE,EMBELLISH THE LACE,SUPER SAVER,BLUEWATER SALES LLC AGENT VII,BEN MCELROY AGENT FOR KSI,700000,,02/13/2018,KENTUCKY,4,,,http://www.thorostride.com/sales/fasig-tipton-saratoga-2019-hip-218
The Saratoga Sale (2019),2019-08-06,219,B,C,CANDY RIDE (ARG),EMPIRE DESIRE,EMPIRE MAKER,BLAKE-ALBINA THOROUGHBRED SERVICES LLC AGENT I,CENTENNIAL FARMS LLC,500000,,03/20/2018,KENTUCKY,10,,,
The Saratoga Sale (2019),2019-08-06,220,GRR,F,FROSTED,ERMINE SLIPPERS,EL PRADO (IRE),EATON SALES AGENT,NOT SOLD,200000,,01/15/2018,KENTUCKY,9,,,http://www.thorostride.com/sales/fasig-tipton-saratoga-2019-hip-220
The Saratoga Sale (2019),2019-08-06,221,B,C,QUALITY ROAD,ETIQUETTE,TAPIT,BRIDIE HARRISON AGENT FOR PETER BLUM THOROUGHBREDS,R S EVANS,500000,,04/02/2018,KENTUCKY,4,,,
The Saratoga Sale (2019),2019-08-06,222,B,F,AMERICAN PHAROAH,EVERLASTING BEAUTY,STORMY ATLANTIC,PARAMOUNT SALES AGENT FOR WELLSPRING STABLES LLC,OUT,0,,05/09/2018,KENTUCKY,1,,,
The Saratoga Sale (2019),2019-08-06,223,B,F,INTO MISCHIEF,EYEPOPNRUBY,TAKE ME OUT,ST GEORGE SALES AGENT I,GOLDEN STANDARD THOROUGHBREDS,200000,,02/05/2018,KENTUCKY,8,,,
