SALE TITLE,SESSION,HIP,COLOR,NAME,SEX,SIRE,DAM,SIRE OF DAM,PROPERTY LINE,PURCHASER,PRICE,PRIVATE SALE,YEAR OF BIRTH,FOALED,BARN,COVERING SIRE,COVER DATE,CONSIGNOR NAME,SOLD AS CODE,SOLD AS DESCRIPTION,VIRTUAL INSPECTION
The Saratoga Fall Sale (2018),2018-10-15,1,B,ARRADOUL,M,DIXIELAND BAND,GOLD RUSH QUEEN,SEEKING THE GOLD,,ELKDALE BREEDING PARTNERSHIP,14000,,02/15/2003,KENTUCKY,26,ALPHA,2018-05-11,SEQUEL NEW YORK,B,,
The Saratoga Fall Sale (2018),2018-10-15,2,CH,BACKWOOD BAY,M,GIROLAMO,ARRADOUL,DIXIELAND BAND,,MACHMER HALL,50000,Y,04/23/2013,NEW YORK,26,EXAGGERATOR,2018-03-26,SEQUEL NEW YORK,B,,
The Saratoga Fall Sale (2018),2018-10-15,3,B,BAG OF TRICKS,M,BERNARDINI,WOULDTHISBEMAGIC,CLEVER TRICK,,MACHMER HALL,95000,,02/09/2013,NEW YORK,26,UNIFIED,2018-05-15,SEQUEL NEW YORK,B,,
The Saratoga Fall Sale (2018),2018-10-15,4,DKB,BERNING CARBS,M,BERNARDINI,CARMANDIA,WILD RUSH,,NOT SOLD,4500,,02/20/2009,NEW YORK,26,CENTRAL BANKER,2018-05-06,SEQUEL NEW YORK,B,,
The Saratoga Fall Sale (2018),2018-10-15,5,DKB,BLANK SLATE,M,GIO PONTI,TARRIP,GREEN DESERT,,ALAN QUARTUCCI,50000,,03/19/2014,KENTUCKY,5,FLINTSHIRE (GB),2018-04-01,HIDDEN BROOK,B,,
The Saratoga Fall Sale (2018),2018-10-15,6,CH,BLINDSIDEHIT,M,BLUEGRASS CAT,HEART LAKE,UNBRIDLED,,SHOWCASE STABLES,11000,Y,03/06/2008,ONTARIO,8-9,CUPID,2018-02-23,VINERY SALES,B,,
The Saratoga Fall Sale (2018),2018-10-15,7,DKB,CATCH A THIEF,M,FLATTER,NABBED,RED RANSOM,,OUT,0,,03/29/2007,MARYLAND,8-9,WAR DANCER,2018-03-06,VINERY SALES,B,,
The Saratoga Fall Sale (2018),2018-10-15,8,CH,CORONATION STREET,M,STREET CRY (IRE),SARA LOUISE,MALIBU MOON,,GRANT DAVIES & ANDERSON FARMS,100000,,02/16/2013,KENTUCKY,26,TWIRLING CANDY,2018-03-24,SEQUEL NEW YORK,B,,
The Saratoga Fall Sale (2018),2018-10-15,9,DKB,COUNTER CULTURE,M,SMART STRIKE,CARMANDIA,WILD RUSH,,LOUIS LAZZINNARO JJ CRUPIAGT,5000,,06/03/2012,NEW YORK,26,ALPHA,2018-03-15,SEQUEL NEW YORK,B,,
The Saratoga Fall Sale (2018),2018-10-15,10,CH,DAKOTA DOLL,M,DEFRERE,DODGE CITY RICHES,CITIDANCER,,RANDALL WOJDYLA,15000,,04/19/2005,NEW JERSEY,8-9,CENTRAL BANKER,2018-03-21,VINERY SALES,B,,
The Saratoga Fall Sale (2018),2018-10-15,11,DKB,DASH DOT DASH,M,PUT IT BACK,SHINGALANA,JOLIE'S HALO,,RANDALL WOJDYLA,15000,,04/15/2006,KENTUCKY,26,CENTRAL BANKER,2018-04-07,SEQUEL NEW YORK,B,,
The Saratoga Fall Sale (2018),2018-10-15,12,B,DECEIVE,M,TIZNOW,ILLICIT,MR. PROSPECTOR,,NOT SOLD,2500,,05/12/2007,KENTUCKY,1-2,,,RFHF BLOODSTOCK LLC,B,,
The Saratoga Fall Sale (2018),2018-10-15,13,DKB,DEEP TROUBLE,M,INTO MISCHIEF,SUBMERGE,FUSAICHI PEGASUS,,ANDREA NUSSINOW,10000,,04/26/2014,NEW YORK,26,FRIEND OR FOE,2018-04-24,SEQUEL NEW YORK,B,,
The Saratoga Fall Sale (2018),2018-10-15,14,CH,DUBLIN GIRL,M,DUBLIN,CARSON CITY GIRL,CARSON CITY,,LAMBHOLM AGT.,42000,,05/11/2014,NEW YORK,5,FREUD,2018-05-15,PREFERRED EQUINE,B,,
The Saratoga Fall Sale (2018),2018-10-15,15,B,EARTH TO MATILDA,M,FIRST SAMURAI,GUIDE,PULPIT,,NOT SOLD,4500,,03/18/2011,KENTUCKY,26,FRIEND OR FOE,2018-04-20,SEQUEL NEW YORK,B,,
The Saratoga Fall Sale (2018),2018-10-15,16,B,FIGHTER WING,M,EMPIRE MAKER,LAKENHEATH,COLONIAL AFFAIR,,COLT PIKE AGENT,9000,,02/21/2005,KENTUCKY,26,MISSION IMPAZIBLE,2018-05-10,SEQUEL NEW YORK,B,,
The Saratoga Fall Sale (2018),2018-10-15,17,B,FROM TIZ MOMENT ON,M,TIZNOW,COCO BELLE,STORM BOOT,,NOT SOLD,13000,,01/21/2011,KENTUCKY,7A,LAOBAN,2018-04-18,FORT CHRISTOPHER'S THBRED LLC,B,,
The Saratoga Fall Sale (2018),2018-10-15,19,DKB,HALDANE,M,RAFFIE'S MAJESTY,TREASURE ALWAYS,SUMMER SQUALL,,RICK BURKE AGENT,9000,Y,03/23/2009,NEW YORK,7B,WAR DANCER,2018-05-05,MCMAHON OF SARATOGA THB LLC,B,,
The Saratoga Fall Sale (2018),2018-10-15,20,B,HEARTED,M,GRAND REWARD,SHAKESPEAREAN,THEATRICAL (IRE),,NOT SOLD,1000,,03/02/2007,PENNSYLVANIA,7B,ALPHA,2018-05-05,MCMAHON OF SARATOGA THB LLC,B,,
The Saratoga Fall Sale (2018),2018-10-15,21,B,HEDY HOPPER,M,VICTORY GALLOP,SOUTH WING,DIXIE BRASS,,NOT SOLD,9000,,02/23/2007,KENTUCKY,4,SPEIGHTSTER,2018-05-08,CHERYL PRUDHOMME,B,,
The Saratoga Fall Sale (2018),2018-10-15,22,DKB,HOLY KUGA,M,ORIENTATE,ED'S HOLY COW,BET BIG,,NOT SOLD,16500,,04/01/2008,KENTUCKY,3,CUPID,2018-05-04,THE NEW HILL FARM LLC,B,,
The Saratoga Fall Sale (2018),2018-10-15,23,B,HOUT BAY,M,HARLAN'S HOLIDAY,WESTERN RUSH,WEST BY WEST,,DON GIBB,5000,,04/07/2008,KENTUCKY,26,ALPHA,2018-05-13,SEQUEL NEW YORK,B,,
The Saratoga Fall Sale (2018),2018-10-15,24,GRR,INVOKE,M,HOLY BULL,HAVEAHEAVENLYTIME,HALO,,NOT SOLD,7500,,05/03/2008,OHIO,5,SPEIGHTSTER,2018-05-16,PREFERRED EQUINE,B,,
The Saratoga Fall Sale (2018),2018-10-15,25,CH,JUST CAT,F,CITY ZIP,PLINKING,TALKIN MAN,,OUT,0,,04/24/2015,NEW YORK,1-2,,,RFHF BLOODSTOCK LLC,BP,,
The Saratoga Fall Sale (2018),2018-10-15,26,DKB,KAT O MINE,F,MINESHAFT,NEHANTIC KAT,TOMORROWS CAT,,DENNIS J CUMMINGS,16000,,04/22/2014,NEW YORK,5,,,THOMAS J GALLO III SALES AGCY,BP,,
The Saratoga Fall Sale (2018),2018-10-15,27,B,KEEP RIGHT,M,STREET CRY (IRE),GRAND MERGER,A.P. INDY,,COUNTRY LIFE FARM AGT.,50000,Y,03/29/2011,NEW YORK,26,LORD NELSON,2018-05-07,SEQUEL NEW YORK,B,,
The Saratoga Fall Sale (2018),2018-10-15,28,B,LA TRINACRIA,M,HARLAN'S HOLIDAY,ALMERIA GAL,EL PRADO (IRE),,PUCKER RIDGE FARM,7000,,03/23/2013,KENTUCKY,26,GREENPOINTCRUSADER,2018-03-20,SEQUEL NEW YORK,B,,
The Saratoga Fall Sale (2018),2018-10-15,29,B,LEMON DROP'S LOVE,M,LEMON DROP KID,GINNY DARE,PILGRIM,,BLACKSTONE FARM LLC,9000,,05/02/2002,NEW YORK,5,FREUD,2018-06-08,PREFERRED EQUINE,B,,
The Saratoga Fall Sale (2018),2018-10-15,30,CH,LIL T N LORRAINE,M,MAJESTIC WARRIOR,J P GIRL,DISTORTED HUMOR,,ROBERT WRIGHT,2500,,02/17/2015,KENTUCKY,26,GREENPOINTCRUSADER,2018-04-24,SEQUEL NEW YORK,B,,
The Saratoga Fall Sale (2018),2018-10-15,31,CH,LOVE WALKED IN,M,STORM CAT,PHONE CHATTER,PHONE TRICK,,NOT SOLD,33000,,02/24/2003,KENTUCKY,6,PRACTICAL JOKE,2018-04-08,ROYAL BLOODSTOCK SALES LLC,B,,
The Saratoga Fall Sale (2018),2018-10-15,32,B,LYNDENHURST,M,OXBOW,SPOTTSWOODE,MASTER COMMAND,,DOROTHY BAILIN,2000,,02/12/2015,KENTUCKY,8-9,FREUD,2018-03-22,VINERY SALES,B,,
The Saratoga Fall Sale (2018),2018-10-15,33,DKB,MAMA MAXINE,M,MORE THAN READY,MISS HOUDINI,BELONG TO ME,,SOUTHERN EQUINE STABLE LLC,105000,,03/06/2008,KENTUCKY,1,EXAGGERATOR,2018-05-12,POPE MCLEAN,B,,
The Saratoga Fall Sale (2018),2018-10-15,34,B,MAN STUFF,M,BELONG TO ME,ESPRESSO SONG,SIPHON (BRZ),,OUT,0,,04/15/2009,KENTUCKY,26,DIALED IN,2018-04-29,SEQUEL NEW YORK,B,,
The Saratoga Fall Sale (2018),2018-10-15,35,CH,MISS LIBBY,M,DESERT WARRIOR,VIA MIZNER,FORTY NINER,,NOT SOLD,1000,,03/08/2009,NEW YORK,7B,TEUFLESBERG,2018-05-16,MCMAHON OF SARATOGA THB LLC,B,,
The Saratoga Fall Sale (2018),2018-10-15,36,DKB,MISS PATSY,M,CHESTER HOUSE,POWDER DOLL,POWDER HORN,,MORELL BLOODSTOCK LLC AGENT,31000,,04/30/2004,KENTUCKY,1,BAYERN,2018-04-05,POPE MCLEAN,B,,
The Saratoga Fall Sale (2018),2018-10-15,37,CH,MOM'S RAVIOLIS,M,TALE OF THE CAT,SONOMA MEADOW,MEADOWLAKE,,JBB STABLE #2,1000,,03/24/2013,KENTUCKY,8-9,,,VINERY SALES,B,,
The Saratoga Fall Sale (2018),2018-10-15,38,B,MYAKKA,M,CRAFTY PROSPECTOR,TALAMANCA,ST. JOVITE,,DON GIBB,2000,,04/16/2005,NEW YORK,8-9,MICROMANAGE,2018-05-31,VINERY SALES,B,,
The Saratoga Fall Sale (2018),2018-10-15,39,CH,MY FAVORITE TWO,M,E DUBAI,SYDNEY'S LEXINGTON,OUTOFTHEBOX,,TWO TALL PINES,1200,,05/10/2010,NEW YORK,7B,TEUFLESBERG,2018-02-14,MCMAHON OF SARATOGA THB LLC,B,,
The Saratoga Fall Sale (2018),2018-10-15,40,B,OUR HOPE DIAMOND,F,GEMOLOGIST,DANCE ALEXA,SOUTHERN HALO,,MICHAEL LISCHIN,37000,,03/31/2015,KENTUCKY,1,CARPE DIEM,2018-05-27,POPE MCLEAN,B,,
The Saratoga Fall Sale (2018),2018-10-15,41,B,OVER FORLI (CHI),M,MILT'S OVERTURE,EASTERN FORLI (ARG),FORLITANO (ARG),,NOT SOLD,17000,,12/08/2003,CHI,3,GORMLEY,2018-04-16,THE NEW HILL FARM LLC,B,,
The Saratoga Fall Sale (2018),2018-10-15,42,B,PARTING SHOT,M,TRAPPE SHOT,DEPUTY G. G.,SILVER DEPUTY,,OUT,0,,04/15/2013,TEXAS,26,MISSION IMPAZIBLE,2018-04-13,SEQUEL NEW YORK,B,,
The Saratoga Fall Sale (2018),2018-10-15,43,DKB,PINK LOLLIPOPS,M,SILVER DEPUTY,CHRISTMAS ROSE,PRIVATE TERMS,,NOT SOLD,4500,,03/31/2008,KENTUCKY,26,MISSION IMPAZIBLE,2018-05-27,SEQUEL NEW YORK,B,,
The Saratoga Fall Sale (2018),2018-10-15,44,B,RISK A CHANCE,M,A.P. INDY,SEEKING THE ANTE,SEEKING THE GOLD,,SOUTHERN EQUINE STABLE LLC,40000,,03/16/2008,NEW YORK,26,LAOBAN,2018-04-08,SEQUEL NEW YORK,B,,
The Saratoga Fall Sale (2018),2018-10-15,45,GRR,ROMANCE DANCE,M,VISION AND VERSE,A KISS AWAY,COZZENE,,OUT,0,,04/28/2003,ILLINOIS,1-2,,,RFHF BLOODSTOCK LLC,B,,
The Saratoga Fall Sale (2018),2018-10-15,46,B,SACAGAWEA'S TALE,M,INDIAN CHARLIE,TWISTED TALE,TALE OF THE CAT,,OUT,0,,03/16/2011,KENTUCKY,26,MISSION IMPAZIBLE,2018-06-11,SEQUEL NEW YORK,B,,
The Saratoga Fall Sale (2018),2018-10-15,47,DKB,JUMPED THE HARBOR,M,JUMP START,ABOVE THE HARBOR,PETIONVILLE,,NOT SOLD,74000,,02/06/2010,IOWA,3,TIZNOW,2018-04-22,THE NEW HILL FARM LLC,B,,
The Saratoga Fall Sale (2018),2018-10-15,48,B,SINGMEASONG,M,SONGANDAPRAYER,RAINBOW PROMISE,KNOWN FACT,,NOT SOLD,3000,,03/15/2008,KENTUCKY,6,ALPHA,2018-06-16,SONG HILL THOROUGHBREDS LLC,B,,
The Saratoga Fall Sale (2018),2018-10-15,49,CH,SMART AND SASSY,F,FREUD,VERY FUNNY,DISTORTED HUMOR,,NOT SOLD,6500,,04/07/2014,NEW YORK,7B,,,MCMAHON OF SARATOGA THB LLC,BP,,
The Saratoga Fall Sale (2018),2018-10-15,50,DKB,SUBMERGE,M,FUSAICHI PEGASUS,INDY GLORY,A.P. INDY,,NOT SOLD,9000,,01/30/2006,NEW YORK,26,CENTRAL BANKER,2018-02-24,SEQUEL NEW YORK,B,,
The Saratoga Fall Sale (2018),2018-10-15,51,B,SUGAR BEACH,M,PERUVIAN,HOMAH LING LING,POLISH PRO,,NOT SOLD,1000,,03/02/2008,NEW YORK,7B,,,MCMAHON OF SARATOGA THB LLC,B,,
The Saratoga Fall Sale (2018),2018-10-15,52,B,SURVIVE THE RIDE,F,CANDY RIDE (ARG),SOLO SURVIVOR,PLEASANT TAP,,MADELINE TILLOTSON/ SINGING BRIDGE STABLES,15000,Y,04/28/2015,NEW YORK,6,,,ROYAL BLOODSTOCK SALES LLC,RB,,
The Saratoga Fall Sale (2018),2018-10-15,53,CH,TABUHA,M,BUDDHA,TAHILA,SLEW THE KNIGHT,,NOT SOLD,4500,,04/25/2005,NEW YORK,8-9,BUSTIN STONES,2018-06-11,VINERY SALES,B,,
The Saratoga Fall Sale (2018),2018-10-15,54,CH,TAKE ISSUE,M,SIR WHIMSEY,CONTROL ISSUE,OFFICER,,OUT,0,,03/25/2012,NEW YORK,8-9,GIANT SURPRISE,2018-02-21,VINERY SALES,B,,
The Saratoga Fall Sale (2018),2018-10-15,55,CH,THATZA WRAP,M,HARD SPUN,SAFETY NET,A.P. INDY,,BARRY OSTRAGER,5500,Y,03/03/2011,NEW YORK,26,ALPHA,2018-05-22,SEQUEL NEW YORK,B,,
The Saratoga Fall Sale (2018),2018-10-15,56,DKB,TRADING VOLUME,M,ARCH,CROSSING THE TAPE,JOHANNESBURG,,KARATE BLOODSTOCK,28000,,03/16/2014,KENTUCKY,5,FLINTSHIRE (GB),2018-04-11,HIDDEN BROOK,B,,
The Saratoga Fall Sale (2018),2018-10-15,57,DKB,,F,COMPETITIVE EDGE,UNENTANGLED,NOT FOR LOVE,,NOT SOLD,2700,,03/11/2018,NEW YORK,7C,,,HARRY L LANDRY BLOODSTOCK LLC,W,,
The Saratoga Fall Sale (2018),2018-10-15,58,B,,F,TWIRLING CANDY,WARM SHOWER,DYNAFORMER,,GOOD LUCK FARM,50000,,01/30/2018,NEW YORK,1-2,,,RFHF BLOODSTOCK LLC,W,,
The Saratoga Fall Sale (2018),2018-10-15,59,DKB,,C,COMPETITIVE EDGE,WESTERN RANSOM,RED RANSOM,,CHRISTOPHER SHELLI AGENT,20000,,04/05/2018,NEW YORK,3,,,THE NEW HILL FARM LLC,W,,
The Saratoga Fall Sale (2018),2018-10-15,60,B,,C,LAOBAN,WILD AND WINDBLOWN,BROKEN VOW,,OUT,0,,04/28/2018,NEW YORK,7B,,,MCMAHON OF SARATOGA THB LLC,W,,
The Saratoga Fall Sale (2018),2018-10-15,61,CH,,F,SPEIGHTSTER,A CUT AHEAD,TIZ WONDERFUL,,OUT,0,,04/18/2018,NEW YORK,26,,,SEQUEL NEW YORK,W,,
The Saratoga Fall Sale (2018),2018-10-15,62,B,,C,WAR DANCER,AIR MAIL,GULCH,,BARRY BERKELHAMMER AGT,15000,,02/12/2018,NEW YORK,8-9,,,VINERY SALES,W,,
The Saratoga Fall Sale (2018),2018-10-15,63,DKB,,F,LAOBAN,A J TANGO,EUROSILVER,,NOT SOLD,4700,,04/06/2018,NEW YORK,7B,,,MCMAHON OF SARATOGA THB LLC,W,,
The Saratoga Fall Sale (2018),2018-10-15,64,B,,F,TEUFLESBERG,ALL BRONZE,DESERT WARRIOR,,NOT SOLD,4400,,01/29/2018,NEW YORK,7B,,,MCMAHON OF SARATOGA THB LLC,W,,
The Saratoga Fall Sale (2018),2018-10-15,65,B,,C,SHANGHAI BOBBY,ALWAYSINSTILETTOS,BANDINI,,OUT,0,,02/22/2018,NEW YORK,5,,,THOMAS J GALLO III SALES AGCY,W,,
The Saratoga Fall Sale (2018),2018-10-15,66,B,,F,TEMPLE CITY,AQUAPAZZA,STORMY ATLANTIC,,BLUEWATER SALES,20000,,03/07/2018,NEW YORK,1-2,,,RFHF BLOODSTOCK LLC,W,,
The Saratoga Fall Sale (2018),2018-10-15,67,DKB,,C,STAY THIRSTY,ARDEN WAY,CARSON CITY,,NOT SOLD,14000,,02/27/2018,NEW YORK,4,,,CHERYL PRUDHOMME,W,,
The Saratoga Fall Sale (2018),2018-10-15,68,B,,C,TEUFLESBERG,AUGUST GALA,BROKEN VOW,,NOT SOLD,1700,,03/01/2018,NEW YORK,7B,,,MCMAHON OF SARATOGA THB LLC,W,,
The Saratoga Fall Sale (2018),2018-10-15,69,CH,,F,EFFINEX,AUNTIE MILLIE,DISCO RICO,,WYNWOOD THOROUGHBREDS,5000,,02/10/2018,NEW YORK,1-2,,,RFHF BLOODSTOCK LLC,W,,
The Saratoga Fall Sale (2018),2018-10-15,70,CH,,F,GOLDEN TICKET,BARES TRIPPER,SKY MESA,,OUT,0,,05/31/2018,NEW YORK,1-2,,,RFHF BLOODSTOCK LLC,W,,
The Saratoga Fall Sale (2018),2018-10-15,71,B,,C,LAOBAN,BEAR SHE GOES,BERNARDINI,,OUT,0,,03/20/2018,NEW YORK,7C,,,HARRY L LANDRY BLOODSTOCK LLC,W,,
The Saratoga Fall Sale (2018),2018-10-15,72,DKB,,C,KANTHAROS,BEDSIDE POSSE,POSSE,,MACHMER HALL,100000,,02/26/2018,NEW YORK,8-9,,,VINERY SALES,W,,
The Saratoga Fall Sale (2018),2018-10-15,73,DKB,,F,CARPE DIEM,BEGINNER'S LUCK,AWESOME AGAIN,,KARATE BLOODSTOCK,37000,,02/27/2018,NEW YORK,7C,,,CATALYST BLOODSTOCK LLC,W,,
The Saratoga Fall Sale (2018),2018-10-15,74,B,,F,THE FACTOR,BELLA'S FLAIR,BELLAMY ROAD,,NOT SOLD,40000,,03/28/2018,NEW YORK,7B,,,MCMAHON OF SARATOGA THB LLC,W,,
The Saratoga Fall Sale (2018),2018-10-15,75,B,LASS,F,RACE DAY,BET ON A CHICK,ALPHABET SOUP,,OUT,0,,03/17/2018,NEW YORK,8-9,,,VINERY SALES,W,,
The Saratoga Fall Sale (2018),2018-10-15,76,DKB,,C,TEXAS RED,BETTY'S BARONESS,SMARTY JONES,,LINDA RICE AGENT,30000,,01/22/2018,NEW YORK,7C,,,HARRY L LANDRY BLOODSTOCK LLC,W,,
The Saratoga Fall Sale (2018),2018-10-15,77,DKB,,F,TREASURE BEACH (GB),BLINK,CITY ZIP,,NOT SOLD,5000,,02/11/2018,NEW YORK,5,,,GARY & LAUREL LEAST,W,,
The Saratoga Fall Sale (2018),2018-10-15,78,B,,C,OUTWORK,BLUEGRASS ELLIE,BLUEGRASS CAT,,MACHMER HALL,125000,,01/22/2018,NEW YORK,7C,,,CATALYST BLOODSTOCK LLC,W,,
The Saratoga Fall Sale (2018),2018-10-15,79,CH,,F,SPEIGHTSTER,BUT SHE'S OURS,LAWYER RON,,HIDDEN BROOK AGENT,20000,,03/27/2018,NEW YORK,1-2,,,RFHF BLOODSTOCK LLC,W,,
The Saratoga Fall Sale (2018),2018-10-15,80,GRR,,C,LIAM'S MAP,CANDY CAT CAN,LANGFUHR,,BLUEWATER SALES,80000,,01/30/2018,NEW YORK,1-2,,,RFHF BLOODSTOCK LLC,W,,
The Saratoga Fall Sale (2018),2018-10-15,81,CH,,C,TRAPPE SHOT,BRIGHT LINE,FUSAICHI PEGASUS,,NOT SOLD,9500,,04/18/2018,NEW YORK,4,,,RENEE LOGAN,W,,
The Saratoga Fall Sale (2018),2018-10-15,82,B,,C,WAR DANCER,CHILLING PROSPECT,ALLEN'S PROSPECT,,ROCKY RASHALL,15000,,02/14/2018,NEW YORK,8-9,,,VINERY SALES,W,,
The Saratoga Fall Sale (2018),2018-10-15,83,B,DUSTGETSINYOUREYES,C,WAR DANCER,CHINCHILLA DUST,FREUD,,NOT SOLD,6000,,03/01/2018,NEW YORK,8-9,,,VINERY SALES,W,,
The Saratoga Fall Sale (2018),2018-10-15,84,B,,C,GOLDENCENTS,CINDERELLA'S WISH,SPEIGHTSTOWN,,BLUEWATER SALES,25000,,04/15/2018,NEW YORK,7B,,,MCMAHON OF SARATOGA THB LLC,W,,
The Saratoga Fall Sale (2018),2018-10-15,85,B,,C,LAOBAN,CITY SCAMPER,CITY ZIP,,OFF THE HOOK LLC,30000,,05/08/2018,NEW YORK,4,,,PATRICIA CALANDRO,W,,
The Saratoga Fall Sale (2018),2018-10-15,86,GRR,,C,BRODY'S CAUSE,COMFORT LEVEL,MIZZEN MAST,,JONATHAN THORNE,42000,,02/24/2018,NEW YORK,7C,,,HARRY L LANDRY BLOODSTOCK LLC,W,,
The Saratoga Fall Sale (2018),2018-10-15,87,B,,F,TEUFLESBERG,COUNTRY AGAIN,AWESOME AGAIN,,NOT SOLD,1000,,04/30/2018,NEW YORK,7B,,,MCMAHON OF SARATOGA THB LLC,W,,
The Saratoga Fall Sale (2018),2018-10-15,88,CH,,C,EFFINEX,DAISY MOUNTAIN,PHONE TRICK,,NOT SOLD,9000,,03/11/2018,NEW YORK,1-2,,,RFHF BLOODSTOCK LLC,W,,
The Saratoga Fall Sale (2018),2018-10-15,89,B,,C,EFFINEX,DAKOTA DOLL,DEFRERE,,GRACIE BLOODSTSOCK,13000,,02/13/2018,NEW YORK,8-9,,,VINERY SALES,W,,
The Saratoga Fall Sale (2018),2018-10-15,90,B,,F,LAOBAN,DAY AFTER DAY,NOONMARK,,RICE HORSE STABLE,2000,,04/09/2018,NEW YORK,7C,,,CATALYST BLOODSTOCK LLC,W,,
The Saratoga Fall Sale (2018),2018-10-15,91,B,,C,EFFINEX,DECEIVE,TIZNOW,,IVERY SISTERS RACING/ DAVID CANNIZZO AGENT,16000,,04/18/2018,NEW YORK,1-2,,,RFHF BLOODSTOCK LLC,W,,
The Saratoga Fall Sale (2018),2018-10-15,92,B,,C,LAOBAN,DEVIOUS CHIC,HARLAN'S HOLIDAY,,OUT,0,,05/03/2018,NEW YORK,7B,,,MCMAHON OF SARATOGA THB LLC,W,,
The Saratoga Fall Sale (2018),2018-10-15,93,B,,F,WICKED STRONG,DIADELLA,DIESIS (GB),,OUT,0,,04/09/2018,NEW YORK,7A,,,FORT CHRISTOPHER'S THBRED LLC,W,,
The Saratoga Fall Sale (2018),2018-10-15,94,CH,,C,ALPHA,DISCREET LADY,DISCREET CAT,,4 LITTLE MONKEYS,18000,,04/23/2018,NEW YORK,7A,,,FORT CHRISTOPHER'S THBRED LLC,W,,
The Saratoga Fall Sale (2018),2018-10-15,95,B,,C,LEMON DROP KID,DISTORTED LOVE,DISTORTED HUMOR,,ATLANTIC BLOODSTOCK,45000,Y,03/18/2018,NEW YORK,8-9,,,VINERY SALES,W,,
The Saratoga Fall Sale (2018),2018-10-15,96,DKB,,F,WAR DANCER,DRAMATIC MOMENTS,DISTORTED HUMOR,,BLUE CHIP BLOODSTOCK,21000,,01/28/2018,NEW YORK,7A,,,FORT CHRISTOPHER'S THBRED LLC,W,,
The Saratoga Fall Sale (2018),2018-10-15,97,B,,F,BRODY'S CAUSE,EL COYOTE,A.P. INDY,,NOT SOLD,19000,,01/14/2018,NEW YORK,1-2,,,RFHF BLOODSTOCK LLC,W,,
The Saratoga Fall Sale (2018),2018-10-15,98,GRR,,C,FREUD,ENCRYPTION CODE,LEMON DROP KID,,OUT,0,,05/04/2018,NEW YORK,1-2,,,RFHF BLOODSTOCK LLC,W,,
The Saratoga Fall Sale (2018),2018-10-15,99,DKB,,F,LAOBAN,E. QUEEN,E DUBAI,,OUT,0,,04/28/2018,NEW YORK,7B,,,MCMAHON OF SARATOGA THB LLC,W,,
The Saratoga Fall Sale (2018),2018-10-15,100,B,,C,FAST ANNA,EXCLUSIVE PRINT,MAZEL TRICK,,NOT SOLD,19000,,03/23/2018,NEW YORK,4,,,CHERYL PRUDHOMME,W,,
The Saratoga Fall Sale (2018),2018-10-15,101,B,,F,EFFINEX,FACEINEVERYFLOWER,GIANT'S CAUSEWAY,,OUT,0,,05/02/2018,NEW YORK,1-2,,,RFHF BLOODSTOCK LLC,W,,
The Saratoga Fall Sale (2018),2018-10-15,102,B,,F,SPEIGHTSTER,FERRITTO,SUAVE,,NEW ERA FARM,20000,Y,04/02/2018,NEW YORK,4,,,RENEE LOGAN,W,,
The Saratoga Fall Sale (2018),2018-10-15,103,GRR,,C,GRAYDAR,FIGHTER WING,EMPIRE MAKER,,STEPHEN M VIOLA,9000,,04/12/2018,NEW YORK,26,,,SEQUEL NEW YORK,W,,
The Saratoga Fall Sale (2018),2018-10-15,104,B,,C,LAOBAN,FLATTERING TALES,FLATTER,,KARATE BLOODSTOCK,23000,,02/19/2018,NEW YORK,8-9,,,VINERY SALES,W,,
The Saratoga Fall Sale (2018),2018-10-15,105,B,,F,NIAGARA CAUSEWAY,FLORAL OFFERING,FLOWER ALLEY,,OUT,0,,04/09/2018,NEW YORK,7C,,,HARRY L LANDRY BLOODSTOCK LLC,W,,
The Saratoga Fall Sale (2018),2018-10-15,106,DKB,FANCY FELINE,F,FLAT OUT,FOLLOW THE KITTEN,KITTEN'S JOY,,OUT,0,,02/27/2018,NEW YORK,8-9,,,VINERY SALES,W,,
The Saratoga Fall Sale (2018),2018-10-15,107,B,,C,STRONG MANDATE,CHRISTINA LAKE,MEADOWLAKE,,MARY SUE STABLES,25000,,03/14/2018,NEW YORK,4,,,RENEE LOGAN,W,,
The Saratoga Fall Sale (2018),2018-10-15,108,B,,C,OUTWORK,FRENCH LINK,ORIENTATE,,ATLANTIC BLOODSTOCK,45000,,04/26/2018,NEW YORK,7B,,,MCMAHON OF SARATOGA THB LLC,W,,
The Saratoga Fall Sale (2018),2018-10-15,109,B,,C,LAOBAN,FROM TIZ MOMENT ON,TIZNOW,,ERIC GUILLOT,15000,,03/09/2018,NEW YORK,7A,,,FORT CHRISTOPHER'S THBRED LLC,W,,
The Saratoga Fall Sale (2018),2018-10-15,110,B,,F,DIALED IN,FUJIANA,FUSAICHI PEGASUS,,LINDA RICE AGENT,60000,,02/01/2018,NEW YORK,8-9,,,VINERY SALES,W,,
The Saratoga Fall Sale (2018),2018-10-15,111,CH,U GUYS ARE NO FUN,F,EFFINEX,FUNNY ANNIE,DISTORTED HUMOR,,MICHAEL DUBB,15000,,03/17/2018,NEW YORK,3,,,PAMELA ZIELINSKI,W,,
The Saratoga Fall Sale (2018),2018-10-15,112,B,,F,COMMISSIONER,FU PEGGI SUE,FUSAICHI PEGASUS,,REDFIELD FARM & PICTURESQUE FARM,25000,,05/03/2018,NEW YORK,4,,,RENEE LOGAN,W,,
The Saratoga Fall Sale (2018),2018-10-15,113,DKB,,F,BERNARDINI,GENTLE GALE,STORM CAT,,NOT SOLD,70000,,05/16/2018,NEW YORK,1-2,,,RFHF BLOODSTOCK LLC,W,,
The Saratoga Fall Sale (2018),2018-10-15,114,B,,F,BAYERN,GLISTER GIRL,GLITTERMAN,,KARL GRUSMARK,1000,,03/24/2018,NEW YORK,8-9,,,VINERY SALES,W,,
The Saratoga Fall Sale (2018),2018-10-15,115,B,,F,WAR DANCER,GOLDEN MISS,GOLDEN MISSILE,,OUT,0,,04/12/2018,NEW YORK,1-2,,,RFHF BLOODSTOCK LLC,W,,
The Saratoga Fall Sale (2018),2018-10-15,116,B,,C,LAOBAN,GOOD HABITS,FREUD,,HERMAN LEIGH,9000,,03/02/2018,NEW YORK,8-9,,,VINERY SALES,W,,
The Saratoga Fall Sale (2018),2018-10-15,117,B,,F,CONSTITUTION,GRACEFUL RAGE,TIZNOW,,NOT SOLD,44000,,02/09/2018,NEW YORK,7B,,,MCMAHON OF SARATOGA THB LLC,W,,
The Saratoga Fall Sale (2018),2018-10-15,118,B,,F,EFFINEX,GRANDE MELODY (IRE),GRAND LODGE,,NOT SOLD,19000,,02/07/2018,NEW YORK,1-2,,,RFHF BLOODSTOCK LLC,W,,
The Saratoga Fall Sale (2018),2018-10-15,119,DKB,,F,WAR DANCER,HALDANE,RAFFIE'S MAJESTY,,ALLSET EQUINE,20000,,04/09/2018,NEW YORK,7B,,,MCMAHON OF SARATOGA THB LLC,W,,
The Saratoga Fall Sale (2018),2018-10-15,120,B,,F,TALE OF EKATI,HARBORINTHETEMPEST,MORE THAN READY,,NOT SOLD,2500,,04/12/2018,NEW YORK,7B,,,MCMAHON OF SARATOGA THB LLC,W,,
The Saratoga Fall Sale (2018),2018-10-15,121,DKB,,C,COMPETITIVE EDGE,HEDY HOPPER,VICTORY GALLOP,,NOT SOLD,14000,,03/05/2018,NEW YORK,4,,,CHERYL PRUDHOMME,W,,
The Saratoga Fall Sale (2018),2018-10-15,122,B,,C,TEUFLESBERG,HERE COMES A SMILE,HERE COMES BEN,,OUT,0,,03/16/2018,NEW YORK,7B,,,MCMAHON OF SARATOGA THB LLC,W,,
The Saratoga Fall Sale (2018),2018-10-15,123,B,,C,TAPITURE,HIGH FLYING ADORE,FUSAICHI PEGASUS,,MICHELLE RAFFERTY,24000,,03/28/2018,NEW YORK,7A,,,FORT CHRISTOPHER'S THBRED LLC,W,,
The Saratoga Fall Sale (2018),2018-10-15,124,DKB,,F,OVERANALYZE,I'D LIE,SONGANDAPRAYER,,NOT SOLD,9000,,03/20/2018,NEW YORK,4,,,RENEE LOGAN,W,,
The Saratoga Fall Sale (2018),2018-10-15,125,B,,F,LAOBAN,INVOKE,HOLY BULL,,DARK HORSE THOROUGHBREDS,17000,Y,03/30/2018,NEW YORK,5,,,PREFERRED EQUINE,W,,
The Saratoga Fall Sale (2018),2018-10-15,126,B,,C,CENTRAL BANKER,IRISH HEIRESS,SHAKESPEARE,,NOT SOLD,9500,,05/15/2018,NEW YORK,7B,,,MCMAHON OF SARATOGA THB LLC,W,,
The Saratoga Fall Sale (2018),2018-10-15,127,GRR,,F,LAOBAN,IRISH RIDGE,CACTUS RIDGE,,ATLANTIC BLOODSTOCK,17000,,02/12/2018,NEW YORK,7C,,,HARRY L LANDRY BLOODSTOCK LLC,W,,
The Saratoga Fall Sale (2018),2018-10-15,128,CH,SAILOR'S TREASURE,F,GOLDENCENTS,JOIN THE CROWD,DEVIL HIS DUE,,OUT,0,,01/30/2018,NEW YORK,8-9,,,VINERY SALES,W,,
The Saratoga Fall Sale (2018),2018-10-15,129,CH,,C,WILL TAKE CHARGE,JUMPED THE HARBOR,JUMP START,,BLOODSTOCK INVESTMENTS VI,60000,,03/01/2018,NEW YORK,3,,,THE NEW HILL FARM LLC,W,,
The Saratoga Fall Sale (2018),2018-10-15,130,B,,F,GRAYDAR,JUSTICE SERVED,SUCCESSFUL APPEAL,,OUT,0,,02/28/2018,NEW YORK,7C,,,HARRY L LANDRY BLOODSTOCK LLC,W,,
The Saratoga Fall Sale (2018),2018-10-15,131,GRR,,C,FLASHBACK,JUST PERFECT,THEWAYYOUARE,,ANDY BEADNELL,13000,,03/09/2018,NEW YORK,7C,,,HARRY L LANDRY BLOODSTOCK LLC,W,,
The Saratoga Fall Sale (2018),2018-10-15,132,B,,F,FREUD,JUST SAY HEY,ROCKPORT HARBOR,,JONATHAN THORNE,70000,,03/16/2018,NEW YORK,4,,,RENEE LOGAN,W,,
The Saratoga Fall Sale (2018),2018-10-15,133,B,,F,AWESOME AGAIN,KILLOE,KRIS S.,,NOT SOLD,10000,,04/07/2018,NEW YORK,1-2,,,RFHF BLOODSTOCK LLC,W,,
The Saratoga Fall Sale (2018),2018-10-15,134,DKB,,F,EFFINEX,KNOXVILLE,IN EXCESS (IRE),,JAMES MCGOWAN,7000,Y,03/20/2018,NEW YORK,7C,,,HARRY L LANDRY BLOODSTOCK LLC,W,,
The Saratoga Fall Sale (2018),2018-10-15,135,B,,C,ORB,LADY ON HOLIDAY,HARLAN'S HOLIDAY,,M.E. DOWELL,50000,,03/24/2018,NEW YORK,1-2,,,RFHF BLOODSTOCK LLC,W,,
The Saratoga Fall Sale (2018),2018-10-15,136,DKB,,F,JAPAN,LA LA PAZUSA,ROCKPORT HARBOR,,NOT SOLD,1000,,03/20/2018,NEW YORK,5,,,GARY & LAUREL LEAST,W,,
The Saratoga Fall Sale (2018),2018-10-15,137,CH,,F,MAJESTIC CITY,LANDING MY WAY,SOUTHERN IMAGE,,OUT,0,,02/10/2018,NEW YORK,1-2,,,RFHF BLOODSTOCK LLC,W,,
The Saratoga Fall Sale (2018),2018-10-15,138,B,,F,MICROMANAGE,LARUE LOVELAKE,FRIENDS LAKE,,WOLF CREEK FARM,14000,,04/06/2018,NEW YORK,4,,,RENEE LOGAN,W,,
The Saratoga Fall Sale (2018),2018-10-15,139,CH,,C,CENTRAL BANKER,LAST RENDEZVOUS,BATES MOTEL,,12210 RACING,22000,,04/15/2018,NEW YORK,8-9,,,VINERY SALES,W,,
The Saratoga Fall Sale (2018),2018-10-15,140,CH,,F,CENTRAL BANKER,LAZEKA,BELONG TO ME,,NOT SOLD,9000,,01/23/2018,NEW YORK,7B,,,MCMAHON OF SARATOGA THB LLC,W,,
The Saratoga Fall Sale (2018),2018-10-15,141,B,,C,EFFINEX,LETSHOOTPOOL,FREUD,,HERMAN LEIGH,10000,,02/21/2018,NEW YORK,1-2,,,RFHF BLOODSTOCK LLC,W,,
The Saratoga Fall Sale (2018),2018-10-15,142,B,,F,STAY THIRSTY,LIL LADY BIG PURSE,INDIAN CHARLIE,,RICHARD HERRERA,5000,,04/04/2018,NEW YORK,7C,,,HARRY L LANDRY BLOODSTOCK LLC,W,,
The Saratoga Fall Sale (2018),2018-10-15,143,DKB,,C,TEUFLESBERG,LIVI ON LOVE,FREUD,,OUT,0,,03/09/2018,NEW YORK,7B,,,MCMAHON OF SARATOGA THB LLC,W,,
The Saratoga Fall Sale (2018),2018-10-15,144,B,,C,LAOBAN,LOOKSGOODFROMHERE,FREUD,,SOUTHERN EQUINE STABLE LLC,35000,,01/17/2018,NEW YORK,8-9,,,VINERY SALES,W,,
The Saratoga Fall Sale (2018),2018-10-15,145,B,,F,FREUD,LOVELY ISLE,DOUBLE HONOR,,MICHAEL DUBB,10000,,03/19/2018,NEW YORK,4,,,RENEE LOGAN,W,,
The Saratoga Fall Sale (2018),2018-10-15,146,DKB,,C,LAOBAN,LOVE MY GIRL,EL CORREDOR,,OUT,0,,03/23/2018,NEW YORK,7B,,,MCMAHON OF SARATOGA THB LLC,W,,
The Saratoga Fall Sale (2018),2018-10-15,147,CH,,F,PALACE,LUNA BAILARINA,BELLAMY ROAD,,NO IDEA PARTNERSHIP,20000,,01/16/2018,NEW YORK,8-9,,,VINERY SALES,W,,
The Saratoga Fall Sale (2018),2018-10-15,148,DKB,,C,ALPHA,LUNE,RAHY,,OFF THE HOOK LLC,28000,,02/09/2018,NEW YORK,7C,,,CATALYST BLOODSTOCK LLC,W,,
The Saratoga Fall Sale (2018),2018-10-15,149,B,,C,LAOBAN,MALIBU MYSTIQUE,MALIBU MOON,,ATLANTIC BLOODSTOCK,65000,,02/11/2018,NEW YORK,7B,,,MCMAHON OF SARATOGA THB LLC,W,,
The Saratoga Fall Sale (2018),2018-10-15,150,DKB,,F,JACK MILTON,MAMA GET EVEN,STEPHEN GOT EVEN,,OUT,0,,04/17/2018,NEW YORK,8-9,,,VINERY SALES,W,,
The Saratoga Fall Sale (2018),2018-10-15,151,B,,C,OUTWORK,MARIALUA,MARIA'S MON,,WOLF CREEK FARM,40000,Y,03/03/2018,NEW YORK,1-2,,,RFHF BLOODSTOCK LLC,W,,
The Saratoga Fall Sale (2018),2018-10-15,152,GRR,,F,FED BIZ,MATINEE EXPRESS,ZENSATIONAL,,SGO THOROUGHBRED LLC,16000,,03/08/2018,NEW YORK,7C,,,HARRY L LANDRY BLOODSTOCK LLC,W,,
The Saratoga Fall Sale (2018),2018-10-15,153,DKB,,C,EFFINEX,MAY ISLAND,HARD SPUN,,OUT,0,,04/14/2018,NEW YORK,1-2,,,RFHF BLOODSTOCK LLC,W,,
The Saratoga Fall Sale (2018),2018-10-15,154,DKB,,C,LAOBAN,MAY WHO,LION HEART,,COLT PIKE AGENT,30000,,05/21/2018,NEW YORK,7B,,,MCMAHON OF SARATOGA THB LLC,W,,
The Saratoga Fall Sale (2018),2018-10-15,155,DKB,A HUGE CHECKPOINT,C,BELLAMY ROAD,MCCARREN PARK,POSSE,,OUT,0,,01/21/2018,NEW YORK,8-9,,,VINERY SALES,W,,
The Saratoga Fall Sale (2018),2018-10-15,156,DKB,,C,BAYERN,MIA GATTO,CAT THIEF,,ATLANTIC BLOODSTOCK,25000,,04/10/2018,NEW YORK,4,,,CHERYL PRUDHOMME,W,,
The Saratoga Fall Sale (2018),2018-10-15,157,B,,F,VANCOUVER (AUS),MICHELE THE GREAT,DISTORTED HUMOR,,SARAZEN BLOODSTOCK,45000,Y,02/12/2018,NEW YORK,5,,,THOMAS J GALLO III SALES AGCY,W,,
The Saratoga Fall Sale (2018),2018-10-15,158,CH,,F,FROST GIANT,MICK'S DOLL,MOJAVE MOON,,JCE RACING,3000,,03/20/2018,NEW YORK,7C,,,HARRY L LANDRY BLOODSTOCK LLC,W,,
The Saratoga Fall Sale (2018),2018-10-15,159,B,,F,MACLEAN'S MUSIC,MISS BEAN WAH,AFTERNOON DEELITES,,JCE RACING,15000,,03/06/2018,NEW YORK,7C,,,CATALYST BLOODSTOCK LLC,W,,
The Saratoga Fall Sale (2018),2018-10-15,160,CH,,C,SKIPSHOT,MISS CURLEY D'ORO,CURLIN,,NOT SOLD,6500,,03/30/2018,NEW YORK,7B,,,MCMAHON OF SARATOGA THB LLC,W,,
The Saratoga Fall Sale (2018),2018-10-15,161,B,,F,CENTRAL BANKER,MIZ MIDTOWN,EXCHANGE RATE,,OUT,0,,01/30/2018,NEW YORK,7B,,,MCMAHON OF SARATOGA THB LLC,W,,
The Saratoga Fall Sale (2018),2018-10-15,162,B,,C,BRODY'S CAUSE,MME BELLE BREZING,MR. GREELEY,,NOT SOLD,19000,,04/27/2018,NEW YORK,1-2,,,RFHF BLOODSTOCK LLC,W,,
The Saratoga Fall Sale (2018),2018-10-15,163,CH,,F,TAPITURE,MONARCH MISS,STORM BROKER,,NOT SOLD,27000,,03/10/2018,NEW YORK,4,,,RENEE LOGAN,W,,
The Saratoga Fall Sale (2018),2018-10-15,164,B,,F,BELLAMY ROAD,MORETHANVICTORIOUS,MORE THAN READY,,OUT,0,,04/03/2018,NEW YORK,7A,,,FORT CHRISTOPHER'S THBRED LLC,W,,
The Saratoga Fall Sale (2018),2018-10-15,165,DKB,,F,SUPER SAVER,ALTO BELLE,TRAPPE SHOT,,OUT,0,,02/11/2018,NEW YORK,4,,,RENEE LOGAN,W,,
The Saratoga Fall Sale (2018),2018-10-15,166,B,,F,SUMMER FRONT,MORNINGSIDEHEIGHTS,MALIBU MOON,,OUT,0,,03/18/2018,NEW YORK,7C,,,HARRY L LANDRY BLOODSTOCK LLC,W,,
The Saratoga Fall Sale (2018),2018-10-15,167,DKB,,C,LAOBAN,MOSAICO,CITY ZIP,,MCMAHON & HILL BLOODSTOCK AGT,60000,,03/23/2018,NEW YORK,26,,,SEQUEL NEW YORK,W,,
The Saratoga Fall Sale (2018),2018-10-15,168,CH,,F,TAPITURE,MY GOLDEN GIRL,GOLDEN MISSILE,,DIAMOND BEACH JJ CRUPI AGT.,32000,,02/25/2018,NEW YORK,7A,,,FORT CHRISTOPHER'S THBRED LLC,W,,
The Saratoga Fall Sale (2018),2018-10-15,169,B,,F,PALACE,MY SWEET CANDY,CANDY RIDE (ARG),,NEW ERA FARM,6000,Y,05/18/2018,NEW YORK,1-2,,,RFHF BLOODSTOCK LLC,W,,
The Saratoga Fall Sale (2018),2018-10-15,170,CH,,F,EMCEE,MY WILDEST DREAMS,WISEMAN'S FERRY,,NOT SOLD,1000,,04/18/2018,NEW YORK,3,,,THE NEW HILL FARM LLC,W,,
The Saratoga Fall Sale (2018),2018-10-15,171,B,,C,WAR DANCER,NOTACHARLIE'SANGEL,FAPPIE'S NOTEBOOK,,NO IDEA PARTNERSHIP,18000,,04/10/2018,NEW YORK,8-9,,,VINERY SALES,W,,
The Saratoga Fall Sale (2018),2018-10-15,172,CH,,F,MACLEAN'S MUSIC,OVER FORLI (CHI),MILT'S OVERTURE,,GOOD LUCK FARM,40000,,03/21/2018,NEW YORK,3,,,THE NEW HILL FARM LLC,W,,
The Saratoga Fall Sale (2018),2018-10-15,173,DKB,TAPITUR'S PRINCESS,F,TAPITURE,PAMPERED PRINCESS,INDIAN CHARLIE,,OUT,0,,04/09/2018,NEW YORK,26,,,SEQUEL NEW YORK,W,,
The Saratoga Fall Sale (2018),2018-10-15,174,B,,F,GIANT SURPRISE,PAULSBOURBONBABY,MO MON,,NOT SOLD,2200,,03/25/2018,NEW YORK,8-9,,,VINERY SALES,W,,
The Saratoga Fall Sale (2018),2018-10-15,175,B,,C,EFFINEX,PLEASANT HARBOR,ROCKPORT HARBOR,,OUT,0,,03/05/2018,NEW YORK,1-2,,,RFHF BLOODSTOCK LLC,W,,
The Saratoga Fall Sale (2018),2018-10-15,176,B,,F,NOT THIS TIME,POINT SPREAD,POINT GIVEN,,OUT,0,,01/14/2018,NEW YORK,8-9,,,VINERY SALES,W,,
The Saratoga Fall Sale (2018),2018-10-15,177,B,,F,WAR DANCER,POSITIVE CHARGE,JUMP START,,OUT,0,,03/23/2018,NEW YORK,8-9,,,VINERY SALES,W,,
The Saratoga Fall Sale (2018),2018-10-15,178,DKB,,F,CENTRAL BANKER,PRECISE LADY,PRECISE END,,MCMAHON & HILL BLOODSTOCK AGT FOR SELDMAN STABLES LLC,25000,,03/08/2018,NEW YORK,7B,,,MCMAHON OF SARATOGA THB LLC,W,,
The Saratoga Fall Sale (2018),2018-10-15,179,CH,,C,MIDSHIPMAN,PRIVATE MERGER,CONSOLIDATOR,,OFF THE HOOK LLC,30000,,03/20/2018,NEW YORK,7A,,,FORT CHRISTOPHER'S THBRED LLC,W,,
The Saratoga Fall Sale (2018),2018-10-15,180,B,,C,LAOBAN,PROMISING VOW,BROKEN VOW,,BLUEWATER SALES LLC AGENT,140000,,04/27/2018,NEW YORK,26,,,SEQUEL NEW YORK,W,,
The Saratoga Fall Sale (2018),2018-10-15,181,CH,,F,BURATINO (IRE),QUEEN OF MAY,BERNARDINI,,KAY CHARLES,2000,,04/16/2018,NEW YORK,26,,,SEQUEL NEW YORK,W,,
The Saratoga Fall Sale (2018),2018-10-15,182,B,,C,MAJESTIC CITY,QUEST FOR CANDY,CANDY RIDE (ARG),,COLT PIKE AGENT,3000,,05/02/2018,NEW YORK,1-2,,,RFHF BLOODSTOCK LLC,W,,
The Saratoga Fall Sale (2018),2018-10-15,183,CH,,C,TAPITURE,QUIET MOVER,QUIET AMERICAN,,PAINT CREEK FARM,12000,Y,03/30/2018,NEW YORK,4,,,RENEE LOGAN,W,,
The Saratoga Fall Sale (2018),2018-10-15,184,B,,C,CENTRAL BANKER,QUITE THE SIS,QUIET AMERICAN,,RS BLOODSTOCK,57000,,04/04/2018,NEW YORK,1-2,,,RFHF BLOODSTOCK LLC,W,,
The Saratoga Fall Sale (2018),2018-10-15,185,B,,F,LAOBAN,RAFFIE'S CHANCE,RAFFIE'S MAJESTY,,HIDDEN BROOK AGENT,17000,,03/29/2018,NEW YORK,4,,,PATRICIA CALANDRO,W,,
The Saratoga Fall Sale (2018),2018-10-15,186,B,,F,FLAT OUT,READY FOR THERAPY,FREUD,,NOT SOLD,14500,,04/11/2018,NEW YORK,5,,,THOMAS J GALLO III SALES AGCY,W,,
The Saratoga Fall Sale (2018),2018-10-15,187,B,,F,GIANT SURPRISE,REDDAXLE,REDATTORE (BRZ),,MARY SUE STABLES,15000,,01/14/2018,NEW YORK,8-9,,,VINERY SALES,W,,
The Saratoga Fall Sale (2018),2018-10-15,188,GR,GREY GIANT,C,GIANT SURPRISE,REDDY FOR RUBYS,PRECISE END,,NOT SOLD,9500,,02/21/2018,NEW YORK,5,,,GARY & LAUREL LEAST,W,,
The Saratoga Fall Sale (2018),2018-10-15,189,B,,C,DAREDEVIL,RED HEADED LILL,SPEIGHTSTOWN,,OUT,0,,03/03/2018,NEW YORK,8-9,,,VINERY SALES,W,,
The Saratoga Fall Sale (2018),2018-10-15,190,GRR,,F,FREUD,REELEY MISBEHAVING,MR. GREELEY,,OFF THE HOOK LLC,18000,Y,03/18/2018,NEW YORK,5,,,THOMAS J GALLO III SALES AGCY,W,,
The Saratoga Fall Sale (2018),2018-10-15,191,B,,C,CENTRAL BANKER,RESERVATION BLUES,INDIAN CHARLIE,,RICE HORSE STABLE,14000,,03/28/2018,NEW YORK,1-2,,,RFHF BLOODSTOCK LLC,W,,
The Saratoga Fall Sale (2018),2018-10-15,192,B,,C,WICKED STRONG,RIVIERA CHIC,MEDAGLIA D'ORO,,JCE RACING,30000,,01/20/2018,NEW YORK,4,,,CHERYL PRUDHOMME,W,,
The Saratoga Fall Sale (2018),2018-10-15,193,B,,F,POINT OF ENTRY,ROMANCE IS PASSION,IN EXCESS (IRE),,OUT,0,,05/07/2018,NEW YORK,8-9,,,VINERY SALES,W,,
The Saratoga Fall Sale (2018),2018-10-15,194,CH,,C,TEUFLESBERG,ROYAL WALTZ,CITY ZIP,,OUT,0,,02/20/2018,NEW YORK,7B,,,MCMAHON OF SARATOGA THB LLC,W,,
The Saratoga Fall Sale (2018),2018-10-15,195,B,,F,ANIMAL KINGDOM,RUEDELAROSE,STREET SENSE,,NOT SOLD,29000,,04/18/2018,NEW YORK,1-2,,,RFHF BLOODSTOCK LLC,W,,
The Saratoga Fall Sale (2018),2018-10-15,196,DKB,,F,TIZNOW,SABEL BROWNE (IRE),FOOTSTEPSINTHESAND (GB),,OUT,0,,03/07/2018,NEW YORK,1-2,,,RFHF BLOODSTOCK LLC,W,,
The Saratoga Fall Sale (2018),2018-10-15,197,DKB,,F,CONGRATS,SARBI,AWESOME AGAIN,,SETH GREGORY BLOODSTOCK AGENT,28000,,03/23/2018,NEW YORK,7C,,,HARRY L LANDRY BLOODSTOCK LLC,W,,
The Saratoga Fall Sale (2018),2018-10-15,198,DKB,,F,OUTWORK,SALUTE TO SUMMER,COLONEL JOHN,,OUT,0,,02/11/2018,NEW YORK,4,,,RENEE LOGAN,W,,
The Saratoga Fall Sale (2018),2018-10-15,199,B,,C,GRAYDAR,SASSY REDHEAD,HENNY HUGHES,,OUT,0,,03/21/2018,NEW YORK,6,,,BUCK POND FARM INC,W,,
The Saratoga Fall Sale (2018),2018-10-15,200,B,,C,LAOBAN,SELFIE,WAR CHANT,,SILVER OAKS,10000,,02/24/2018,NEW YORK,8-9,,,VINERY SALES,W,,
The Saratoga Fall Sale (2018),2018-10-15,201,DKB,,F,WAR DANCER,SHAFT IN PLACE,MINESHAFT,,OUT,0,,03/23/2018,NEW YORK,3,,,PAMELA ZIELINSKI,W,,
The Saratoga Fall Sale (2018),2018-10-15,202,CH,,F,PALACE,SHERIFFA,POSSE,,NOT SOLD,49000,,01/24/2018,NEW YORK,7C,,,HARRY L LANDRY BLOODSTOCK LLC,W,,
The Saratoga Fall Sale (2018),2018-10-15,203,DKB,,F,GRAYDAR,SHE'S OFFLEE GOOD,OFFLEE WILD,,GRANT DAVIES,10000,,03/19/2018,NEW YORK,26,,,SEQUEL NEW YORK,W,,
The Saratoga Fall Sale (2018),2018-10-15,204,B,,C,TEUFLESBERG,SHE'S STYLISH,POSSE,,OUT,0,,04/05/2018,NEW YORK,7B,,,MCMAHON OF SARATOGA THB LLC,W,,
The Saratoga Fall Sale (2018),2018-10-15,205,B,,C,BIG BROWN,SHEZASTONECOLDINGO,LONHRO (AUS),,OUT,0,,03/11/2018,NEW YORK,5,,,THOMAS J GALLO III SALES AGCY,W,,
The Saratoga Fall Sale (2018),2018-10-15,206,B,,C,KITTEN'S JOY,SHINING JEWEL,GULCH,,OLD TAVERN FARM/ WALTER S BORISENOK,77000,,03/17/2018,NEW YORK,1-2,,,RFHF BLOODSTOCK LLC,W,,
The Saratoga Fall Sale (2018),2018-10-15,207,B,,C,PALACE,SING IT OUT,HENNY HUGHES,,OUT,0,,03/17/2018,NEW YORK,8-9,,,VINERY SALES,W,,
The Saratoga Fall Sale (2018),2018-10-15,208,CH,,C,SHACKLEFORD,SMARTLEE AWAY,SKIP AWAY,,MAJESTIC VIEW FARMS INT'L,25000,,04/23/2018,NEW YORK,4,,,RENEE LOGAN,W,,
The Saratoga Fall Sale (2018),2018-10-15,209,B,,F,SUPER SAVER,SNICKER BELLE,DISTORTED HUMOR,,OUT,0,,02/26/2018,NEW YORK,8-9,,,VINERY SALES,W,,
The Saratoga Fall Sale (2018),2018-10-15,210,DKB,,C,FREUD,SOLAR SONG,FLY SO FREE,,GOOD LUCK FARM,28000,,02/21/2018,NEW YORK,26,,,SEQUEL NEW YORK,W,,
The Saratoga Fall Sale (2018),2018-10-15,211,B,,C,EFFINEX,SOUTHERN ALIBI,ELUSIVE QUALITY,,OUT,0,,02/10/2018,NEW YORK,1-2,,,RFHF BLOODSTOCK LLC,W,,
The Saratoga Fall Sale (2018),2018-10-15,212,DKB,,F,EFFINEX,SPEIGHTSTOWN LADY,SPEIGHTSTOWN,,NOT SOLD,39000,,02/18/2018,NEW YORK,8-9,,,VINERY SALES,W,,
The Saratoga Fall Sale (2018),2018-10-15,213,B,,F,FREUD,SQUAW VALLEY,INDIAN CHARLIE,,NOT SOLD,19000,,03/24/2018,NEW YORK,7C,,,CATALYST BLOODSTOCK LLC,W,,
The Saratoga Fall Sale (2018),2018-10-15,214,B,,F,WAR DANCER,STREET MAGIC,STREET HERO,,A. MALATINO,35000,,03/23/2018,NEW YORK,8-9,,,VINERY SALES,W,,
The Saratoga Fall Sale (2018),2018-10-15,215,B,,C,NORMANDY INVASION,SUGAR BEACH,PERUVIAN,,NOT SOLD,1000,,04/22/2018,NEW YORK,7B,,,MCMAHON OF SARATOGA THB LLC,W,,
The Saratoga Fall Sale (2018),2018-10-15,216,DKB,,F,TEUFLESBERG,SUPER DEELITES,AFTERNOON DEELITES,,OUT,0,,04/07/2018,NEW YORK,7B,,,MCMAHON OF SARATOGA THB LLC,W,,
The Saratoga Fall Sale (2018),2018-10-15,217,B,,F,MACLEAN'S MUSIC,SURF CITY SUSIE,OLD TRIESTE,,NOT SOLD,14000,,05/02/2018,NEW YORK,4,,,RENEE LOGAN,W,,
The Saratoga Fall Sale (2018),2018-10-15,218,B,,C,FLAT OUT,SWEET MADNESS,FREUD,,OUT,0,,04/30/2018,NEW YORK,5,,,THOMAS J GALLO III SALES AGCY,W,,
The Saratoga Fall Sale (2018),2018-10-15,219,B,,F,TEUFLESBERG,TEKAWITHA,REGAL CLASSIC,,OUT,0,,02/24/2018,NEW YORK,7B,,,MCMAHON OF SARATOGA THB LLC,W,,
The Saratoga Fall Sale (2018),2018-10-15,220,B,,C,FROST GIANT,THAT'S GOOD,RADIO STAR,,OUT,0,,04/15/2018,NEW YORK,7B,,,MCMAHON OF SARATOGA THB LLC,W,,
The Saratoga Fall Sale (2018),2018-10-15,221,CH,,C,CONSTITUTION,THEYPLAYINGOURSONG,SONGANDAPRAYER,,NOT SOLD,32000,,03/08/2018,NEW YORK,3,,,THE NEW HILL FARM LLC,W,,
The Saratoga Fall Sale (2018),2018-10-15,222,DKB,,C,FREUD,TIFFANY TWISTED,THUNDER GULCH,,ATLANTIC BLOODSTOCK,58000,,02/18/2018,NEW YORK,1,,,POPE MCLEAN,W,,
The Saratoga Fall Sale (2018),2018-10-15,223,B,,C,WAR DANCER,TIME MARCHES ON,LEADING THE PARADE,,BLUE CHIP BLOODSTOCK,35000,,03/04/2018,NEW YORK,7C,,,CATALYST BLOODSTOCK LLC,W,,
The Saratoga Fall Sale (2018),2018-10-15,224,B,,C,WICKED STRONG,TISHMEISTER,CITY ZIP,,OUT,0,,03/27/2018,NEW YORK,7B,,,MCMAHON OF SARATOGA THB LLC,W,,
The Saratoga Fall Sale (2018),2018-10-15,225,CH,,C,NOT THIS TIME,TRUSS,FRIENDS LAKE,,BLOODSTOCK INVESTMENTS VI,100000,,03/19/2018,NEW YORK,1-2,,,RFHF BLOODSTOCK LLC,W,,
The Saratoga Fall Sale (2018),2018-10-15,226,B,,F,WAR DANCER,HONEYCHILD,JUMP START,,MICHAEL PECK,37000,,01/21/2018,NEW YORK,4,,,RENEE LOGAN,W,,
