SALE TITLE,SESSION,HIP,COLOR,SEX,SIRE,DAM,SIRE OF DAM,PROPERTY LINE,PURCHASER,PRICE,PRIVATE SALE,YEAR OF BIRTH,FOALED,BARN,COVER DATE,CONSIGNOR NAME,SOLD AS DESCRIPTION,VIRTUAL INSPECTION
The Florida Sale (2012),2012-03-26,1,CH,C,RAVEN'S PASS,FAIRY PRINCESS,GIANT'S CAUSEWAY,WAVERTREE STABLES INC. (CIARAN DUNNE) AGENT V,OUT,0,,2010-02-05,KENTUCKY,20,,WAVERTREE STABLES INC. (CIARAN DUNNE) AGENT V,,,
The Florida Sale (2012),2012-03-26,2,CH,F,MR. GREELEY,FASHION CAT,FOREST WILDCAT,SEQUEL BLOODSTOCK (BECKY THOMAS) AGENT,GARY CONTESSA AGENT,75000,,2010-03-30,KENTUCKY,30,,SEQUEL BLOODSTOCK (BECKY THOMAS) AGENT,,,10.2
The Florida Sale (2012),2012-03-26,3,B,C,MIDNIGHT LUTE,FIELD OF GLORY,MEADOWLAKE,INSIDE MOVE INC. AGENT,OUT,0,,2010-05-07,KENTUCKY,9,,INSIDE MOVE INC. AGENT,,,10.4
The Florida Sale (2012),2012-03-26,4,B,C,DIXIE UNION,FIERY PULPIT,PULPIT,DE MERIC SALES AGENT,OUT,0,,2010-02-09,KENTUCKY,30,,DE MERIC SALES AGENT,,,
The Florida Sale (2012),2012-03-26,5,DKB,C,CANDY RIDE (ARG),FINDING AURUM,SEEKING THE GOLD,NIALL BRENNAN STABLES AGENT IX,OUT,0,,2010-03-15,KENTUCKY,40,,NIALL BRENNAN STABLES AGENT IX,,,11
The Florida Sale (2012),2012-03-26,6,CH,F,STREET BOSS,FIREBABY,MARQUETRY,NIALL BRENNAN STABLES AGENT XIV,EQB INC AGENT,430000,,2010-04-26,ONTARIO,40,,NIALL BRENNAN STABLES AGENT XIV,,,10.1
The Florida Sale (2012),2012-03-26,7,CH,F,TAPIT,FIRED GOLD,TOUCH GOLD,SGV THOROUGHBREDS (STEVEN VENOSA) AGENT,CEDAR GROVE STABLES LLC,135000,,2010-05-09,KENTUCKY,29,,SGV THOROUGHBREDS (STEVEN VENOSA) AGENT,,,10.4
The Florida Sale (2012),2012-03-26,8,CH,F,INVASOR (ARG),FORTUNATE FAITH,FORTUNATE PROSPECT,DE MERIC SALES AGENT,OUT,0,,2010-02-28,NEW YORK,30,,DE MERIC SALES AGENT,,,10.4
The Florida Sale (2012),2012-03-26,9,B,C,TALE OF THE CAT,FORTY LOVE,FORTY NINER,CRUPI'S NEW CASTLE FARM,OUT,0,,2010-03-16,KENTUCKY,10,,CRUPI'S NEW CASTLE FARM,,,
The Florida Sale (2012),2012-03-26,10,B,C,EMPIRE MAKER,FRENCH MADAM,RAHY,NIALL BRENNAN STABLES AGENT IV,NOT SOLD,150000,,2010-03-28,NEW YORK,40,,NIALL BRENNAN STABLES AGENT IV,,,10.2
The Florida Sale (2012),2012-03-26,11,CH,C,CURLIN,FRIENDLY MICHELLE,ARTAX,SECURE INVESTMENTS,OUT,0,,2010-02-19,KENTUCKY,29,,SECURE INVESTMENTS,,,
The Florida Sale (2012),2012-03-26,12,CH,F,STUDENT COUNCIL,FRIGIDETTE,IT'S FREEZING,SGV THOROUGHBREDS (STEVEN VENOSA) AGENT,OUT,0,,2010-02-13,KENTUCKY,29,,SGV THOROUGHBREDS (STEVEN VENOSA) AGENT,,,10.3
The Florida Sale (2012),2012-03-26,13,DKB,F,MALIBU MOON,FRIO TOWN,KEROSENE,WAVERTREE STABLES INC. (CIARAN DUNNE) AGENT I,SWIFTY FARMS INC,400000,,2010-04-20,KENTUCKY,20,,WAVERTREE STABLES INC. (CIARAN DUNNE) AGENT I,,,10.2
The Florida Sale (2012),2012-03-26,14,GRR,C,WILDCAT HEIR,FROM BEHIND,CLOUD HOPPING,CASSE SALES AGENT II,OUT,0,,2010-04-09,FLORIDA,19,,CASSE SALES AGENT II,,,
The Florida Sale (2012),2012-03-26,15,B,F,STORMY ATLANTIC,FROSTY PROMISE,FROSTY THE SNOWMAN,NIALL BRENNAN STABLES AGENT III,NOT SOLD,195000,,2010-03-21,FLORIDA,40,,NIALL BRENNAN STABLES AGENT III,,,10.3
The Florida Sale (2012),2012-03-26,16,GRR,C,TAPIT,GHOST DANCING,SILVER GHOST,OFF THE HOOK LLC AGENT,NOT SOLD,100000,,2010-03-01,VIRGINIA,29,,OFF THE HOOK LLC AGENT,,,10.3
The Florida Sale (2012),2012-03-26,17,B,F,SCAT DADDY,GOLD COURT,STRIKE THE GOLD,NIALL BRENNAN STABLES AGENT II,JERRY FRANKEL,180000,,2010-05-15,NEW YORK,40,,NIALL BRENNAN STABLES AGENT II,,,10.4
The Florida Sale (2012),2012-03-26,18,B,C,TIZNOW,GOLDEN SILK,SONGANDAPRAYER,EDDIE WOODS AGENT LXVI,OUT,0,,2010-04-02,FLORIDA,10,,EDDIE WOODS AGENT LXVI,,,11
The Florida Sale (2012),2012-03-26,19,CH,C,PULPIT,GOLD RUSH QUEEN,SEEKING THE GOLD,DE MERIC SALES AGENT,OUT,0,,2010-03-02,KENTUCKY,30,,DE MERIC SALES AGENT,,,10.4
The Florida Sale (2012),2012-03-26,20,B,C,LION HEART,GRANDESTOFALL,GRAND SLAM,CARY FROMMER AGENT,BARRY BERKELHAMMER AGENT,195000,,2010-02-25,KENTUCKY,20,,CARY FROMMER AGENT,,,10.2
The Florida Sale (2012),2012-03-26,21,DKB,C,DYNAFORMER,GRAND PAULINE,TWO PUNCH,HOBY & LAYNA KIGHT AGENT,STONESTREET STABLES,235000,,2010-02-17,KENTUCKY,30,,HOBY & LAYNA KIGHT AGENT,,,G
The Florida Sale (2012),2012-03-26,22,B,C,STREET SENSE,GREELEY MAE,MR. GREELEY,WAVERTREE STABLES INC. (CIARAN DUNNE) AGENT VI,OUT,0,,2010-03-17,KENTUCKY,20,,WAVERTREE STABLES INC. (CIARAN DUNNE) AGENT VI,,,
The Florida Sale (2012),2012-03-26,23,DKB,F,STORMY ATLANTIC,HALO AMERICA,WAQUOIT,WAVERTREE STABLES INC. (CIARAN DUNNE) AGENT VII,OUT,0,,2010-03-08,KENTUCKY,20,,WAVERTREE STABLES INC. (CIARAN DUNNE) AGENT VII,,,
The Florida Sale (2012),2012-03-26,24,CH,C,HARD SPUN,HANDLEWOMAN,ELUSIVE QUALITY,HARTLEY/DE RENZO THOROUGHBREDS AGENT,OUT,0,,2010-02-06,KENTUCKY,30,,HARTLEY/DE RENZO THOROUGHBREDS AGENT,,,10.4
The Florida Sale (2012),2012-03-26,25,B,C,RAVEN'S PASS,HEART OF HONOR,HONOUR AND GLORY,SEQUEL BLOODSTOCK (BECKY THOMAS) AGENT,OUT,0,,2010-04-30,KENTUCKY,30,,SEQUEL BLOODSTOCK (BECKY THOMAS) AGENT,,,
The Florida Sale (2012),2012-03-26,26,DKB,C,MALIBU MOON,HELLO LUCKY,LUCKY LIONEL,DE MERIC SALES AGENT,DAPPLE AGT. FOR PERRETTI,225000,,2010-04-03,KENTUCKY,30,,DE MERIC SALES AGENT,,,10.2
The Florida Sale (2012),2012-03-26,27,B,C,GIANT'S CAUSEWAY,HIGHCLERE MEMORY,CRYPTOCLEARANCE,WAVERTREE STABLES INC. (CIARAN DUNNE) AGENT II,OUT,0,,2010-02-15,KENTUCKY,20,,WAVERTREE STABLES INC. (CIARAN DUNNE) AGENT II,,,
The Florida Sale (2012),2012-03-26,28,B,C,INDIAN CHARLIE,HIGH IN THE PARK,ASCOT KNIGHT,WAVERTREE STABLES INC. (CIARAN DUNNE) AGENT IV,MARK HENNIG AGT FOR MARK GRIER,300000,,2010-02-17,KENTUCKY,20,,WAVERTREE STABLES INC. (CIARAN DUNNE) AGENT IV,,,10.3
The Florida Sale (2012),2012-03-26,29,B,C,EL CORREDOR,HIGH MARGIN,REPRICED,ALL IN SALES (TONY BOWLING) AGENT,OUT,0,,2010-03-09,KENTUCKY,40,,ALL IN SALES (TONY BOWLING) AGENT,,,
The Florida Sale (2012),2012-03-26,30,DKB,F,BERNARDINI,HIGH SPEED ACCESS,KINGMAMBO,HARTLEY/DE RENZO THOROUGHBREDS AGENT,OUT,0,,2010-03-06,KENTUCKY,30,,HARTLEY/DE RENZO THOROUGHBREDS AGENT,,,10.4
The Florida Sale (2012),2012-03-26,31,DKB,F,HARD SPUN,HONEYPENNY,ROYAL ACADEMY,CRUPI'S NEW CASTLE FARM,OUT,0,,2010-03-19,KENTUCKY,10,,CRUPI'S NEW CASTLE FARM,,,10.2
The Florida Sale (2012),2012-03-26,32,B,C,AWESOME AGAIN,HOSTESS,CHESTER HOUSE,PIKE RACING AGENT,OUT,0,,2010-01-17,NEW YORK,9,,PIKE RACING AGENT,,,11
The Florida Sale (2012),2012-03-26,33,DKB,F,LION HEART,HUMBLE JANET,HUMBLE ELEVEN,INSIDE MOVE INC. AGENT,OUT,0,,2010-03-30,KENTUCKY,9,,INSIDE MOVE INC. AGENT,,,
The Florida Sale (2012),2012-03-26,34,CH,F,NOT FOR LOVE,I AIN'T P T,A.P. INDY,NIALL BRENNAN STABLES AGENT VI,STEVEN W YOUNG AGENT,150000,,2010-03-21,NEW JERSEY,40,,NIALL BRENNAN STABLES AGENT VI,,,10.2
The Florida Sale (2012),2012-03-26,36,B,C,ELUSIVE QUALITY,ICE COOL KITTY,TOMORROWS CAT,NIALL BRENNAN STABLES AGENT XVI,NOT SOLD,150000,,2010-01-24,KENTUCKY,40,,NIALL BRENNAN STABLES AGENT XVI,,,10.3
The Florida Sale (2012),2012-03-26,37,GRR,C,TAPIT,INDIAN HALO,HALO,NIALL BRENNAN STABLES AGENT XVII,OUT,0,,2010-04-28,KENTUCKY,40,,NIALL BRENNAN STABLES AGENT XVII,,,10.3
The Florida Sale (2012),2012-03-26,38,GRR,F,EXCHANGE RATE,INSPIRATIONAL,LORD AT WAR (ARG),STEPHENS THOROUGHBREDS AGENT FOR VISION RACING AND SALES LLC,D WAYNE LUKAS,300000,,2010-03-11,KENTUCKY,19,,STEPHENS THOROUGHBREDS AGENT FOR VISION RACING AND SALES LLC,,,10.1
The Florida Sale (2012),2012-03-26,39,GRR,F,BIG BROWN,IRISH SMOKE,SMOKE GLACKEN,WAVERTREE STABLES INC. (CIARAN DUNNE) AGENT VIII,OUT,0,,2010-02-01,KENTUCKY,20,,WAVERTREE STABLES INC. (CIARAN DUNNE) AGENT VIII,,,10.2
The Florida Sale (2012),2012-03-26,40,B,C,BERNARDINI,JOLIE BOUTIQUE,NORTHERN JOVE,HARTLEY/DE RENZO THOROUGHBREDS AGENT,JOHN FERGUSON,875000,,2010-05-20,FLORIDA,30,,HARTLEY/DE RENZO THOROUGHBREDS AGENT,,,10.1
The Florida Sale (2012),2012-03-26,41,DKB,C,MEDAGLIA D'ORO,J'RAY,DISTANT VIEW,NIALL BRENNAN STABLES AGENT XII,NOT SOLD,240000,,2010-03-25,NEW YORK,40,,NIALL BRENNAN STABLES AGENT XII,,,10.4
The Florida Sale (2012),2012-03-26,42,B,F,BIG BROWN,JULIE TRULY,MINER'S MARK,NIALL BRENNAN STABLES AGENT I,OUT,0,,2010-04-24,KENTUCKY,40,,NIALL BRENNAN STABLES AGENT I,,,
The Florida Sale (2012),2012-03-26,43,DKB,C,WAR FRONT,JUSTAKISS,MT. LIVERMORE,OFF THE HOOK LLC AGENT,NOT SOLD,145000,,2010-05-01,KENTUCKY,29,,OFF THE HOOK LLC AGENT,,,11
The Florida Sale (2012),2012-03-26,44,CH,F,PLEASANT TAP,KALUKA,HONOR GRADES,CARY FROMMER AGENT,OUT,0,,2010-02-28,FLORIDA,20,,CARY FROMMER AGENT,,,
The Florida Sale (2012),2012-03-26,45,,F,INDIAN CHARLIE,LAKE HURON,SALT LAKE,NIALL BRENNAN STABLES AGENT XI,BARRY BERKELHAMMER AGENT,310000,,2010-01-28,KENTUCKY,40,,NIALL BRENNAN STABLES AGENT XI,,,10.2
The Florida Sale (2012),2012-03-26,46,B,C,WAR PASS,LAKE PRINCESS,SALT LAKE,SCANLON TRAINING CENTER AGENT,OUT,0,,2010-01-27,NEW YORK,10,,SCANLON TRAINING CENTER AGENT,,,
The Florida Sale (2012),2012-03-26,47,CH,C,DISTORTED HUMOR,LASSIE'S LEGACY,DEPUTY MINISTER,SCANLON TRAINING CENTER AGENT,OUT,0,,2010-05-09,KENTUCKY,10,,SCANLON TRAINING CENTER AGENT,,,10.3
The Florida Sale (2012),2012-03-26,48,CH,C,LANGFUHR,LATTE,PLEASANT TAP,SEQUEL BLOODSTOCK (BECKY THOMAS) AGENT,BEAR STABLES,75000,,2010-04-27,KENTUCKY,30,,SEQUEL BLOODSTOCK (BECKY THOMAS) AGENT,,,10.3
The Florida Sale (2012),2012-03-26,49,B,F,J BE K,LAVENDER BABY,RUBIANO,OMEGA FARM AGENT,NOT SOLD,65000,,2010-03-06,KENTUCKY,19,,OMEGA FARM AGENT,,,10.2
The Florida Sale (2012),2012-03-26,50,B,C,STREET SENSE,LEAVEMINTHEDUST,DANZIG,M. W. MILLER III AGENT,MY MEADOWVIEW LLC,100000,,2010-04-24,ONTARIO,9,,M. W. MILLER III AGENT,,,10.4
The Florida Sale (2012),2012-03-26,51,B,C,TAPIT,LIBERTY FLAG,KINGMAMBO,STEPHENS THOROUGHBREDS AGENT III,SALLUSTO/ALBINA-BLACK ROCK LLC,1000000,,2010-03-10,KENTUCKY,19,,STEPHENS THOROUGHBREDS AGENT III,,,10.3
The Florida Sale (2012),2012-03-26,52,DKB,C,DIXIE UNION,LISTEN TO MY SONG,UNBRIDLED'S SONG,KINGS EQUINE AGENT,NOT SOLD,90000,,2010-02-08,KENTUCKY,9,,KINGS EQUINE AGENT,,,10.2
The Florida Sale (2012),2012-03-26,53,B,C,DIXIE UNION,LITE TWILIGHT,TWILIGHT AGENDA,PARRISH FARMS AGENT,MY MEADOWVIEW LLC,225000,,2010-05-18,KENTUCKY,40,,PARRISH FARMS AGENT,,,10.2
The Florida Sale (2012),2012-03-26,54,CH,F,SPEIGHTSTOWN,LIZZY COOL,SAINT BALLADO,EDDIE WOODS AGENT XLV,NOT SOLD,72000,,2010-03-24,KENTUCKY,10,,EDDIE WOODS AGENT XLV,,,10.3
The Florida Sale (2012),2012-03-26,55,B,F,PULPIT,LOST IN THE STORM,STORM CAT,SEQUEL BLOODSTOCK (BECKY THOMAS) AGENT,OUT,0,,2010-03-19,KENTUCKY,30,,SEQUEL BLOODSTOCK (BECKY THOMAS) AGENT,,,
The Florida Sale (2012),2012-03-26,56,DKB,C,HARD SPUN,LUCKY LAVENDER GAL,CARSON CITY,EDDIE WOODS AGENT VI,JOHN FERGUSON,870000,,2010-02-24,KENTUCKY,10,,EDDIE WOODS AGENT VI,,,10.1
The Florida Sale (2012),2012-03-26,57,DKB,F,TIZ WONDERFUL,M. A. FOX,GONE WEST,KINGS EQUINE AGENT,DOUG CAUTHEN FOR L TUCKETT,95000,,2010-01-25,KENTUCKY,9,,KINGS EQUINE AGENT,,,10.2
The Florida Sale (2012),2012-03-26,58,CH,C,SCAT DADDY,MAGICAL MIST,CONGAREE,KINGS EQUINE AGENT,OUT,0,,2010-03-20,KENTUCKY,9,,KINGS EQUINE AGENT,,,
The Florida Sale (2012),2012-03-26,59,CH,F,MR. GREELEY,MAGNIFICENT MELODY,UNBRIDLED'S SONG,KINGS EQUINE AGENT II,BLINKERS ON RACING STABLE,175000,,2010-02-01,KENTUCKY,9,,KINGS EQUINE AGENT II,,,10.1
The Florida Sale (2012),2012-03-26,60,B,F,LEMON DROP KID,MINE ALONE,BELONG TO ME,SAB SALES (SCOTT A. BERGSRUD) AGENT I,EDWARD S ROBBINS,30000,,2010-03-14,ONTARIO,29,,SAB SALES (SCOTT A. BERGSRUD) AGENT I,,,11.1
The Florida Sale (2012),2012-03-26,61,CH,C,CORINTHIAN,MISSISSIPPI MADAM,SMOKE GLACKEN,M. W. MILLER III AGENT,NOT SOLD,140000,,2010-04-30,KENTUCKY,9,,M. W. MILLER III AGENT,,,10.3
The Florida Sale (2012),2012-03-26,62,DKB,C,WAR PASS,JARAMAR MISS,RISEN STAR,SCANLON TRAINING CENTER AGENT,OUT,0,,2010-02-25,NEW YORK,10,,SCANLON TRAINING CENTER AGENT,,,11.1
The Florida Sale (2012),2012-03-26,63,GRR,C,UNBRIDLED'S SONG,MISS LODI,MR. GREELEY,RICKY LEPPALA AGENT,JOHN C KIMMEL,315000,,2010-02-12,KENTUCKY,19,,RICKY LEPPALA AGENT,,,10.1
The Florida Sale (2012),2012-03-26,64,B,C,ANY GIVEN SATURDAY,MORAVIA,A.P. INDY,OFF THE HOOK LLC AGENT,KATSUMI YOSHIDA,220000,,2010-03-14,KENTUCKY,29,,OFF THE HOOK LLC AGENT,,,21.2
The Florida Sale (2012),2012-03-26,65,B,F,MALIBU MOON,MORE THAN PRETTY,MORE THAN READY,EDDIE WOODS AGENT XXXVIII,STONESTREET STABLES,490000,,2010-04-19,KENTUCKY,10,,EDDIE WOODS AGENT XXXVIII,,,10
The Florida Sale (2012),2012-03-26,66,B,C,CANDY RIDE (ARG),MURKY WATERS,STORM CREEK,WAVERTREE STABLES INC. (CIARAN DUNNE) AGENT IV,NOT SOLD,290000,,2010-03-13,KENTUCKY,20,,WAVERTREE STABLES INC. (CIARAN DUNNE) AGENT IV,,,10.2
The Florida Sale (2012),2012-03-26,67,B,C,LION HEART,OBLIGATION NORTH,VALLEY CROSSING,EDDIE WOODS AGENT LXXI,MARK CASSE AGENT,625000,,2010-03-12,FLORIDA,10,,EDDIE WOODS AGENT LXXI,,,10
The Florida Sale (2012),2012-03-26,68,B,C,TALE OF THE CAT,OCEAN AIR,PLEASANT COLONY,ALL IN SALES (TONY BOWLING) AGENT,OUT,0,,2010-02-05,FLORIDA,40,,ALL IN SALES (TONY BOWLING) AGENT,,,10.4
The Florida Sale (2012),2012-03-26,69,B,C,MAJESTIC WARRIOR,ON A LARK,THE PRIME MINISTER,WAVERTREE STABLES INC. (CIARAN DUNNE) AGENT IX,FOX HILL FARM TOM MCGREEVY AG,350000,,2010-02-21,KENTUCKY,20,,WAVERTREE STABLES INC. (CIARAN DUNNE) AGENT IX,,,10.3
The Florida Sale (2012),2012-03-26,70,CH,C,STREET BOSS,OPEN WINDOW,TREMPOLINO,SCANLON TRAINING CENTER AGENT,OUT,0,,2010-02-26,NEW YORK,10,,SCANLON TRAINING CENTER AGENT,,,11
The Florida Sale (2012),2012-03-26,72,B,C,INDIAN CHARLIE,PARADISE PLAYGIRL,SPEIGHTSTOWN,KINGS EQUINE AGENT I,DOGWOOD STABLE INC,80000,,2010-04-15,KENTUCKY,9,,KINGS EQUINE AGENT I,,,10.2
The Florida Sale (2012),2012-03-26,73,B,F,GOTTCHA GOLD,PEARLY WHITE,HOLY BULL,OMEGA FARM AGENT,OUT,0,,2010-02-26,FLORIDA,19,,OMEGA FARM AGENT,,,10.4
The Florida Sale (2012),2012-03-26,74,B,C,INDIAN CHARLIE,PEOPLE'S PRINCESS,MEADOWLAKE,EDDIE WOODS AGENT XL,OUT,0,,2010-04-10,KENTUCKY,10,,EDDIE WOODS AGENT XL,,,
The Florida Sale (2012),2012-03-26,75,DKB,F,MALIBU MOON,PLATINUM BALLET,SKIP AWAY,KINGS EQUINE AGENT I,OUT,0,,2010-02-05,KENTUCKY,9,,KINGS EQUINE AGENT I,,,10.4
The Florida Sale (2012),2012-03-26,76,B,C,ROCKPORT HARBOR,PROM PRINCESS,GOLD CASE,ALL IN SALES (TONY BOWLING) AGENT,SWIFTY FARMS INC,95000,,2010-02-14,OKLAHOMA,40,,ALL IN SALES (TONY BOWLING) AGENT,,,10.3
The Florida Sale (2012),2012-03-26,77,DKB,C,MEDAGLIA D'ORO,PROP,UNBRIDLED'S SONG,CRUPI'S NEW CASTLE FARM,OUT,0,,2010-02-21,KENTUCKY,10,,CRUPI'S NEW CASTLE FARM,,,
The Florida Sale (2012),2012-03-26,78,DKB,F,MIDNIGHT LUTE,PROPER FORM,DEPUTY MINISTER,EDDIE WOODS AGENT XLIV,ANTHONY J ZANKICH,50000,,2010-03-28,KENTUCKY,10,,EDDIE WOODS AGENT XLIV,,,11
The Florida Sale (2012),2012-03-26,79,DKB,C,READY'S IMAGE,QUEEN OF VALENTINE,STORM CREEK,DE MERIC SALES AGENT,OUT,0,,2010-04-19,NEW YORK,30,,DE MERIC SALES AGENT,,,
The Florida Sale (2012),2012-03-26,80,DKB,C,STREET CRY (IRE),QUENDOM (ARG),INTERPRETE (ARG),EDDIE WOODS AGENT XXXV,OUT,0,,2010-03-18,KENTUCKY,10,,EDDIE WOODS AGENT XXXV,,,10.4
The Florida Sale (2012),2012-03-26,81,GRR,C,SCAT DADDY,REDDY FOR RUBYS,PRECISE END,CRUPI'S NEW CASTLE FARM,BROOKLYN BOYZ STABLES,110000,,2010-03-05,NEW YORK,10,,CRUPI'S NEW CASTLE FARM,,,10.4
The Florida Sale (2012),2012-03-26,82,B,C,FIRST DEFENCE,RED SOUL,STORM BIRD,SAB SALES (SCOTT A. BERGSRUD) AGENT II,NOT SOLD,69000,,2010-03-30,KENTUCKY,29,,SAB SALES (SCOTT A. BERGSRUD) AGENT II,,,10.3
The Florida Sale (2012),2012-03-26,83,B,C,PULPIT,REFERENDUM,UNBRIDLED,DE MERIC SALES AGENT,OUT,0,,2010-03-10,KENTUCKY,30,,DE MERIC SALES AGENT,,,
The Florida Sale (2012),2012-03-26,84,B,C,SPEIGHTSTOWN,RHUM,GO FOR GIN,DE MERIC SALES AGENT,OUT,0,,2010-04-24,KENTUCKY,30,,DE MERIC SALES AGENT,,,
The Florida Sale (2012),2012-03-26,85,CH,F,BROKEN VOW,RICH FIND,EXPLOIT,WAVERTREE STABLES INC. (CIARAN DUNNE) AGENT X,D WAYNE LUKAS,175000,,2010-02-26,KENTUCKY,20,,WAVERTREE STABLES INC. (CIARAN DUNNE) AGENT X,,,10.4
The Florida Sale (2012),2012-03-26,86,DKB,C,INDIAN CHARLIE,RIGHT PLACE,PETIONVILLE,HOBY & LAYNA KIGHT AGENT,OUT,0,,2010-02-03,KENTUCKY,30,,HOBY & LAYNA KIGHT AGENT,,,10.4
The Florida Sale (2012),2012-03-26,87,DKB,F,MAJESTIC WARRIOR,ROAD TO MANDALAY,SEA OF SECRETS,PIKE RACING AGENT,EQB INC AGENT,230000,,2010-02-25,NEW YORK,9,,PIKE RACING AGENT,,,10.2
The Florida Sale (2012),2012-03-26,88,B,C,FORESTRY,ROSE CITY,CARSON CITY,LYNNE BOUTTE AGENT,OUT,0,,2010-01-21,NEW YORK,19,,LYNNE BOUTTE AGENT,,,10.3
The Florida Sale (2012),2012-03-26,89,B,C,TAPIT,ROSE OF SUMMER,EL PRADO (IRE),NIALL BRENNAN STABLES AGENT XV,OUT,0,,2010-05-09,KENTUCKY,40,,NIALL BRENNAN STABLES AGENT XV,,,
The Florida Sale (2012),2012-03-26,90,,F,MORE THAN READY,ROUGH WATER,STORMIN FEVER,CARY FROMMER AGENT,REEVES THOROUGHBRED RACING,300000,,2010-01-29,VIRGINIA,20,,CARY FROMMER AGENT,,,10.4
The Florida Sale (2012),2012-03-26,91,B,F,BERNARDINI,RUNNIN UTE,GONE WEST,SEQUEL BLOODSTOCK (BECKY THOMAS) AGENT,TODD A PLETCHER AGENT,550000,,2010-04-05,KENTUCKY,30,,SEQUEL BLOODSTOCK (BECKY THOMAS) AGENT,,,10.2
The Florida Sale (2012),2012-03-26,92,B,C,JOHANNESBURG,SANS SOUCI ISLAND,CHESTER HOUSE,LYNNE BOUTTE AGENT,TUCCI STABLES,60000,Y,2010-02-11,ONTARIO,19,,LYNNE BOUTTE AGENT,,,10.4
The Florida Sale (2012),2012-03-26,93,B,C,TALE OF THE CAT,SARATOGA DRIVE,SIPHON (BRZ),NIALL BRENNAN STABLES AGENT XIII,F THOMAS CONWAY,550000,,2010-04-28,KENTUCKY,40,,NIALL BRENNAN STABLES AGENT XIII,,,10.2
The Florida Sale (2012),2012-03-26,94,B,C,BERNARDINI,SCHOLARSHIP,DEPUTY COMMANDER,SCANLON TRAINING CENTER AGENT,OUT,0,,2010-03-31,NEW YORK,10,,SCANLON TRAINING CENTER AGENT,,,
The Florida Sale (2012),2012-03-26,95,B,C,LION HEART,SEATTLE QUI,SEATTLE SLEW,WAVERTREE STABLES INC. (CIARAN DUNNE) AGENT I,OUT,0,,2010-02-14,KENTUCKY,20,,WAVERTREE STABLES INC. (CIARAN DUNNE) AGENT I,,,
The Florida Sale (2012),2012-03-26,96,CH,C,DISTORTED HUMOR,SECRET THYME,STORM CAT,LYNNE BOUTTE AGENT,JOHN FERGUSON,1200000,,2010-04-19,PENNSYLVANIA,19,,LYNNE BOUTTE AGENT,,,10.1
The Florida Sale (2012),2012-03-26,97,B,C,MALIBU MOON,SEEK TO SOAR,SEEKING THE GOLD,PIKE RACING AGENT,JOHN FERGUSON,725000,,2010-04-17,KENTUCKY,9,,PIKE RACING AGENT,,,10.2
The Florida Sale (2012),2012-03-26,98,DKB,F,MALIBU MOON,SMOLENSK,DANZIG,KINGS EQUINE AGENT,OUT,0,,2010-04-16,KENTUCKY,9,,KINGS EQUINE AGENT,,,10.2
The Florida Sale (2012),2012-03-26,99,B,C,EMPIRE MAKER,SHIP'S CAT,FOREST WILDCAT,WAVERTREE STABLES INC. (CIARAN DUNNE) AGENT XII,DOGWOOD STABLE INC,170000,,2010-02-03,KENTUCKY,20,,WAVERTREE STABLES INC. (CIARAN DUNNE) AGENT XII,,,10.3
The Florida Sale (2012),2012-03-26,100,GRR,F,BERNARDINI,SHOWCASE,STORM CAT,HOBY & LAYNA KIGHT AGENT,LONG LAKE STABLES,25000,,2010-04-23,KENTUCKY,30,,HOBY & LAYNA KIGHT AGENT,,,11.1
The Florida Sale (2012),2012-03-26,101,GRR,C,TAPIT,SHY GREETING (ARG),SHY TOM,PARRISH FARMS AGENT,EDDIE KENNEALLY AGENT,100000,,2010-04-24,KENTUCKY,40,,PARRISH FARMS AGENT,,,10.4
The Florida Sale (2012),2012-03-26,102,B,F,TALE OF THE CAT,SONOMA MEADOW,MEADOWLAKE,NIALL BRENNAN STABLES AGENT VII,CHEYENNE STABLES LLC,250000,,2010-03-13,KENTUCKY,40,,NIALL BRENNAN STABLES AGENT VII,,,10.1
The Florida Sale (2012),2012-03-26,103,CH,F,HALF OURS,SOURIS,DEFRERE,CRUPI'S NEW CASTLE FARM,OUT,0,,2010-02-10,KENTUCKY,10,,CRUPI'S NEW CASTLE FARM,,,10.3
The Florida Sale (2012),2012-03-26,104,,C,MEDAGLIA D'ORO,ST LUCINDA,ST. JOVITE,SEQUEL BLOODSTOCK (BECKY THOMAS) AGENT,OUT,0,,2010-05-20,KENTUCKY,30,,SEQUEL BLOODSTOCK (BECKY THOMAS) AGENT,,,10.4
The Florida Sale (2012),2012-03-26,105,B,F,INDIAN CHARLIE,STUNNING IMAGE (IRE),KRIS S.,DE MERIC SALES AGENT,OUT,0,,2010-04-08,KENTUCKY,30,,DE MERIC SALES AGENT,,,10.1
The Florida Sale (2012),2012-03-26,106,DKB,C,SPEIGHTSTOWN,STYLISH WILDCAT,FOREST WILDCAT,DE MERIC SALES AGENT,TOYOMITSU HIRAI,250000,,2010-02-28,KENTUCKY,30,,DE MERIC SALES AGENT,,,10.1
The Florida Sale (2012),2012-03-26,107,B,F,DIXIE UNION,S W ALY'SVALENTINE,MALIBU MOON,RICKY LEPPALA AGENT I,MONGOLIAN STABLE LLC,130000,,2010-01-11,KENTUCKY,19,,RICKY LEPPALA AGENT I,,,10.3
The Florida Sale (2012),2012-03-26,108,DKB,F,MIDNIGHT LUTE,SWEET BREANNA,SAHM,CRUPI'S NEW CASTLE FARM,EDWARD S ROBBINS,75000,,2010-02-03,KENTUCKY,10,,CRUPI'S NEW CASTLE FARM,,,10.4
The Florida Sale (2012),2012-03-26,109,B,C,BERNARDINI,SWEET FERVOR,SEEKING THE GOLD,NIALL BRENNAN STABLES AGENT V,OUT,0,,2010-03-20,KENTUCKY,40,,NIALL BRENNAN STABLES AGENT V,,,
The Florida Sale (2012),2012-03-26,110,B,C,MEDAGLIA D'ORO,SWIFT AND CLASSY,CLEVER TRICK,SECURE INVESTMENTS,NOT SOLD,90000,,2010-01-21,KENTUCKY,29,,SECURE INVESTMENTS,,,22.3
The Florida Sale (2012),2012-03-26,111,CH,C,BLUEGRASS CAT,TAP FOR GOLD,PLEASANT TAP,ALL IN SALES (TONY BOWLING) AGENT,OUT,0,,2010-03-29,KENTUCKY,40,,ALL IN SALES (TONY BOWLING) AGENT,,,
The Florida Sale (2012),2012-03-26,112,B,F,MALIBU MOON,THEDAMEWANTSTOWIN,GULCH,SGV THOROUGHBREDS (STEVEN VENOSA) AGENT,MERSAD METANOVIC BLOODSTOCK,150000,,2010-04-09,KENTUCKY,29,,SGV THOROUGHBREDS (STEVEN VENOSA) AGENT,,,10.4
The Florida Sale (2012),2012-03-26,113,GRR,C,FLASHY BULL,THE WRONG FACE,MARLIN,INSIDE MOVE INC. AGENT,OUT,0,,2010-02-27,KENTUCKY,9,,INSIDE MOVE INC. AGENT,,,10.4
The Florida Sale (2012),2012-03-26,114,B,C,INDIAN CHARLIE,THREE OF A KIND,CARSON CITY,NIALL BRENNAN STABLES AGENT XI,OUT,0,,2010-04-22,KENTUCKY,40,,NIALL BRENNAN STABLES AGENT XI,,,11
The Florida Sale (2012),2012-03-26,115,DKB,C,MIDNIGHT LUTE,TIME TO DECIDE,WAVERING MONARCH,DE MERIC SALES AGENT,OUT,0,,2010-02-20,KENTUCKY,30,,DE MERIC SALES AGENT,,,10.3
The Florida Sale (2012),2012-03-26,116,CH,C,TALE OF THE CAT,TIZMEANTTOBE,TIZNOW,HARTLEY/DE RENZO THOROUGHBREDS AGENT,NOT SOLD,170000,,2010-04-06,KENTUCKY,30,,HARTLEY/DE RENZO THOROUGHBREDS AGENT,,,10.3
The Florida Sale (2012),2012-03-26,117,B,C,TIZ WONDERFUL,TOM'S KID,CAPOTE,PIKE RACING AGENT,BARRY BERKELHAMMER,180000,,2010-03-17,KENTUCKY,9,,PIKE RACING AGENT,,,10.2
The Florida Sale (2012),2012-03-26,118,DKB,C,STORMY ATLANTIC,TORTUGA LADY,THUNDER GULCH,NIALL BRENNAN STABLES AGENT XIX,FOX HILL FARM TOM MCGREEVY AG,200000,,2010-04-15,KENTUCKY,40,,NIALL BRENNAN STABLES AGENT XIX,,,11
The Florida Sale (2012),2012-03-26,119,DKB,F,INDIAN CHARLIE,TRUSTY LADY,DEPUTY MINISTER,EDDIE WOODS AGENT XXXI,WHISPERING OAKS FARM LLC,250000,,2010-03-01,KENTUCKY,10,,EDDIE WOODS AGENT XXXI,,,10.2
The Florida Sale (2012),2012-03-26,120,DKB,F,HARD SPUN,TWO HALOS,SAINT BALLADO,WAVERTREE STABLES INC. (CIARAN DUNNE) AGENT XI,OUT,0,,2010-03-03,KENTUCKY,20,,WAVERTREE STABLES INC. (CIARAN DUNNE) AGENT XI,,,10.2
The Florida Sale (2012),2012-03-26,121,B,C,HARLAN'S HOLIDAY,UNBRIDLED GRACE,UNBRIDLED JET,DE MERIC SALES AGENT,OUT,0,,2010-02-23,NEW YORK,30,,DE MERIC SALES AGENT,,,10.4
The Florida Sale (2012),2012-03-26,122,B,C,BLUEGRASS CAT,UNFINISHED DREAM,SILVER DEPUTY,HARTLEY/DE RENZO THOROUGHBREDS AGENT,CARROT FARM,300000,,2010-04-23,KENTUCKY,30,,HARTLEY/DE RENZO THOROUGHBREDS AGENT,,,10.1
The Florida Sale (2012),2012-03-26,123,B,C,STREET BOSS,VARNISH,COX'S RIDGE,EDDIE WOODS AGENT IX,STEVEN W YOUNG AGENT,825000,,2010-04-13,KENTUCKY,10,,EDDIE WOODS AGENT IX,,,10.1
The Florida Sale (2012),2012-03-26,124,GRR,C,DISTORTED HUMOR,WAIT A WHILE,MARIA'S MON,NIALL BRENNAN STABLES AGENT VIII,OUT,0,,2010-03-21,KENTUCKY,40,,NIALL BRENNAN STABLES AGENT VIII,,,
The Florida Sale (2012),2012-03-26,125,GRR,C,FREUD,WITH THE STARS,WITH APPROVAL,DE MERIC SALES AGENT,OUT,0,,2010-03-04,NEW YORK,30,,DE MERIC SALES AGENT,,,
The Florida Sale (2012),2012-03-26,126,DKB,C,ELUSIVE QUALITY,WORD O' WISDOM,HENNESSY,SECURE INVESTMENTS,EVER UNION SHOKAI LTD,220000,,2010-03-26,KENTUCKY,29,,SECURE INVESTMENTS,,,10.2
The Florida Sale (2012),2012-03-26,127,GRR,F,MEDAGLIA D'ORO,ALARMING PROSPECT,DARN THAT ALARM,PIKE RACING AGENT,NOT SOLD,115000,,2010-01-15,KENTUCKY,9,,PIKE RACING AGENT,,,10.4
The Florida Sale (2012),2012-03-26,128,B,F,TIZNOW,ALIENATED,GONE WEST,KINGS EQUINE AGENT I,NOT SOLD,95000,,2010-04-16,KENTUCKY,9,,KINGS EQUINE AGENT I,,,10.3
The Florida Sale (2012),2012-03-26,130,GRR,C,TAPIT,AMELIA,DIXIELAND BAND,WAVERTREE STABLES INC. (CIARAN DUNNE) AGENT I,OUT,0,,2010-04-22,KENTUCKY,20,,WAVERTREE STABLES INC. (CIARAN DUNNE) AGENT I,,,
The Florida Sale (2012),2012-03-26,131,CH,C,FORESTRY,ANGELA'S LOVE,NOT FOR LOVE,KINGS EQUINE AGENT I,OUT,0,,2010-02-19,KENTUCKY,9,,KINGS EQUINE AGENT I,,,10.3
The Florida Sale (2012),2012-03-26,132,B,C,CONGRATS,ARIEL ROSE,BLACK MAMBO,SECURE INVESTMENTS,SALLUSTO & ALBINA AGENTS,300000,,2010-04-05,FLORIDA,29,,SECURE INVESTMENTS,,,10.2
The Florida Sale (2012),2012-03-26,133,B,C,DIXIE UNION,ART SHOW,OUT OF PLACE,PIKE RACING AGENT,TODD A PLETCHER AGENT,440000,,2010-03-04,PENNSYLVANIA,9,,PIKE RACING AGENT,,,10.2
The Florida Sale (2012),2012-03-26,134,CH,C,SKY MESA,AYERS ROCK,SLEW THE KNIGHT,ALL IN SALES (TONY BOWLING) AGENT,OUT,0,,2010-04-09,KENTUCKY,40,,ALL IN SALES (TONY BOWLING) AGENT,,,10.2
The Florida Sale (2012),2012-03-26,135,CH,F,SPEIGHTSTOWN,BESTOWAL,UNBRIDLED'S SONG,WAVERTREE STABLES INC. (CIARAN DUNNE) AGENT II,OUT,0,,2010-02-01,KENTUCKY,20,,WAVERTREE STABLES INC. (CIARAN DUNNE) AGENT II,,,
The Florida Sale (2012),2012-03-26,136,CH,C,CITY ZIP,BRIGHT LINE,FUSAICHI PEGASUS,CRUPI'S NEW CASTLE FARM,OUT,0,,2010-02-04,KENTUCKY,10,,CRUPI'S NEW CASTLE FARM,,,
The Florida Sale (2012),2012-03-26,137,DKB,F,WAR FRONT,BRILLIANT THUNDER,THUNDER GULCH,WAVERTREE STABLES INC. (CIARAN DUNNE) AGENT III,OUT,0,,2010-03-22,KENTUCKY,20,,WAVERTREE STABLES INC. (CIARAN DUNNE) AGENT III,,,
The Florida Sale (2012),2012-03-26,138,DKB,F,CANDY RIDE (ARG),BULLVILLE BELLE,HOLY BULL,OFF THE HOOK LLC AGENT,OUT,0,,2010-03-21,KENTUCKY,29,,OFF THE HOOK LLC AGENT,,,
The Florida Sale (2012),2012-03-26,139,B,C,BERNARDINI,CARNIVAL DELIGHT,HALF A YEAR,DE MERIC SALES AGENT,OUT,0,,2010-04-23,FLORIDA,30,,DE MERIC SALES AGENT,,,
The Florida Sale (2012),2012-03-26,140,GRR,C,TAPIT,CAROL D,HIGH YIELD,HARTLEY/DE RENZO THOROUGHBREDS AGENT,NOT SOLD,275000,,2010-05-23,KENTUCKY,30,,HARTLEY/DE RENZO THOROUGHBREDS AGENT,,,10.4
The Florida Sale (2012),2012-03-26,141,CH,C,SALUTE THE SARGE,CAROL'S AMORE,TWO PUNCH,ALL IN SALES (TONY BOWLING) AGENT,OUT,0,,2010-05-05,FLORIDA,40,,ALL IN SALES (TONY BOWLING) AGENT,,,10.3
The Florida Sale (2012),2012-03-26,142,B,C,EMPIRE MAKER,CARSON'S STAR,CARSON CITY,PARRISH FARMS AGENT,NOT SOLD,55000,,2010-02-09,KENTUCKY,40,,PARRISH FARMS AGENT,,,22
The Florida Sale (2012),2012-03-26,143,B,C,HENRYTHENAVIGATOR,CHASETHERAGINGWIND,DAYJUR,EDDIE WOODS AGENT LVI,OUT,0,,2010-01-18,KENTUCKY,10,,EDDIE WOODS AGENT LVI,,,10.4
The Florida Sale (2012),2012-03-26,144,DKB,C,CIRCULAR QUAY,CHISPISKI,APPEALING SKIER,CASSE SALES AGENT I,OUT,0,,2010-03-22,FLORIDA,19,,CASSE SALES AGENT I,,,
The Florida Sale (2012),2012-03-26,145,GRR,F,TAPIT,CHRISTIES TREASURE,BELONG TO ME,EDDIE WOODS AGENT LX,OUT,0,,2010-03-04,KENTUCKY,10,,EDDIE WOODS AGENT LX,,,10.4
The Florida Sale (2012),2012-03-26,146,DKB,C,CANDY RIDE (ARG),CHRISTINA LAKE,MEADOWLAKE,EDDIE WOODS AGENT XL,LANE'S END BLOODSTOCK,475000,,2010-03-03,KENTUCKY,10,,EDDIE WOODS AGENT XL,,,10.2
The Florida Sale (2012),2012-03-26,147,B,C,HOLY BULL,CLEMENTINE'S CAP,FORTY NINER,SCANLON TRAINING CENTER AGENT,JOE MOSS,150000,,2010-04-26,NEW YORK,10,,SCANLON TRAINING CENTER AGENT,,,10.3
The Florida Sale (2012),2012-03-26,148,B,C,SHAKESPEARE,CLOCHARD,DEVIL'S BAG,CASSE SALES AGENT II,OUT,0,,2010-03-06,KENTUCKY,19,,CASSE SALES AGENT II,,,
The Florida Sale (2012),2012-03-26,149,B,C,BIG BROWN,COOL GHOUL,SILVER GHOST,WAVERTREE STABLES INC. (CIARAN DUNNE) AGENT IV,DR DERMOT O'BYRNE,1300000,,2010-02-24,PENNSYLVANIA,20,,WAVERTREE STABLES INC. (CIARAN DUNNE) AGENT IV,,,10.1
The Florida Sale (2012),2012-03-26,150,B,C,DIXIE UNION,COSMIC COLORS,BROAD BRUSH,HOBY & LAYNA KIGHT AGENT,NOT SOLD,95000,,2010-02-21,KENTUCKY,30,,HOBY & LAYNA KIGHT AGENT,,,10.3
The Florida Sale (2012),2012-03-26,152,CH,C,LION HEART,COUNTRY AGAIN,AWESOME AGAIN,CLASSIC BLOODSTOCK (DANZEL BRENDEMUEHL) AGENT,OUT,0,,2010-05-11,KENTUCKY,20,,CLASSIC BLOODSTOCK (DANZEL BRENDEMUEHL) AGENT,,,
The Florida Sale (2012),2012-03-26,153,B,F,BERNARDINI,CROSS CHANNEL,GIANT'S CAUSEWAY,NIALL BRENNAN STABLES AGENT III,OUT,0,,2010-02-01,KENTUCKY,40,,NIALL BRENNAN STABLES AGENT III,,,10.4
The Florida Sale (2012),2012-03-26,154,GRR,C,TAPIT,CUTE COGNAC,HENNESSY,WAVERTREE STABLES INC. (CIARAN DUNNE) AGENT V,NOT SOLD,220000,,2010-04-23,KENTUCKY,20,,WAVERTREE STABLES INC. (CIARAN DUNNE) AGENT V,,,10.4
The Florida Sale (2012),2012-03-26,155,B,C,HARLAN'S HOLIDAY,DAISY MOUNTAIN,PHONE TRICK,SAB SALES (SCOTT A. BERGSRUD) AGENT,NOT SOLD,95000,,2010-03-19,KENTUCKY,29,,SAB SALES (SCOTT A. BERGSRUD) AGENT,,,11
The Florida Sale (2012),2012-03-26,156,B,C,MAJESTIC WARRIOR,DARLING MONIQUE,EL CORREDOR,SCANLON TRAINING CENTER AGENT,DR DERMOT O'BYRNE,175000,,2010-02-18,KENTUCKY,10,,SCANLON TRAINING CENTER AGENT,,,10.3
The Florida Sale (2012),2012-03-26,157,CH,C,EVEN THE SCORE,DBLSECRETPROBATION,PROUD CITIZEN,CRUPI'S NEW CASTLE FARM,OUT,0,,2010-02-21,KENTUCKY,10,,CRUPI'S NEW CASTLE FARM,,,10.3
The Florida Sale (2012),2012-03-26,158,B,C,GHOSTZAPPER,DEAREST TRICKSKI,PROUDEST ROMEO,CASSE SALES AGENT II,OUT,0,,2010-03-10,KENTUCKY,19,,CASSE SALES AGENT II,,,
The Florida Sale (2012),2012-03-26,159,B,F,DIXIE UNION,DEPUTY DEAR,DEPUTY MINISTER,W. D. NORTH THOROUGHBREDS AGENT,NOT SOLD,60000,,2010-02-27,NEW YORK,29,,W. D. NORTH THOROUGHBREDS AGENT,,,11
The Florida Sale (2012),2012-03-26,160,CH,F,MALIBU MOON,DISCO DARLIN',CITIDANCER,CLASSIC BLOODSTOCK (DANZEL BRENDEMUEHL) AGENT,JOHN C KIMMEL AGENT,310000,,2010-05-14,PENNSYLVANIA,20,,CLASSIC BLOODSTOCK (DANZEL BRENDEMUEHL) AGENT,,,10.2
The Florida Sale (2012),2012-03-26,161,CH,C,STREET BOSS,DREAM OUT LOUD,STRAVINSKY,NIALL BRENNAN STABLES AGENT X,NOT SOLD,200000,,2010-04-27,MARYLAND,40,,NIALL BRENNAN STABLES AGENT X,,,10.3
The Florida Sale (2012),2012-03-26,162,DKB,C,MEDAGLIA D'ORO,DRIFA,TABASCO CAT,PIKE RACING AGENT,NOT SOLD,170000,,2010-03-18,KENTUCKY,9,,PIKE RACING AGENT,,,10.2
The Florida Sale (2012),2012-03-26,163,GRR,C,MIZZEN MAST,ELIZA'S TIME (IRE),$BARATHEA (IRE),CARY FROMMER AGENT FOR EPONA EQUINE LLC,OUT,0,,2010-03-23,KENTUCKY,20,,CARY FROMMER AGENT FOR EPONA EQUINE LLC,,,
The Florida Sale (2012),2012-03-26,164,B,C,TALE OF THE CAT,ELLIE'S MOMENT,KRIS S.,SCANLON TRAINING CENTER AGENT,MARK CASSE AGENT,435000,,2010-05-12,KENTUCKY,10,,SCANLON TRAINING CENTER AGENT,,,10.1
The Florida Sale (2012),2012-03-26,165,CH,C,BROKEN VOW,ENDURING LEGACY,SAINT BALLADO,NIALL BRENNAN STABLES AGENT XVIII,OUT,0,,2010-03-06,FLORIDA,40,,NIALL BRENNAN STABLES AGENT XVIII,,,10.4
The Florida Sale (2012),2012-03-26,166,B,C,MACHO UNO,EVER ELUSIVE,FORESTRY,SAB SALES (SCOTT A. BERGSRUD) AGENT,OUT,0,,2010-04-13,ONTARIO,29,,SAB SALES (SCOTT A. BERGSRUD) AGENT,,,
The Florida Sale (2012),2012-03-26,167,CH,C,PULPIT,EXOGENETIC,UNBRIDLED'S SONG,SEQUEL BLOODSTOCK (BECKY THOMAS) AGENT,OUT,0,,2010-04-10,KENTUCKY,30,,SEQUEL BLOODSTOCK (BECKY THOMAS) AGENT,,,
