Hip Number,IN Out Status,Foaling Year,Horse Name,Color,Sex,Foaling Date,Sire Name,Dam Name,Sort Dam,Dam Sire,Covering Sire,Property Line 1,Property Line 2,Consignor Sort,Foaling Area,Barn Number,Buyer Name,Hammer Price,Post Sale Indicator,Outdate,UT Time,UT Distance,UT Actual Date,UT Group,UT Set,PP PDF Link
1,I,2023,,GR/RO,F,03/08/2023,Rushie,Fantastic Voyage,130,,,"Beth Bayer, Agent XVI",,Beth Bayer,FL,5,Las Palmas,9000,,,,,,,,
2,I,2023,,CH,F,03/22/2023,Cajun Breeze,Fast City,131,,,"Beth Bayer, Agent XIV",,Beth Bayer,FL,5,Trevor James,3000,,,,,,,,
3,O,2023,,CH,F,05/02/2023,Omaha Beach,Featherspun,132,,,"Noble Oaks Farm LLC, Agent V",,Noble Oaks Farm LLC,LA,9,OUT,,,01/21/2024,,,,,,
4,I,2023,,DB/BR,C,03/11/2023,Silver State,Given Grace,147,,,"4 M Ranch, Agent II",,4 M Ranch,LA,4,RNA,-38000,,,,,,,,
5,I,2015,Stoney Miss,DB/BR,M,02/22/2015,Birdstone,Gold Strike,152,,Frac Daddy,"Bobby Jones Equine LLC, Agent II",,Bobby Jones Equine LLC,ON,10,RNA,-37000,,,,,,,,
6,I,2018,Rainbows and Roses,B,M,04/10/2018,Bodemeister,Granny Mc's Kitten,155,,Roadster,"Beth Bayer, Agent XIV",,Beth Bayer,KY,5,FMQ Stables,23000,,,,,,,,
7,I,2023,,B,C,02/13/2023,Leinster,Greatest Reward,156,,,"Beth Bayer, Agent XX",,Beth Bayer,NY,5,Machmer Hall,43000,,,,,,,,
8,I,2017,Dazzling Bride,B,M,03/01/2017,He's Had Enough,Happy Honeymoon,162,,Roadster,"Beth Bayer, Agent XIV",,Beth Bayer,FL,5,"Otis Barrett, Agent for Ham Stables, Ltd.",3000,,,,,,,,
9,I,2023,,CH,F,01/13/2023,Curlin's Honor,Heart of God,164,,,"On Point Training & Sales, Agent",,On Point Training & Sales,FL,1,Sennebec South Farm,22000,,,,,,,,
10,O,2023,,B,F,03/27/2023,Maximus Mischief,Her Mine E Winkle,167,,,"Get Away Farm, Agent I",,Get Away Farm,FL,11,OUT,,,01/19/2024,,,,,,
11,I,2023,,B,F,03/30/2023,Maximus Mischief,Hidden Jade,168,,,"Silver Oaks Farm (Danielle Loya), Agent IV",,Silver Oaks Farm (Danielle Loya),KY,10,Arindel,35000,,,,,,,,
12,I,2023,,B,F,02/15/2023,Connect,Hishi Aspen,170,,,"Perrone Sales, Ltd., Agent for McDowell Farm",,Perrone Sales,AR,8,RNA,-9000,,,,,,,,
13,I,2013,Curlin's Image,CH,M,02/13/2013,Curlin,Image of Mom,180,,Catholic Boy,"New Hope AB LLC, Agent III",,New Hope AB LLC,KY,3,RNA,-8500,,,,,,,,
14,I,2023,Imforeveryours,GR/RO,F,01/24/2023,Cupid,Imimpeccable,181,,,"Colin Brennan Bloodstock, Agent VI",,Colin Brennan Bloodstock,FL,6,Charles W. Ritter,4000,,,,,,,,
15,O,2023,,B,C,02/01/2023,Spun to Run,Indivar,184,,,"Afleet Equine Services, Agent II",,Afleet Equine Services,FL,6,OUT,,,01/23/2024,,,,,,
16,I,2023,,GR/RO,F,05/06/2023,Yoshida (JPN),In Gold Blood,185,,,Ironclad Farm LLC,,Ironclad Farm LLC,FL,11,RNA,-3000,,,,,,,,
17,I,2014,Shezaprado,B,M,02/15/2014,Paddy O'Prado,Jeopardy Lady,192,,Uncle Chuck,"Beth Bayer, Agent XIV",,Beth Bayer,KY,5,Rose Cassidy,4500,,,,,,,,
18,O,2023,,B,F,03/02/2023,Curlin's Honor,J J's Spirit,193,,,"Abbie Road Farm (Lisa McGreevy), Agent XVIII",,Abbie Road Farm (Lisa McGreevy),FL,1,OUT,,,01/22/2024,,,,,,
19,I,2023,Keep 'Em Honest,B,C,04/06/2023,Honest Mischief,Keeper in Spite,198,,,"Sue Vacek, Agent for Meadow View Thoroughbreds LLC",,Sue Vacek,NY,3,RNA,-4500,,,,,,,,
20,I,2023,,B,F,01/10/2023,The Big Beast,Kimono,200,,,"Beth Bayer, Agent XIV",,Beth Bayer,FL,5,Joel Sainer,12000,,,,,,,,
21,I,2023,,B,F,03/26/2023,Lexitonian,Know It All Anna,203,,,"Beth Bayer, Agent",,Beth Bayer,FL,5,Boots Bloodstock,62000,,,,,,,,
22,I,2023,,B,F,02/03/2023,Uncle Chuck,La Meca,209,,,"Gelfenstein Farm, Agent",,Gelfenstein Farm,FL,10,Arroyo Bloodstock,21000,,,,,,,,
23,I,2023,,B,F,05/03/2023,Omaha Beach,La Milanesa,210,,,"Noble Oaks Farm LLC, Agent V",,Noble Oaks Farm LLC,LA,9,Machmer Hall,35000,,,,,,,,
24,I,2023,,CH,F,03/13/2023,Curlin's Honor,Liza's Ready,217,,,"On Point Training & Sales, Agent",,On Point Training & Sales,FL,1,Arindel,20000,,,,,,,,
25,I,2023,,DB/BR,F,03/21/2023,Independence Hall,Lonestar Angel,218,,,"4 M Ranch, Agent III",,4 M Ranch,LA,4,Empire Bloodstock LLC,4500,,,,,,,,
26,I,2023,,GR/RO,F,04/21/2023,Leinster,Lulu's Pom Pom,226,,,"Abbie Road Farm (Lisa McGreevy), Agent XIV",,Abbie Road Farm (Lisa McGreevy),FL,1,Glencrest Farm LLC,23000,,,,,,,,
27,I,2023,Mr. Florida,GR/RO,C,01/23/2023,Uncle Chuck,Magical Flair,227,,,"Summerfield (Francis & Barbara Vanlangendonck), Agent LXXVI",,Summerfield (Francis & Barbara Vanlangendonck),FL,9,"Laureles Racing, Inc.",12000,,,,,,,,
28,O,2009,Magical Flair,GR/RO,M,03/19/2009,Defrere,Mary Lou's Magic,234,,Magic On Tap,"Summerfield (Francis & Barbara Vanlangendonck), Agent LXXVI",,Summerfield (Francis & Barbara Vanlangendonck),NJ,9,OUT,,,01/23/2024,,,,,,
29,O,2023,,B,F,03/19/2023,Rushie,Melissani,237,,,"Abbie Road Farm (Lisa McGreevy), Agent XIV",,Abbie Road Farm (Lisa McGreevy),FL,1,OUT,,,01/11/2024,,,,,,
30,I,2023,Mighty Yaupon,DB/BR,C,04/14/2023,Yaupon,Mighty Souper,243,,,"Summerfield (Francis & Barbara Vanlangendonck), Agent LXXVI",,Summerfield (Francis & Barbara Vanlangendonck),FL,9,Classic Automations LLC,85000,,,,,,,,
31,I,2023,,B,C,01/19/2023,Girvin,Mimi's Shot,244,,,"Beth Bayer, Agent VIII",,Beth Bayer,FL,5,RNA,-82000,,,,,,,,
32,I,2023,,CH,C,03/29/2023,Complexity,Mom's a Cougar,256,,,"Beth Bayer, Agent XV",,Beth Bayer,FL,5,C-G Stables,25000,,,,,,,,
33,O,2013,Super Shopper,CH,M,03/03/2013,Super Saver,Moonbow,259,,Audible,"Afleet Equine Services, Agent I",,Afleet Equine Services,KY,6,OUT,,,01/20/2024,,,,,,
34,O,2023,,B,F,05/25/2023,Not This Time,More Oats Please,263,,,"Kaizen Sales (Richard Kent), Agent VII",,Kaizen Sales (Richard Kent),KY,7,OUT,,,01/19/2024,,,,,,
35,I,2010,Ephyra,CH,M,03/03/2010,Corinthian,North East Belle,279,,Corniche,"Journeyman Bloodstock Services, Inc.","(Brent & Crystal Fernung), Agent","Journeyman Bloodstock Services, Inc. (Brent & Crystal Fernung)",KY,2,"NRClub, LLC",60000,Y,,,,,,,
36,I,2020,Bookish,B,M,02/20/2020,Collected,No Such Word,280,,Roadster,Cimarron Farm,,Cimarron Farm,KY,3,St. Patricks Racing Stable LLC,6500,,,,,,,,
37,I,2016,J P's Delight,B,M,04/20/2016,J P's Gusto,Our Delight,286,,Early Voting,"Journeyman Bloodstock Services, Inc.","(Brent & Crystal Fernung), Agent","Journeyman Bloodstock Services, Inc. (Brent & Crystal Fernung)",FL,2,RNA,-70000,,,,,,,,
38,O,2023,,CH,C,03/22/2023,Volatile,Pepper,292,,,"Noble Oaks Farm LLC, Agent II",,Noble Oaks Farm LLC,FL,9,OUT,,,01/21/2024,,,,,,
39,I,2023,Rileytole,B,F,03/05/2023,Mitole,Picolata,298,,,"Summerfield (Francis & Barbara Vanlangendonck), Agent LXXVI",,Summerfield (Francis & Barbara Vanlangendonck),KY,9,Bill & Corinne Heiligbrodt,50000,,,,,,,,
40,I,2023,,B,F,05/14/2023,Girvin,Presage,308,,,"Get Away Farm, Agent I",,Get Away Farm,FL,11,AAA Thoroughbreds,70000,,,,,,,,
41,O,2023,,B,F,02/25/2023,Uncle Chuck,Pretty Exotic,309,,,Vargas Sales,,Vargas Sales,FL,12,OUT,,,01/20/2024,,,,,,
42,O,2023,,B,F,04/16/2023,Bolt d'Oro,Procuradora,312,,,"Beth Bayer, Agent XXV",,Beth Bayer,KY,5,OUT,,,01/11/2024,,,,,,
43,I,2023,,B,F,05/11/2023,Good Samaritan,Pukalani,315,,,"Get Away Farm, Agent I",,Get Away Farm,FL,11,RNA,-4500,,,,,,,,
44,I,2007,Thistle Bear,DB/BR,M,04/22/2007,Gators N Bears,Purple Thistle,318,,No Never No More,"Abbie Road Farm (Lisa McGreevy), Agent XVI",,Abbie Road Farm (Lisa McGreevy),MD,1,"Michael Slezak, Agent",3000,,,,,,,,
45,I,2017,Pukalani,B,M,03/07/2017,Paynter,Quality Kitten,321,,Gretzky the Great,"Get Away Farm, Agent I",,Get Away Farm,KY,11,Randi Persaud,5000,,,,,,,,
46,I,2023,,B,C,03/05/2023,Mendelssohn,Queen Mavia (IRE),324,,,"Silver Oaks Farm (Danielle Loya), Agent III",,Silver Oaks Farm (Danielle Loya),KY,10,"NRClub, LLC",5500,,,,,,,,
47,I,2023,,CH,C,02/26/2023,Solomini,Radiant Beauty,328,,,"Ordonez Thoroughbreds, Agent III",,Ordonez Thoroughbreds,NY,12,Big Toe Stables LLC,25000,,,,,,,,
48,I,2023,,CH,F,04/21/2023,Funtastic,Rainbow Bright,330,,,"Get Away Farm, Agent I",,Get Away Farm,FL,11,Randi Persaud,2500,,,,,,,,
49,I,2023,,DB/BR,F,03/12/2023,Independence Hall,Rainbows and Roses,332,,,"Beth Bayer, Agent XIV",,Beth Bayer,FL,5,Garland Stable,4500,,,,,,,,
50,I,2023,,B,F,04/12/2023,Leinster,Rated Xtreme,334,,,"Abbie Road Farm (Lisa McGreevy), Agent XIV",,Abbie Road Farm (Lisa McGreevy),FL,1,Stella Stables,37000,,,,,,,,
51,I,2023,,DB/BR,C,02/28/2023,Echo Town,Ravenesque,335,,,"Perrone Sales, Ltd., Agent for McDowell Farm",,Perrone Sales,AR,8,RNA,-23000,,,,,,,,
52,I,2023,,B,F,01/21/2023,Instagrand,Rebooted,338,,,"Ordonez Thoroughbreds, Agent II",,Ordonez Thoroughbreds,FL,12,RNA,-19000,,,,,,,,
53,I,2023,Sedenya,B,F,04/24/2023,Catholic Boy,Red Moon Girl,339,,,Cimarron Farm,,Cimarron Farm,FL,3,CrossingPoint South,5000,Y,,,,,,,
54,I,2023,,B,F,03/08/2023,More Than Ready,Reminiscing,341,,,Cuatro Caminos,,Cuatro Caminos,KY,7,RNA,-37000,,,,,,,,
55,O,2009,Golden Bucket,B,M,04/17/2009,Mass Media,Ritzy Blitz,347,,Bolt d'Oro,"Journeyman Bloodstock Services, Inc.","(Brent & Crystal Fernung), Agent","Journeyman Bloodstock Services, Inc. (Brent & Crystal Fernung)",PA,2,OUT,,,01/12/2024,,,,,,
56,I,2023,,CH,F,03/09/2023,Mineshaft,Rossellini,348,,,"Perrone Sales, Ltd., Agent I",,Perrone Sales,FL,8,RNA,-22000,,,,,,,,
57,I,2023,,DB/BR,F,04/01/2023,Central Banker,Sailonsilvergirl,353,,,"Silver Oaks Farm (Danielle Loya), Agent I",,Silver Oaks Farm (Danielle Loya),NY,10,"Legion Bloodstock, Agent for Barbara Minshall",20000,,,,,,,,
58,I,2018,Fanny,CH,M,04/02/2018,Declaration of War,Sense to Compete,367,,Win Win Win,"Abbie Road Farm (Lisa McGreevy), Agent X",,Abbie Road Farm (Lisa McGreevy),KY,1,"Arroyo Bloodstock, Agt for Taylor Made",38000,Y,,,,,,,
59,O,2023,,B,F,04/30/2023,Echo Town,She Has Charm,370,,,"Bobby Jones Equine LLC, Agent IV",,Bobby Jones Equine LLC,FL,10,OUT,,,01/20/2024,,,,,,
60,I,2023,,B,F,03/21/2023,Uncle Chuck,Shezaprado,373,,,"Beth Bayer, Agent XIV",,Beth Bayer,FL,5,Lua Racing Stables LLC,5500,,,,,,,,
61,O,2015,Ucantkeepup,DB/BR,M,03/23/2015,Keep Up,Sheza Runaway Star,374,,Drain the Clock,"Afleet Equine Services, Agent III",,Afleet Equine Services,OH,6,OUT,,,01/22/2024,,,,,,
62,I,2023,,DB/BR,F,03/27/2023,Uncle Chuck,Sidisinforthree,376,,,"Bobby Jones Equine LLC, Agent V",,Bobby Jones Equine LLC,FL,10,RNA,-11000,,,,,,,,
63,I,2023,,DB/BR,F,02/16/2023,Uncle Chuck,Sightseeing Sis,377,,,"Beth Bayer, Agent II",,Beth Bayer,NY,5,Las Palmas,3200,,,,,,,,
64,I,2023,Sabrina Rayne,CH,F,03/11/2023,Good Samaritan,Sister Kathy,380,,,"Colin Brennan Bloodstock, Agent VII",,Colin Brennan Bloodstock,FL,6,RNA,-4000,,,,,,,,
65,O,2023,,B,F,03/13/2023,Gunnevera,Snagglepuss,387,,,"Silver Oaks Farm (Danielle Loya), Agent IV",,Silver Oaks Farm (Danielle Loya),FL,10,OUT,,,01/23/2024,,,,,,
66,I,2012,Solar Solstice,B,M,03/03/2012,Blame,Solar Echo,389,,Roadster,"Colin Brennan Bloodstock, Agent VI",,Colin Brennan Bloodstock,KY,6,Kenneth H. Davis & Sherry R. Mansfield,15000,,,,,,,,
67,I,2023,,B,C,02/16/2023,Brethren,Southern Toddy,395,,,"Bobby Jones Equine LLC, Agent for Southern Pines Farm LLC",,Bobby Jones Equine LLC,FL,10,C N I Racing,6500,,,,,,,,
68,O,2023,,B,C,04/16/2023,Honest Mischief,Super Shopper,409,,,"Afleet Equine Services, Agent I",,Afleet Equine Services,KY,6,OUT,,,01/20/2024,,,,,,
69,I,2023,,B,F,03/20/2023,By My Standards,Surprise Cameo,411,,,"Silver Oaks Farm (Danielle Loya), Agent I",,Silver Oaks Farm (Danielle Loya),NY,10,Gary Davidson,20000,,,,,,,,
70,I,2023,,B,F,03/20/2023,Modernist,Sweetest Appeal,415,,,"Summerfield (Francis & Barbara Vanlangendonck), Agent XXIX",,Summerfield (Francis & Barbara Vanlangendonck),FL,9,Empire Bloodstock LLC,4000,,,,,,,,
71,I,2023,,B,C,04/10/2023,Caracaro,Tara Road,422,,,Ironclad Farm LLC,,Ironclad Farm LLC,FL,11,RNA,-12000,,,,,,,,
72,I,2023,,B,C,03/07/2023,Good Samaritan,Tessio,425,,,"Abbie Road Farm (Lisa McGreevy), Agent XVII",,Abbie Road Farm (Lisa McGreevy),FL,1,Rancho Monarca LLC,17000,,,,,,,,
73,I,2016,Kathrynkitty,GR/RO,M,05/06/2016,Cairo Prince,That's Ok,427,,Colonel Liam,"Summerfield (Francis & Barbara Vanlangendonck), Agent XXIX",,Summerfield (Francis & Barbara Vanlangendonck),NY,9,Stewart Kaiser,6000,,,,,,,,
74,I,2023,,B,C,02/09/2023,Mitole,Tough Issie,436,,,"Kaizen Sales (Richard Kent), Agent II",,Kaizen Sales (Richard Kent),KY,7,Yolanda Gonzales & Francisco Alanis,20000,,,,,,,,
75,I,2011,Folly Island,CH,M,04/06/2011,Lone Star Special,Tranquility Bay,437,,No Never No More,"Abbie Road Farm (Lisa McGreevy), Agent XVI",,Abbie Road Farm (Lisa McGreevy),LA,1,Randi Persaud,2000,,,,,,,,
76,I,2023,,B,F,02/10/2023,Vekoma,Trendy Neve,438,,,"Beth Bayer, Agent XXIII",,Beth Bayer,KY,5,Ronaldo Rodas,12000,Y,,,,,,,
77,I,2020,Trust Me,B,F,01/25/2020,The Big Beast,Trust,440,,,"Summerfield (Francis & Barbara Vanlangendonck), Agent LVIII",,Summerfield (Francis & Barbara Vanlangendonck),FL,9,Speriamo,50000,,,,,,,,
78,O,2023,,CH,C,03/25/2023,Game Winner,Two Quarters,445,,,"Silver Oaks Farm (Danielle Loya), Agent IV",,Silver Oaks Farm (Danielle Loya),KY,10,OUT,,,01/23/2024,,,,,,
79,I,2023,,B,F,05/15/2023,Charlatan,Ullapool,446,,,"Kaizen Sales (Richard Kent), Agent IX",,Kaizen Sales (Richard Kent),KY,7,Supernova Stables,72500,Y,,,,,,,
80,I,2023,,B,C,03/05/2023,Practical Joke,Valley Oak,448,,,"Beth Bayer, Agent I",,Beth Bayer,FL,5,Latinos y mas,75000,,,,,,,,
81,I,2023,,GR/RO,F,01/06/2023,Girvin,Valuable Miss,449,,,"Get Away Farm, Agent I",,Get Away Farm,FL,11,RNA,-45000,,,,,,,,
82,I,2023,,CH,C,03/26/2023,Gift Box,Via Pavion,453,,,"Sue Vacek, Agent II",,Sue Vacek,FL,7,Randi Persaud,1200,,,,,,,,
83,I,2023,,DB/BR,C,02/22/2023,Uncle Chuck,Via Veneto Square,454,,,"Beth Bayer, Agent XIX",,Beth Bayer,FL,5,Jose Munoz,21000,,,,,,,,
84,I,2023,,DB/BR,C,04/01/2023,Midshipman,Villa Savoye,455,,,"Perrone Sales, Ltd., Agent for McDowell Farm",,Perrone Sales,AR,8,Mary Sue Stables,34000,,,,,,,,
85,I,2023,,DB/BR,F,03/10/2023,Vekoma,Walk of Fame,458,,,"Silver Oaks Farm (Danielle Loya), Agent II",,Silver Oaks Farm (Danielle Loya),KY,10,Hedley Lamarr,30000,Y,,,,,,,
86,I,2023,,B,F,03/24/2023,Leinster,Wildcat Gaze,461,,,"Abbie Road Farm (Lisa McGreevy), Agent XIV",,Abbie Road Farm (Lisa McGreevy),FL,1,A B Thoroughbreds,13000,Y,,,,,,,
87,I,2023,,B,C,02/26/2023,Mitole,Wild Hickory,463,,,"Silver Oaks Farm (Danielle Loya), Agent IV",,Silver Oaks Farm (Danielle Loya),KY,10,Calumet Farm,95000,,,,,,,,
88,I,2023,,DB/BR,C,01/23/2023,Silver State,Will Take the Gal,464,,,"Kaizen Sales (Richard Kent), Agent VIII",,Kaizen Sales (Richard Kent),KY,7,H & E Ranch,50000,,,,,,,,
89,O,2023,,CH,C,04/22/2023,Vino Rosso,Wonder Blondy,465,,,"Beth Bayer, Agent X",,Beth Bayer,KY,5,OUT,,,01/02/2024,,,,,,
90,I,2023,,B,F,04/25/2023,Waiting,Woodstock Girl,467,,,"Beth Bayer, Agent XXI",,Beth Bayer,NY,5,Billy Williams,5500,,,,,,,,
91,O,2023,,B,F,04/01/2023,Blame,You're Beautiful,472,,,Fly By,,Fly By,FL,2,OUT,,,01/19/2024,,,,,,
92,I,2023,,B,F,04/02/2023,Leinster,Zamquick,473,,,"Afleet Equine Services, Agent III",,Afleet Equine Services,FL,6,Arindel,30000,,,,,,,,
93,I,2023,,B,F,05/02/2023,Tapiture,Aerospace,6,,,"Get Away Farm, Agent I",,Get Away Farm,FL,11,RNA,-13000,,,,,,,,
94,O,2023,,DB/BR,C,04/02/2023,Breaking Lucky,Always Alright,12,,,"Abbie Road Farm (Lisa McGreevy), Agent XIV",,Abbie Road Farm (Lisa McGreevy),FL,1,OUT,,,01/10/2024,,,,,,
95,O,2023,,CH,F,02/25/2023,Mendelssohn,And Away We Go,16,,,"Kaizen Sales (Richard Kent), Agent VII",,Kaizen Sales (Richard Kent),FL,7,OUT,,,01/19/2024,,,,,,
96,I,2020,Abby's Plaid,CH,F,02/05/2020,Gun Runner,Atlantic's Smile,26,,,"Abbie Road Farm (Lisa McGreevy), Agent XIX",,Abbie Road Farm (Lisa McGreevy),KY,1,Stonehedge LLC,30000,,,,,,,,
97,I,2023,,B,F,03/29/2023,Mitole,Awesome Squeeze,31,,,"Abbie Road Farm (Lisa McGreevy), Agent XIV",,Abbie Road Farm (Lisa McGreevy),FL,1,RNA,-27000,,,,,,,,
98,O,2023,,B,C,02/15/2023,Brody's Cause,Bagatelle Park,34,,,"Kaizen Sales (Richard Kent), Agent V",,Kaizen Sales (Richard Kent),KY,7,OUT,,,12/04/2023,,,,,,
99,I,2008,Inpending Danger,DB/BR,M,04/23/2008,Go for Gin,Bankbuster,35,,Maximus Mischief,"Colin Brennan Bloodstock, Agent VII",,Colin Brennan Bloodstock,MD,6,RNA,-7500,,,,,,,,
100,I,2023,,GR/RO,C,03/31/2023,Frosted,Barometer,36,,,"Perrone Sales, Ltd., Agent for McDowell Farm",,Perrone Sales,AR,8,Charles D. Nielsen,14000,,,,,,,,
101,O,2017,Brightsideoflife,B,M,02/14/2017,Colonel John,Beautiful Song,39,,Maximus Mischief,Marablue Farm LLC,,Marablue Farm LLC,KY,10,OUT,,,01/16/2024,,,,,,
102,I,2023,,DB/BR,C,03/25/2023,Rock Your World,Bella Alicita,42,,,"Silver Oaks Farm (Danielle Loya), Agent II",,Silver Oaks Farm (Danielle Loya),KY,10,A B Thoroughbreds,15000,,,,,,,,
103,I,2011,House Money,B,M,04/22/2011,Wildcat Heir,Betty's Courage,45,,Roadster,"Beth Bayer, Agent XIV",,Beth Bayer,FL,5,"Lambholm, Agent",8000,,,,,,,,
104,I,2023,All Chuckles,B,F,02/20/2023,Uncle Chuck,Big Red Seven,49,,,"Sue Vacek, Agent I",,Sue Vacek,NY,7,Arindel,12000,,,,,,,,
105,I,2023,,B,C,01/14/2023,Maximus Mischief,Bratouttahell,61,,,"Kaizen Sales (Richard Kent), Agent II",,Kaizen Sales (Richard Kent),KY,7,H & E Ranch,70000,,,,,,,,
106,O,2023,Z Withdrawn Page,U,U,01/01/2023,Z Withdrawn Page,Z Withdrawn Page,476,,,Blank Pages,,Ocala Breeders' Sales Co.,,0,OUT,,,01/18/2024,,,,,,
107,O,2023,,DB/BR,F,04/29/2023,Girvin,Candy Silence,64,,,"Beth Bayer, Agent XVI",,Beth Bayer,FL,5,OUT,,,01/11/2024,,,,,,
108,I,2023,,CH,C,04/05/2023,Connect,Carolina Cotton,65,,,"Beth Bayer, Agent XIV",,Beth Bayer,FL,5,"Ad Hoc Stable, Inc.",13000,,,,,,,,
109,O,2023,,B,F,02/21/2023,Modernist,Causin' Trouble,69,,,"Ordonez Thoroughbreds, Agent",,Ordonez Thoroughbreds,NY,12,OUT,,,01/19/2024,,,,,,
110,I,2023,,B,F,05/14/2023,Charlatan,Charge of Angels,71,,,"Summerfield (Francis & Barbara Vanlangendonck), Agent LXXIX",,Summerfield (Francis & Barbara Vanlangendonck),KY,9,Latinos y mas,85000,,,,,,,,
111,I,2023,,B,F,03/01/2023,Uncle Chuck,Clever Dancer,75,,,"Beth Bayer, Agent IV",,Beth Bayer,FL,5,Joel Sainer,16000,,,,,,,,
112,I,2023,,B,C,04/05/2023,Goldencents,Confident,81,,,"Abbie Road Farm (Lisa McGreevy), Agent XV",,Abbie Road Farm (Lisa McGreevy),FL,1,Luis Campos,6000,,,,,,,,
113,I,2018,Hope Lady,DB/BR,M,05/09/2018,Tapiture,Cope Lady,83,,Maxfield,"Kaizen Sales (Richard Kent), Agent VI",,Kaizen Sales (Richard Kent),FL,7,RNA,-27000,,,,,,,,
114,I,2023,,DB/BR,F,03/20/2023,Independence Hall,Corluna,84,,,"4 M Ranch, Agent IV",,4 M Ranch,LA,4,Mustang Farms,20000,,,,,,,,
115,O,2015,Supercommittee,DB/BR,M,03/28/2015,The Factor,Cry Hallelujah,93,,Golden Pal,"Journeyman Bloodstock Services, Inc.","(Brent & Crystal Fernung), Agent","Journeyman Bloodstock Services, Inc. (Brent & Crystal Fernung)",FL,2,OUT,,,01/23/2024,,,,,,
116,I,2013,Into Style,B,M,04/28/2013,Into Mischief,Defining Style,104,,Uncle Chuck,"Beth Bayer, Agent XIV",,Beth Bayer,KY,5,Charles W. Ritter,5000,,,,,,,,
117,I,2023,,B,C,03/28/2023,Leinster,Dienda,106,,,"Bobby Jones Equine LLC, Agent V",,Bobby Jones Equine LLC,FL,10,Arindel,25000,,,,,,,,
118,I,2023,,GR/RO,F,03/24/2023,Curlin's Honor,Distinctly Blue,107,,,"On Point Training & Sales, Agent",,On Point Training & Sales,FL,1,RNA,-14000,,,,,,,,
119,I,2016,Don't Fight It,DB/BR,M,04/04/2016,Violence,Don't Stop to Shop,112,,Greatest Honour,"Kaizen Sales (Richard Kent), Agent I",,Kaizen Sales (Richard Kent),KY,7,Gerardo Bello,14500,Y,,,,,,,
120,I,2023,Once Once,DB/BR,C,02/05/2023,Protonico,Dulce Puella,117,,,"Noble Oaks Farm LLC, Agent III",,Noble Oaks Farm LLC,LA,9,RNA,-5000,,,,,,,,
121,I,2014,Carolina Cotton,CH,M,02/08/2014,Majesticperfection,Eastern Ruckus,120,,Uncle Chuck,"Beth Bayer, Agent XIV",,Beth Bayer,KY,5,New Horizons Bloodstock LLC,6500,,,,,,,,
122,I,2011,Essence of Audre,GR/RO,M,04/30/2011,Exchange Rate,El Prado Essence,124,,Mitole,"Colin Brennan Bloodstock, Agent II",,Colin Brennan Bloodstock,ON,6,Rancho Monarca LLC,10000,,,,,,,,
123,I,2014,Littlefirefighter,GR/RO,M,05/07/2014,Into Mischief,Firey Glow,136,,,"Silver Oaks Farm (Danielle Loya), Agent V",,Silver Oaks Farm (Danielle Loya),FL,10,Robert Cotran,7500,,,,,,,,
124,I,2020,Dale Arden,DB/BR,F,02/14/2020,Maclean's Music,Forget Me Not,141,,,"Summerfield (Francis & Barbara Vanlangendonck), Agent LIV",,Summerfield (Francis & Barbara Vanlangendonck),KY,8,Enrique Hoare,3000,,,,,,,,
125,I,2023,,DB/BR,F,03/26/2023,Silver State,Home Again,173,,,"Silver Oaks Farm (Danielle Loya), Agent IV",,Silver Oaks Farm (Danielle Loya),KY,10,Bill & Corinne Heiligbrodt,72000,,,,,,,,
126,O,2023,,CH,F,02/16/2023,Known Agenda,Lily Margaret,216,,,"Silver Oaks Farm (Danielle Loya), Agent IV",,Silver Oaks Farm (Danielle Loya),KY,10,OUT,,,01/23/2024,,,,,,
127,I,2023,Wayne's Law,CH,C,03/21/2023,Tiz the Law,Mollie Merisa,254,,,"Crowning Point Farm, Agent",,Crowning Point Farm,FL,2,RNA,-22000,,,,,,,,
128,O,2023,,DB/BR,C,02/07/2023,Tapiture,More for Jill,262,,,"Crowning Point Farm, Agent",,Crowning Point Farm,FL,2,OUT,,,01/23/2024,,,,,,
129,I,2017,Sa Font Salada,B,M,04/09/2017,Malibu Moon,Princess of China,311,,Flameaway,"Crowning Point Farm, Agent",,Crowning Point Farm,KY,2,Lucy Graf Le May,19000,,,,,,,,
130,I,2023,,DB/BR,F,01/29/2023,Rock Your World,Requesting,343,,,"Love's Equine LLC, Agent",,Love's Equine LLC,MD,6,RNA,-9000,,,,,,,,
131,I,2023,,B,F,05/10/2023,Yaupon,Shine Softly,375,,,"Kaizen Sales (Richard Kent), Agent XII",,Kaizen Sales (Richard Kent),KY,7,First Finds,20000,,,,,,,,
132,I,2023,Cadenced,DB/BR,C,04/06/2023,Complexity,Storm Cry,403,,,"Beth Bayer, Agent XXIX",,Beth Bayer,FL,5,C-G Stables,16000,,,,,,,,
133,I,2023,,DB/BR,F,03/25/2023,Rushie,Tuberose,441,,,"Afleet Equine Services, Agent IV",,Afleet Equine Services,KY,6,Lua Racing Stables LLC,2500,Y,,,,,,,
134,I,2023,,DB/BR,C,02/24/2023,Independence Hall,Violane,456,,,"Crowning Point Farm, Agent",,Crowning Point Farm,KY,2,"Lambholm, Agent",23000,,,,,,,,
135,I,2023,,DB/BR,F,04/11/2023,Tacitus,What What What,459,,,"Crowning Point Farm, Agent",,Crowning Point Farm,FL,2,C-G Stables,20000,,,,,,,,
136,I,2023,,DB/BR,F,01/27/2023,Tom's d'Etat,Danyelli,96,,,Cuatro Caminos,,Cuatro Caminos,KY,7,Arturo Villagran,9500,,,,,,,,
137,I,2017,Tiznoise,B,M,05/08/2017,Tiznow,Elusive Noise,125,,Gone Astray,"Beth Bayer, Agent XXVII",,Beth Bayer,KY,5,St. Patricks Racing Stable LLC,4500,,,,,,,,
201,O,2021,Ithinkiloveyou,B,F,02/11/2021,Sky Mesa,Finest Quality,135,,,"Craig L. Wheeler, Agent",,Craig L. Wheeler,FL,13,OUT,,,01/10/2024,,,,,,
202,O,2021,,DB/BR,F,04/16/2021,Palace Malice,Fleeting Sensation,140,,,"Omar Ramirez Bloodstock, Agent III",,Omar Ramirez Bloodstock,KY,13,OUT,,,01/16/2024,,,,,,
203,I,2021,Lilli's Spirit,CH,F,04/13/2021,Freud,Four Bears,142,,,Oscar Brown Stables,,Oscar Brown Stables,NY,15,RNA,-47000,,,34.4," 3/8",01/22/2024,,1,
204,I,2019,Nacho Spirit,DB/BR,G,04/07/2019,Gone Astray,Freed Spirit,144,,,"F. Alanis Stables, Agent",,F. Alanis Stables,FL,13,Susan Anglin,1500,,,G,,01/22/2024,,1,
205,O,2018,It Can Be Done,DB/BR,G,05/04/2018,Temple City,Gotham City Girl,154,,,"Summerfield (Francis & Barbara Vanlangendonck), Agent XII",,Summerfield (Francis & Barbara Vanlangendonck),KY,13,OUT,,,01/16/2024,,,,,,https://obscatalog.com/jan/2024/205pp.pdf?v=1734472150
206,O,2021,,DB/BR,C,04/02/2021,Redesdale,I'm a Bird,178,,,"New Hope AB LLC, Agent I",,New Hope AB LLC,NY,14,OUT,,,01/22/2024,,,,,,
207,O,2021,Revolu,CH,F,04/25/2021,Union Jackson,Janetstickettocats,189,,,"Fast Horses, Agent I",,Fast Horses,FL,15,OUT,,,01/20/2024,,,,,,https://obscatalog.com/jan/2024/207pp.pdf?v=1734472150
208,I,2021,,CH,F,03/11/2021,Khozan,Jannattan,190,,,"Journeyman Bloodstock Services, Inc.","(Brent & Crystal Fernung), Agent III","Journeyman Bloodstock Services, Inc. (Brent & Crystal Fernung)",FL,14,Edwin Mundo Rios,15000,,,33.4," 3/8",01/22/2024,,1,
209,I,2021,Consolidation,DB/BR,C,03/23/2021,Mitole,Kisses From Kate,201,,,"Summerfield (Francis & Barbara Vanlangendonck), Agent LXVI",,Summerfield (Francis & Barbara Vanlangendonck),IN,13,Enrique Hoare,7500,,,,,,,,
210,O,2021,,DB/BR,F,01/20/2021,Classic Empire,Life Starts,215,,,"Wes Carter, Agent for Crossed Sabres Farm",,Wes Carter,KY,13,OUT,,,01/23/2024,,,,,,
211,I,2020,,GR/RO,G,05/21/2020,Into Mischief,Lovely Lookin,222,,,Oscar Brown Stables,,Oscar Brown Stables,NY,15,RNA,-47000,,,33.0," 3/8",01/22/2024,,1,
212,O,2022,,B,F,03/19/2022,Fog of War,Loving Lorri,223,,,"Ordonez Thoroughbreds, Agent IV",,Ordonez Thoroughbreds,NY,15,OUT,,,12/26/2023,,,,,,
213,O,2021,Mattie,CH,F,04/21/2021,Force the Pass,Matty's Sensation,235,,,"Wes Carter, Agent for Lemon Creek Farm",,Wes Carter,MD,13,OUT,,,01/04/2024,,,,,,
214,I,2021,,CH,F,04/13/2021,Force the Pass,Miss Golden Freud,247,,,"Wes Carter, Agent for Lemon Creek Farm",,Wes Carter,MD,13,Daniel Eubanks,28000,Y,,33.3," 3/8",01/22/2024,,1,
215,I,2021,Getting in Tune,DB/BR,F,02/26/2021,Astern (AUS),Miss Suwanee,250,,,"AVP Training and Sales, Agent II",,AVP Training and Sales,NY,14,Champion Racing Stable,5500,,,34.3," 3/8",01/22/2024,,1,
216,O,2021,,B,F,03/02/2021,St Patrick's Day,Mochaccino,253,,,Hector Barajas,,"Hector Barajas ",FL,14,OUT,,,12/04/2023,,,,,,
217,I,2021,Benvolio,B,C,03/11/2021,Tapit,Molly Morgan,255,,,"Summerfield (Francis & Barbara Vanlangendonck), Agent for",Stonestreet Stables LLC,Summerfield (Francis & Barbara Vanlangendonck),KY,13,A B Thoroughbreds,60000,,,33.1," 3/8",01/22/2024,,1,https://obscatalog.com/jan/2024/217pp.pdf?v=1734472150
218,I,2021,,DB/BR,F,02/14/2021,Mission Impazible,Monster of Nature (IRE),258,,,Oscar Brown Stables,,Oscar Brown Stables,NY,15,DR Against The Wind,5000,Y,,35.4," 3/8",01/22/2024,,1,
219,I,2021,,CH,G,02/12/2021,Jimmy Creed,My Gray Lady,268,,,"Wes Carter, Agent for Crossed Sabres Farm",,Wes Carter,NY,13,RNA,-22000,,,33.2," 3/8",01/22/2024,,1,
220,O,2021,She's So Sexy,DB/BR,F,01/24/2021,Liam's Map,Oh Maybe Baby,282,,,"Summerfield (Francis & Barbara Vanlangendonck), Agent XII",,Summerfield (Francis & Barbara Vanlangendonck),KY,13,OUT,,,01/16/2024,,,,,,https://obscatalog.com/jan/2024/220pp.pdf?v=1734472150
221,O,2021,Insurance Policy,CH,C,01/29/2021,Vino Rosso,On My Way,283,,,"Summerfield (Francis & Barbara Vanlangendonck), Agent LXVI",,Summerfield (Francis & Barbara Vanlangendonck),KY,13,OUT,,,01/16/2024,,,,,,
222,O,2021,,GR/RO,C,02/08/2021,Liam's Map,Ouchy Night,285,,,"Bobby Dodd, Agent I",,Bobby Dodd,NY,14,OUT,,,12/27/2023,,,,,,
223,I,2022,,DB/BR,C,04/03/2022,Producer (GB),Plein Air,302,,,Las Palmas Farm,,Las Palmas Farm,KY,14,Randi Persaud,4500,,,G,,01/22/2024,,1,
224,O,2021,Regulatory Reform,CH,C,01/12/2021,Curlin,Plus One,303,,,"Summerfield (Francis & Barbara Vanlangendonck), Agent LXVI",,Summerfield (Francis & Barbara Vanlangendonck),KY,13,OUT,,,01/15/2024,,,,,,
225,O,2021,Zanduhoc,B,C,04/17/2021,Khozan,Pointe Du Hoc,305,,,"Summerfield (Francis & Barbara Vanlangendonck), Agent CXXXIX",,Summerfield (Francis & Barbara Vanlangendonck),FL,13,OUT,,,01/22/2024,,,,,,
226,O,2022,,GR/RO,F,02/09/2022,Adios Charlie,Princes Dynamite,310,,,Doble Jak LLC,,Doble Jak LLC,FL,13,OUT,,,01/18/2024,,,,,,
227,I,2021,,DB/BR,F,02/08/2021,Enticed,Pyrite Storm,319,,,"Gutierrez Sales, Agent I",,Gutierrez Sales,OH,14,"Emerald Sales, Agent for K E M Stables",70000,,,33.0," 3/8",01/22/2024,,1,
228,O,2021,,B,C,05/26/2021,Free Drop Billy,Quiet Success,325,,,"Oscar Brown Stables, Agent",,Oscar Brown Stables,KY,15,OUT,,,01/05/2024,,,,,,
229,O,2022,,B,F,05/20/2022,Fog of War,Quite Dramatic,326,,,"Ordonez Thoroughbreds, Agent IV",,Ordonez Thoroughbreds,NY,15,OUT,,,12/26/2023,,,,,,
230,O,2021,,B,C,03/30/2021,Central Banker,Quite the Sis,327,,,"Omar Ramirez Bloodstock, Agent II",,Omar Ramirez Bloodstock,NY,13,OUT,,,01/16/2024,,,,,,
231,O,2022,,B,F,04/16/2022,Fog of War,Raging Diva,329,,,"Ordonez Thoroughbreds, Agent IV",,Ordonez Thoroughbreds,NY,15,OUT,,,12/26/2023,,,,,,
232,I,2019,Make It Big,DB/BR,H,04/24/2019,Neolithic,Ruby On My Mind,351,,,"Summerfield (Francis & Barbara Vanlangendonck), Agent XII",,Summerfield (Francis & Barbara Vanlangendonck),FL,13,Michael Lerman,11000,,,34.3," 3/8",01/22/2024,,1,https://obscatalog.com/jan/2024/232pp.pdf?v=1734472150
233,I,2020,Awesome Bourbon,B,C,04/21/2020,Not Bourbon,Sea The Awesome (IRE),364,,,"Santa Fe Thoroughbreds, Agent",,Santa Fe Thoroughbreds,KY,14,Big Toe Stables LLC,27000,,,G,,01/22/2024,,1,https://obscatalog.com/jan/2024/233pp.pdf?v=1734472150
234,O,2021,,CH,C,04/18/2021,Connect,She Be Keene,369,,,"Omar Ramirez Bloodstock, Agent II",,Omar Ramirez Bloodstock,KY,13,OUT,,,01/16/2024,,,,,,
235,O,2021,Gray Medallion,GR/RO,C,03/18/2021,Graydar,Silk Or Satin,378,,,Hector Barajas,,"Hector Barajas ",CA,14,OUT,,,01/23/2024,,,,,,
236,O,2021,Dream Diamond,B,F,03/09/2021,Always Dreaming,Skip a Step,381,,,"New Horizons Bloodstock LLC, Agent I",,New Horizons Bloodstock LLC,FL,13,OUT,,,01/04/2024,,,,,,https://obscatalog.com/jan/2024/236pp.pdf?v=1734472150
237,I,2021,Special Cookie,B,F,01/18/2021,Adios Charlie,Smooth Cookie,386,,,"Wes Carter, Agent I",,Wes Carter,FL,13,Christian Cruz,9000,,,34.2," 3/8",01/22/2024,,1,
238,I,2021,,B,G,02/08/2021,Khozan,Solved,390,,,"Journeyman Bloodstock Services, Inc.","(Brent & Crystal Fernung), Agent III","Journeyman Bloodstock Services, Inc. (Brent & Crystal Fernung)",FL,14,Shelley Brown,7000,,,33.4," 3/8",01/22/2024,,1,
239,O,2022,,DB/BR,C,04/15/2022,Mor Spirit,Something Brewing,391,,,Oscar Brown Stables,,Oscar Brown Stables,FL,15,OUT,,,01/22/2024,,,,,,
240,O,2022,,GR/RO,C,04/10/2022,King for a Day,Spiritual Energy,398,,,"Beth Bayer, Agent II",,Beth Bayer,NY,13,OUT,,,01/09/2024,,,,,,
241,I,2021,,DB/BR,G,04/01/2021,Lost Treasure (IRE),Star Dynasty,399,,,"La Historia de Un Ranchero, Agent",,La Historia de Un Ranchero,IN,14,Marj Paterson,8500,Y,,G,,01/22/2024,,1,
242,I,2021,Faithful Gift,DB/BR,F,03/22/2021,Graydar,Sunshine Gracie,407,,,"New Horizons Bloodstock LLC, Agent II",,New Horizons Bloodstock LLC,CA,13,"Mike Newell, Agent for Sharon Ceccato",5000,,,34.4," 3/8",01/22/2024,,1,
243,I,2021,Velvet Vickie,CH,F,04/11/2021,Tunwoo,Sweet Talkin Lady,418,,,"Wes Carter, Agent I",,Wes Carter,FL,13,Luis D. Pagan,11000,,,33.1," 3/8",01/22/2024,,1,
244,O,2021,Seat At the Table,B,F,04/18/2021,The Factor,Table for Six,420,,,"Summerfield (Francis & Barbara Vanlangendonck), Agent CIX",,Summerfield (Francis & Barbara Vanlangendonck),FL,13,OUT,,,01/11/2024,,,,,,https://obscatalog.com/jan/2024/244pp.pdf?v=1734472150
245,O,2021,,B,C,03/30/2021,Jess's Dream,Turide,442,,,"New Hope AB LLC, Agent II",,New Hope AB LLC,PA,14,OUT,,,01/22/2024,,,,,,
246,I,2021,,B,C,04/26/2021,Stanford,Vegas Rules,451,,,Triple J Equine Sales,,Triple J Equine Sales,CA,14,Teresa Brine,5500,,,34.2," 3/8",01/22/2024,,1,
247,I,2021,,B,C,04/29/2021,Catalina Cruiser,Whichwaydidshego,460,,,Oscar Brown Stables,,Oscar Brown Stables,NY,15,DR Against The Wind,4000,Y,,34.0," 3/8",01/22/2024,,1,
248,O,2022,,CH,C,04/08/2022,Thousand Words,Yolie's Choice,471,,,"Ordonez Thoroughbreds, Agent IV",,Ordonez Thoroughbreds,NY,15,OUT,,,12/26/2023,,,,,,
249,O,2019,World Traveler,DB/BR,M,05/11/2019,Liam's Map,Zia Zia Zia,474,,,"Summerfield (Francis & Barbara Vanlangendonck), Agent XII",,Summerfield (Francis & Barbara Vanlangendonck),KY,13,OUT,,,01/16/2024,,,,,,https://obscatalog.com/jan/2024/249pp.pdf?v=1734472150
250,I,2022,Allbetsareoff,CH,C,06/03/2022,Social Inclusion,Abets Abet,2,,,LF Horse Training and Sales,,LF Horse Training and Sales,FL,13,DR Against The Wind,8000,Y,,G,,01/22/2024,,1,
251,I,2021,,B,F,05/10/2021,Redesdale,All Bronze,10,,,"Sweet River Thoroughbreds, Agent I",,Sweet River Thoroughbreds,NY,14,"Bruce Brown, Agent",19000,,,33.0," 3/8",01/22/2024,,1,
252,I,2021,He's a Rebel,DB/BR,C,05/17/2021,Dosificado (CHI),Alwaysindiamonds,13,,,"New Horizons Bloodstock LLC, Agent II",,New Horizons Bloodstock LLC,CA,13,Shelley Brown,3500,,,G,,01/22/2024,,1,
253,O,2020,Jersey Gregg,DB/BR,G,03/11/2020,Uncaptured,Amelia Island,14,,,"Summerfield (Francis & Barbara Vanlangendonck), Agent XII",,Summerfield (Francis & Barbara Vanlangendonck),NJ,13,OUT,,,01/16/2024,,,,,,https://obscatalog.com/jan/2024/253pp.pdf?v=1734472150
254,I,2022,,DB/BR,C,04/03/2022,Mo Town,Angelic Spirit,19,,,"Beth Bayer, Agent II",,Beth Bayer,KY,13,Garland Stable,4500,,,,,,,,
255,I,2022,,B,F,03/26/2022,Yoshida (JPN),Another Like You,21,,,LF Horse Training and Sales,,LF Horse Training and Sales,FL,13,RNA,-14000,,,G,,01/22/2024,,1,
256,I,2021,Shot of Espresso,DB/BR,C,02/27/2021,Tourist,A Plus,23,,,Murillo Made Thoroughbreds,,Murillo Made Thoroughbreds,KY,14,Edwin Mundo Rios,8000,Y,,G,,01/22/2024,,1,
257,I,2021,,B,F,03/20/2021,Maximus Mischief,Beijos Do Brasil,40,,,Tomorrow Farms,,Tomorrow Farms,KY,14,Robert Lipka,18000,,,33.4," 3/8",01/22/2024,,1,
258,I,2021,,GR/RO,F,03/04/2021,Race Day,Bold Annie,57,,,"Tradewinds Farm, Agent",,Tradewinds Farm,KY,14,"Robert M. Hardie, Julie Belhumeur, Agent",11000,,,34.2," 3/8",01/22/2024,,1,
259,I,2021,,DB/BR,C,04/08/2021,Dialed In,Bosworthy,59,,,Golden Thoroughbreds Training and Sales,,Golden Thoroughbreds Training and Sales,FL,13,RNA,-37000,,,32.2," 3/8",01/22/2024,,1,
260,O,2021,,GR/RO,C,03/04/2021,Connect,Cocktail Party,77,,,"Omar Ramirez Bloodstock, Agent I",,Omar Ramirez Bloodstock,KY,13,OUT,,,01/16/2024,,,,,,
261,I,2021,,B,G,04/20/2021,Jess's Dream,Crazyncrooked,90,,,Tomorrow Farms,,Tomorrow Farms,FL,14,Daniel Eubanks,16000,,,33.3," 3/8",01/22/2024,,1,
262,I,2021,Saint George,CH,C,04/16/2021,St Patrick's Day,Crowninshield,91,,,"Journeyman Bloodstock Services, Inc.","(Brent & Crystal Fernung), Agent","Journeyman Bloodstock Services, Inc. (Brent & Crystal Fernung)",FL,14,Barry Arnason,55000,,,32.1," 3/8",01/22/2024,,1,
263,I,2021,,CH,G,03/10/2021,Bucchero,Devilsfrostreport,105,,,Golden Thoroughbreds Training and Sales Agent I,,Golden Thoroughbreds Training and Sales,FL,13,"Joseph Brocklebank, Agent for Glenn Lostritto",50000,,,32.2," 3/8",01/22/2024,,1,
264,O,2021,Morning Reflection,B,F,04/22/2021,Always Dreaming,Duchess Annie,116,,,Gary Patrick,,Gary Patrick,IN,14,OUT,,,01/23/2024,,,,,,https://obscatalog.com/jan/2024/264pp.pdf?v=1734472150
265,O,2019,Amazingness,B,M,04/10/2019,Notional,Eden Star,122,,,Gary Patrick,,Gary Patrick,IN,14,OUT,,,01/13/2024,,,,,,https://obscatalog.com/jan/2024/265pp.pdf?v=1734472150
266,O,2021,,DB/BR,C,03/15/2021,Constitution,My Bellamy,267,,,"Summerfield (Francis & Barbara Vanlangendonck), Agent XXVIII",,Summerfield (Francis & Barbara Vanlangendonck),KY,13,OUT,,,01/23/2024,,,,,,
267,O,2019,Insatiable,GR/RO,M,02/27/2019,Constitution,Oblivious,281,,,"Summerfield (Francis & Barbara Vanlangendonck), Agent XII",,Summerfield (Francis & Barbara Vanlangendonck),KY,13,OUT,,,01/16/2024,,,,,,https://obscatalog.com/jan/2024/267pp.pdf?v=1734472150
268,I,2021,Lady Lynx,B,F,05/11/2021,Rogueish,Pantheress,288,,,Thorostock LLC,,Thorostock LLC,FL,14,John Grossi,20000,Y,,33.3," 3/8",01/22/2024,,1,
269,O,2021,Paparazzo,B,C,04/29/2021,American Pharoah,Photographer,296,,,"Summerfield (Francis & Barbara Vanlangendonck), Agent XXVII",,Summerfield (Francis & Barbara Vanlangendonck),KY,13,OUT,,,01/23/2024,,,,,,
270,O,2021,Faith's Spirit,B,C,05/16/2021,Violence,Qualia,320,,,"Thorostock LLC, Agent",,Thorostock LLC,KY,14,OUT,,,01/21/2024,,,,,,
271,O,2020,Night of Magic,CH,G,03/26/2020,Good Magic,Stolen Star,402,,,"Oscar Brown Stables, Agent I",,Oscar Brown Stables,NY,15,OUT,,,01/17/2024,,,,,,https://obscatalog.com/jan/2024/271pp.pdf?v=1734472150
272,I,2020,Courageous Copper,CH,G,02/17/2020,Chitu,Swift Lady,419,,,"Woodard Sales, Agent I",,Woodard Sales,FL,13,RNA,-8000,,,,,,,,https://obscatalog.com/jan/2024/272pp.pdf?v=1734472150
273,I,2020,Shelly,DB/BR,F,04/22/2020,Twirling Candy,Testa Rossi (FR),426,,,"Summerfield (Francis & Barbara Vanlangendonck), Agent LXXXIV",,Summerfield (Francis & Barbara Vanlangendonck),NY,13,Windylea Farm LLC,32000,,,G,,01/22/2024,,1,https://obscatalog.com/jan/2024/273pp.pdf?v=1734472150
274,I,2021,Tiz a Form of Art,B,F,03/02/2021,Munnings,Tiz Bailee,431,,,Dale Wessels,,Dale Wessels,NY,13,RNA,-20000,,,G,,01/22/2024,,1,
275,O,2020,Will to Survive,B,G,03/18/2020,Quality Road,Unbridled Mo,447,,,"Summerfield (Francis & Barbara Vanlangendonck), Agent XII",,Summerfield (Francis & Barbara Vanlangendonck),KY,13,OUT,,,01/16/2024,,,,,,https://obscatalog.com/jan/2024/275pp.pdf?v=1734472150
276,I,2021,No Layups,GR/RO,F,05/01/2021,Preservationist,Corner Three,85,,,"Summerfield (Francis & Barbara Vanlangendonck), Agent LXXXIV",,Summerfield (Francis & Barbara Vanlangendonck),NY,13,Radcliffe Racing,15000,Y,,G,,01/22/2024,,1,https://obscatalog.com/jan/2024/276pp.pdf?v=1734472150
401,O,2023,,DB/BR,F,03/16/2023,Aurelius Maximus,Fab Fox,129,,,"Abbie Road Farm (Lisa McGreevy), Agent XX",,Abbie Road Farm (Lisa McGreevy),LA,1,OUT,,,01/10/2024,,,,,,
402,I,2023,Rogue Truffle,B,C,02/06/2023,Rogueish,Field Truffle,133,,,Cimarron Farm,,Cimarron Farm,FL,3,Jose A. Arce,6000,,,,,,,,
403,I,2023,,B,F,04/11/2023,Preservationist,Fine Instincts,134,,,"Medallion Farms, Agent I",,Medallion Farms,KY,5,"Delluca & Sons Stable, Inc.",5000,Y,,,,,,,
404,I,2023,,B,F,02/04/2023,Midshipman,First Daylight,137,,,"Perrone Sales, Ltd., Agent for McDowell Farm",,Perrone Sales,AR,8,Thomas L. Holyfield,6500,,,,,,,,
405,O,2023,,B,C,05/23/2023,Accelerate,Flash'n Lass,138,,,"Bobby Jones Equine LLC, Agent VI",,Bobby Jones Equine LLC,KY,10,OUT,,,01/21/2024,,,,,,
406,I,2023,,CH,F,04/01/2023,Khozan,Flatbow,139,,,"Beth Bayer, Agent XIV",,Beth Bayer,FL,5,Amalio Ruiz-Lozano,15000,,,,,,,,
407,O,2013,Banner Waving,DB/BR,M,03/28/2013,Speightstown,Freedom Flag,143,,Battalion Runner,"Abbie Road Farm (Lisa McGreevy), Agent II",,Abbie Road Farm (Lisa McGreevy),KY,1,OUT,,,01/08/2024,,,,,,
408,I,2019,Seabrook Summer,B,M,03/23/2019,Greenpointcrusader,Fru Fru,145,,Khozan,"Summerfield (Francis & Barbara Vanlangendonck), Agent II",,Summerfield (Francis & Barbara Vanlangendonck),FL,9,Tommy Wente,4000,,,,,,,,
409,I,2023,,B,F,02/11/2023,Omaha Beach,Gardenista,146,,,Fly By,,Fly By,FL,2,Discovery Bay Bloodstock,100000,,,,,,,,
410,I,2023,,B,C,04/03/2023,Leinster,Glenwood Pines,148,,,"Bobby Jones Equine LLC, Agent XV",,Bobby Jones Equine LLC,FL,10,Gayle Woods,10000,,,,,,,,
411,I,2023,,B,F,04/09/2023,Uncle Chuck,Global Beauty Coco,149,,,CoCo's Ranch LLC,,CoCo's Ranch LLC,FL,7,RNA,-9000,,,,,,,,
412,I,2023,,B,C,03/18/2023,Classic Empire,Glorify,150,,,"Summerfield (Francis & Barbara Vanlangendonck), Agent LX",,Summerfield (Francis & Barbara Vanlangendonck),FL,9,"Love's Equine, Agent for Classic Automations LLC",30000,,,,,,,,
413,I,2023,,DB/BR,F,03/26/2023,Fog of War,Goias (IRE),151,,,"Mount Royal Sales LLC, Agent III",,Mount Royal Sales LLC,NY,12,Panda Stable LLC,4500,,,,,,,,
414,O,2023,,B,C,03/30/2023,Beau Liam,Good News,153,,,Fly By,,Fly By,FL,2,OUT,,,01/21/2024,,,,,,
415,O,2023,,B,C,03/16/2023,Leinster,Groove Maker,157,,,"Beth Bayer, Agent XVII",,Beth Bayer,FL,5,OUT,,,12/28/2023,,,,,,
416,I,2023,,B,F,02/03/2023,Tiz the Law,Grossular,158,,,"Beth Bayer, Agent I",,Beth Bayer,KY,5,Luis A. Quevedo,6000,,,,,,,,
417,I,2014,Gypsy Jo,DB/BR,M,03/03/2014,Lemon Drop Kid,Gypsy Lou,159,,Bucchero,"Abbie Road Farm (Lisa McGreevy), Agent VIII",,Abbie Road Farm (Lisa McGreevy),NY,1,Robert Cotran,15000,,,,,,,,
418,I,2013,Jannattan,B,M,03/13/2013,Street Cry (IRE),Habaya,160,,Uncle Chuck,"Journeyman Bloodstock Services, Inc.","(Brent & Crystal Fernung), Agent III","Journeyman Bloodstock Services, Inc. (Brent & Crystal Fernung)",KY,2,Randi Persaud,1000,,,,,,,,
419,I,2020,Bali Ballerina,GR/RO,F,05/17/2020,Bal a Bali (BRZ),Half Irish,161,,,"Summerfield (Francis & Barbara Vanlangendonck), Agent XXIX",,Summerfield (Francis & Barbara Vanlangendonck),KY,9,Norman Franklin,1000,,,,,,,,
420,I,2023,,CH,F,02/13/2023,Neolithic,Heir Time,165,,,"Bobby Jones Equine LLC, Agent XI",,Bobby Jones Equine LLC,FL,10,Shaq Diesel,7000,,,,,,,,
421,I,2023,,CH,C,04/17/2023,Khozan,Heritage House,166,,,"Journeyman Bloodstock Services, Inc.","(Brent & Crystal Fernung), Agent I","Journeyman Bloodstock Services, Inc. (Brent & Crystal Fernung)",FL,2,Peter & Elaine McMaster,10000,,,,,,,,
422,I,2015,Miss Unique,B,M,03/17/2015,Midnight Lute,High Mist,169,,Vekoma,"Silver Oaks Farm (Danielle Loya), Agent II",,Silver Oaks Farm (Danielle Loya),ON,10,Alan Amato,16000,Y,,,,,,,
423,I,2023,,CH,C,05/07/2023,Golden Lad,Holiday Diva,171,,,"Bobby Jones Equine LLC, Agent IV",,Bobby Jones Equine LLC,FL,10,Randi Persaud,4500,,,,,,,,
424,I,2023,,GR/RO,C,03/21/2023,Battalion Runner,Hurricane Breeze,174,,,"Bobby Jones Equine LLC, Agent XII",,Bobby Jones Equine LLC,FL,10,Charles D. Nielsen,16500,,,,,,,,
425,I,2010,Moisture Lock,CH,M,02/22/2010,City Zip,Hydration,175,,Khozan,"Summerfield (Francis & Barbara Vanlangendonck), Agent II",,Summerfield (Francis & Barbara Vanlangendonck),FL,9,Charles W. Ritter,4000,,,,,,,,
426,I,2023,Radio Charlie,DB/BR,F,01/15/2023,Echo Town,I Love Nola,177,,,"Colin Brennan Bloodstock, Agent VIII",,Colin Brennan Bloodstock,KY,6,RNA,-9000,,,,,,,,
427,O,2023,,B,C,03/31/2023,Mitole,Im a Dixie Diva,179,,,Fly By,,Fly By,FL,2,OUT,,,01/19/2024,,,,,,
428,I,2017,Field Truffle,B,M,05/07/2017,Field Commission,Imtheblues,183,,Rogueish,Cimarron Farm,,Cimarron Farm,FL,3,"Otis Barrett, Agent for Ham Stables, Ltd.",5000,,,,,,,,
429,I,2006,Romin Robin,DB/BR,M,04/25/2006,Pure Precision,Italian Slew,186,,Brethren,Arindel,,Arindel,FL,12,Charles W. Ritter,4000,,,,,,,,
430,I,2019,Cupid's Soul,CH,M,04/12/2019,Cupid,It's Bear Time,187,,Colonel Liam,"Summerfield (Francis & Barbara Vanlangendonck), Agent XXIX",,Summerfield (Francis & Barbara Vanlangendonck),ON,9,Morgan Miller,4500,Y,,,,,,,
431,I,2020,Valia,B,M,01/30/2020,Valiant Minister,Jade Dee,188,,Tunwoo,"Beth Bayer, Agent XI",,Beth Bayer,FL,5,Joseph Anthony Michael,4000,,,,,,,,
432,I,2023,,B,F,04/16/2023,Honest Mischief,J C S Star,191,,,"Dean's List, Agent",,Dean's List,NY,7,Randi Persaud,2000,,,,,,,,
433,I,2023,,B,C,05/08/2023,Leinster,Jophiel,194,,,"Beth Bayer, Agent III",,Beth Bayer,NY,5,Golden Rock Thoroughbreds,16000,,,,,,,,
434,I,2023,,B,F,01/31/2023,Rushie,Julia's Pride,195,,,"Colin Brennan Bloodstock, Agent I",,Colin Brennan Bloodstock,FL,6,Michelle Redding,4000,,,,,,,,
435,I,2023,,DB/BR,C,04/05/2023,El Deal,Jump the Gun,196,,,"4 M Ranch, Agent VIII",,4 M Ranch,LA,4,Randi Persaud,2500,,,,,,,,
436,I,2019,Miss Gretzky,DB/BR,M,02/09/2019,Nyquist,Karakorum Elektra,197,,Roadster,"Beth Bayer, Agent XXIV",,Beth Bayer,NY,5,St. Patricks Racing Stable LLC,2500,,,,,,,,
437,I,2014,Kuznetsov,DB/BR,M,03/01/2014,Great Notion,Keeper Kell,199,,Awesome Slew,"Abbie Road Farm (Lisa McGreevy), Agent III",,Abbie Road Farm (Lisa McGreevy),VA,1,Michael Teager and Kristina Hanke,1500,,,,,,,,
438,I,2023,,B,C,04/16/2023,Fog of War,Kiss the Lady,202,,,"Mount Royal Sales LLC, Agent III",,Mount Royal Sales LLC,NY,12,Luis A. Quevedo,4000,,,,,,,,
439,I,2011,Flatbow,CH,M,05/26/2011,Broken Vow,Kootenai,204,,Adios Charlie,"Beth Bayer, Agent XIV",,Beth Bayer,KY,5,Judy B. Clemow,1000,,,,,,,,
440,I,2023,,B,C,03/31/2023,Raging Bull (FR),Kuznetsov,205,,,"Abbie Road Farm (Lisa McGreevy), Agent III",,Abbie Road Farm (Lisa McGreevy),FL,1,Randi Persaud,1500,,,,,,,,
441,I,2023,,DB/BR,F,02/11/2023,Lookin At Lucky,Kylee Rose,206,,,"New Hope AB LLC, Agent II",,New Hope AB LLC,KY,3,Blue River Bloodstock,10000,,,,,,,,
442,I,2016,Levy Land,DB/BR,M,04/02/2016,Handsome Mike,Lady of Greatness,208,,Brethren,Arindel,,Arindel,FL,12,Trevor James,2500,,,,,,,,
443,I,2017,Biz Smarts,B,M,02/21/2017,Fed Biz,Lawless Miss,211,,Aloha West,"Summerfield (Francis & Barbara Vanlangendonck), Agent LXXIX",,Summerfield (Francis & Barbara Vanlangendonck),KY,9,David Harrington,15000,,,,,,,,
444,I,2023,,DB/BR,F,03/11/2023,Cloud Computing,Leap Year Luck,212,,,"Bobby Jones Equine LLC, Agent VIII",,Bobby Jones Equine LLC,FL,10,RNA,-9000,,,,,,,,
445,I,2023,,CH,F,04/10/2023,Audible,Lemoncita,213,,,New Horizons Bloodstock LLC,,New Horizons Bloodstock LLC,KY,11,Supernova Stables,70000,,,,,,,,
446,I,2023,,CH,F,02/24/2023,Brethren,Levy Land,214,,,Arindel,,Arindel,FL,12,Iran Faria Corporation LLC,1700,,,,,,,,
447,I,2023,,DB/BR,F,03/19/2023,Valid Point,Look Who's Talking,219,,,"Beth Bayer, Agent XXII",,Beth Bayer,FL,5,Ronaldo Rodas-Flores,9500,,,,,,,,
448,I,2023,,DB/BR,C,03/07/2023,Instagrand,Lot of Honey,220,,,"McMahon of Saratoga Thoroughbreds LLC, Agent",,McMahon of Saratoga Thoroughbreds LLC,NY,3,RNA,-19000,,,,,,,,
449,I,2023,,DB/BR,F,02/27/2023,Cutting Humor,Lovely Illusion,221,,,"4 M Ranch, Agent I",,4 M Ranch,AR,4,"Rodolphe Brisset, Agent for September Farm LLC",30000,,,,,,,,
450,I,2023,,B,C,04/06/2023,Win Win Win,Loxley,224,,,"Vargas Sales, Agent I",,Vargas Sales,FL,12,Arindel,34000,,,,,,,,
451,I,2023,,B,F,03/22/2023,Win Win Win,Luckystrikedelcoco,225,,,CoCo's Ranch LLC,,CoCo's Ranch LLC,FL,7,RNA,-4000,,,,,,,,
452,I,2021,,B,F,03/07/2021,Noble Bird,Magical Sky,228,,,"Abbie Road Farm (Lisa McGreevy), Agent XI",,Abbie Road Farm (Lisa McGreevy),FL,1,Enrique Hoare,2000,,,,,,,,
453,I,2019,American Fantasy,B,M,01/17/2019,American Pharoah,Majestic Fantasy,229,,Maximus Mischief,"Love's Equine LLC, Agent II",,Love's Equine LLC,FL,6,Barry Lamb,30000,,,,,,,,
454,I,2023,,DB/BR,F,02/12/2023,Imperial Hint,Major Ashworth,230,,,"Noble Oaks Farm LLC, Agent I",,Noble Oaks Farm LLC,LA,9,RNA,-8000,,,,,,,,
455,I,2023,,CH,C,03/24/2023,Gunnevera,Mandorla,231,,,"Bobby Jones Equine LLC, Agent X",,Bobby Jones Equine LLC,FL,10,Ebenezer Equine LLC,10000,,,,,,,,
456,I,2009,Great Chance,CH,M,02/11/2009,Any Given Saturday,Marsheslew,232,,Seeking the Soul,"Kaizen Sales (Richard Kent), Agent IV",,Kaizen Sales (Richard Kent),KY,7,Heidi Klem,2500,,,,,,,,
457,I,2023,,DB/BR,F,03/14/2023,Lookin At Lee,Mary Grace,233,,,"Beth Bayer, Agent XXI",,Beth Bayer,NY,5,ILI Enterprises,4500,Y,,,,,,,
458,I,2023,,B,C,02/01/2023,Chance It,Mayan Milagra,236,,,"Beth Bayer, Agent XIV",,Beth Bayer,FL,5,PWF,18000,,,,,,,,
459,I,2023,,B,C,01/23/2023,By My Standards,Memento,238,,,"AVP Training and Sales, Agent I",,AVP Training and Sales,KY,2,RNA,-19000,,,,,,,,
460,I,2016,Jophiel,DB/BR,M,03/03/2016,Drill,Mesa Legs,240,,Fire At Will,"Beth Bayer, Agent V",,Beth Bayer,FL,5,Enrique Hoare,3000,,,,,,,,
461,I,2010,Next Best Thing,B,M,04/29/2010,Stephen Got Even,Mexicali Rose,242,,Roadster,"Bobby Jones Equine LLC, Agent XIV",,Bobby Jones Equine LLC,MD,10,Rose Cassidy,10000,,,,,,,,
462,I,2014,Let'sleaveitatthat,B,M,03/04/2014,Bodemeister,Mining My Own,245,,Maximus Mischief,"Love's Equine LLC, Agent II",,Love's Equine LLC,KY,6,R G Lundock DVM,27000,,,,,,,,
463,O,2018,She a Hot Mess,CH,M,02/26/2018,Union Rags,Miss Atlantic City,246,,,"Beth Bayer, Agent XII",,Beth Bayer,KY,5,OUT,,,01/09/2024,,,,,,
464,I,2023,,GR/RO,C,02/27/2023,Mo Tom,Miss Mesa,248,,,"Perrone Sales, Ltd., Agent for McDowell Farm",,Perrone Sales,AR,8,Charles D. Nielsen,8000,,,,,,,,
465,I,2023,Olympus Battlestar,B,C,03/20/2023,Battalion Runner,Miss Nelson,249,,,"Beth Bayer, Agent IX",,Beth Bayer,FL,5,Harris O'Brien,2200,,,,,,,,
466,O,2023,,CH,F,05/10/2023,A Shin Forward,Mizshipman,251,,,"Colin Brennan Bloodstock, Agent III",,Colin Brennan Bloodstock,NY,6,OUT,,,01/19/2024,,,,,,
467,I,2023,,B,F,02/26/2023,Galilean,Mme Belle Brezing,252,,,"Mount Royal Sales LLC, Agent II",,Mount Royal Sales LLC,NY,12,Gayle Woods,16000,,,,,,,,
468,I,2008,Magical Merry,DB/BR,M,04/29/2008,Aragorn (IRE),Mona Rose,257,,Seeking the Soul,"Kaizen Sales (Richard Kent), Agent IV",,Kaizen Sales (Richard Kent),ON,7,RNA,0,,,,,,,,
469,I,2023,,DB/BR,F,02/12/2023,Uncle Chuck,Moonshine Bertie,260,,,"Bobby Jones Equine LLC, Agent III",,Bobby Jones Equine LLC,FL,10,Leonor Ybarra,4000,,,,,,,,
470,I,2023,,CH,F,03/10/2023,Daaher,Moon Tweet,261,,,"Colin Brennan Bloodstock, Agent IX",,Colin Brennan Bloodstock,LA,6,RNA,-1700,,,,,,,,
471,I,2023,,DB/BR,F,02/21/2023,Classic Empire,Morning Rush,264,,,"Summerfield (Francis & Barbara Vanlangendonck), Agent X",,Summerfield (Francis & Barbara Vanlangendonck),FL,9,Fast Bird Equine,29000,,,,,,,,
472,O,2016,Beantown Baby,B,M,04/14/2016,Artie Schiller,Ms Bernadette,265,,Khozan,"Summerfield (Francis & Barbara Vanlangendonck), Agent LIV",,Summerfield (Francis & Barbara Vanlangendonck),FL,9,OUT,,,01/24/2024,,,,,,
473,I,2016,Clear as Day,B,M,04/21/2016,Sky Mesa,Much Obliged,266,,St Patrick's Day,"Summerfield (Francis & Barbara Vanlangendonck), Agent XXIX",,Summerfield (Francis & Barbara Vanlangendonck),KY,9,Randi Persaud,1200,,,,,,,,
474,I,2019,Robbing Robin,B,M,02/20/2019,Greenpointcrusader,My Ladies Choice,269,,Khozan,"Summerfield (Francis & Barbara Vanlangendonck), Agent II",,Summerfield (Francis & Barbara Vanlangendonck),FL,9,Charles W. Ritter,5000,,,,,,,,
475,I,2020,Nuetron Dancer,B,M,02/24/2020,Palace Malice,My Rolex,270,,Classic Empire,"Summerfield (Francis & Barbara Vanlangendonck), Agent XXVI",,Summerfield (Francis & Barbara Vanlangendonck),KY,9,"High Point Bldstk, Agt for Half Hollow Stables LLC",33000,,,,,,,,
476,O,2023,,DB/BR,C,01/15/2023,Rock Your World,My Special Secret,271,,,New Horizons Bloodstock LLC,,New Horizons Bloodstock LLC,KY,11,OUT,,,01/13/2024,,,,,,
477,I,2009,Talavista,B,M,01/26/2009,Deputy Wild Cat,Nasratti,272,,Gretzky the Great,"Summerfield (Francis & Barbara Vanlangendonck), Agent XXIX",,Summerfield (Francis & Barbara Vanlangendonck),FL,9,RNA,-1000,,,,,,,,
478,I,2023,,B,C,04/18/2023,Mitole,Navajo Kitten,273,,,Fly By,,Fly By,FL,2,RNA,-13000,,,,,,,,
479,I,2007,Atrea,DB/BR,M,05/03/2007,Storm Cat,New Dice,274,,Brethren,Arindel,,Arindel,KY,12,BK Stable,5500,,,,,,,,
480,O,2023,,DB/BR,F,04/14/2023,Central Banker,New Year's Wish,276,,,"McMahon of Saratoga Thoroughbreds LLC, Agent",,McMahon of Saratoga Thoroughbreds LLC,NY,3,OUT,,,01/17/2024,,,,,,
481,I,2023,,DB/BR,F,03/18/2023,Girvin,Next Best Thing,277,,,"Bobby Jones Equine LLC, Agent XIV",,Bobby Jones Equine LLC,FL,10,Bobby Jones Equine LLC,15000,,,,,,,,
482,I,2019,Current Cause,DB/BR,M,04/16/2019,Brody's Cause,Nikki's Fine Time,278,,Win Win Win,"Summerfield (Francis & Barbara Vanlangendonck), Agent XXIX",,Summerfield (Francis & Barbara Vanlangendonck),KY,9,RNA,-1000,,,,,,,,
483,I,2016,Sweetest Appeal,CH,M,04/03/2016,Graydar,O So Appealing,284,,Awesome Slew,"Summerfield (Francis & Barbara Vanlangendonck), Agent XXIX",,Summerfield (Francis & Barbara Vanlangendonck),KY,9,Beth Cooper,2500,,,,,,,,
484,I,2023,,B,F,01/23/2023,Army Mule,Our Irish Lassie's,287,,,"Love's Equine LLC, Agent for Flying H Stables LLC",,Love's Equine LLC,KY,6,RNA,-27000,,,,,,,,
485,O,2023,,CH,C,04/10/2023,Rogueish,Passionately,289,,,"Beth Bayer, Agent XVIII",,Beth Bayer,FL,5,OUT,,,01/24/2024,,,,,,
486,I,2011,Super Jaeinn,DB/BR,M,03/28/2011,Even the Score,Pata Fresca,290,,Tunwoo,"Beth Bayer, Agent XI",,Beth Bayer,LA,5,Daniel Boyette,2000,,,,,,,,
487,I,2023,,DB/BR,F,04/18/2023,The Hunk,Peaceloveandjoy,291,,,"4 M Ranch, Agent I",,4 M Ranch,AR,4,Peter Bantle,1700,,,,,,,,
488,I,2007,Miss Olivia Rae,CH,M,02/12/2007,El Corredor,Phantom Song,294,,Bucchero,"Thoroughstock, Agent II",,Thoroughstock,FL,3,RNA,-5000,,,,,,,,
489,I,2023,,B,F,02/10/2023,Uncle Chuck,Pharaoh's Fashion,295,,,"Bobby Jones Equine LLC, Agent IX",,Bobby Jones Equine LLC,FL,10,RNA,-9000,,,,,,,,
490,O,2020,Cherrie Bomb,DB/BR,F,05/19/2020,Destin,Piccolo Flats,297,,,"Love's Equine LLC, Agent for Winners Victory Racing LLC",,Love's Equine LLC,NY,6,OUT,,,01/23/2024,,,,,,
491,O,2021,Hide Your Crazy (IRE),B,F,05/17/2021,Ten Sovereigns (IRE),Pilageya (IRE),299,,,"Afleet Equine Services, Agent III",,Afleet Equine Services,IRE,6,OUT,,,01/20/2024,,,,,,
492,I,2018,Tequa,CH,M,01/22/2018,Dialed In,Pink Poppy,300,,Brethren,Arindel,,Arindel,FL,12,Hidden Point Farm,2500,,,,,,,,
493,I,2023,,B,F,02/16/2023,Awesome Slew,Platinum,301,,,"Cimarron Farm, Agent",,Cimarron Farm,FL,3,RNA,-5500,,,,,,,,
494,I,2023,Sweet Mitole,B,F,04/17/2023,Mitole,Pointe Du Hoc,304,,,"Summerfield (Francis & Barbara Vanlangendonck), Agent CXXXIX",,Summerfield (Francis & Barbara Vanlangendonck),FL,9,Exclusive Equine Investments,90000,,,,,,,,
495,I,2012,Kwaina,DB/BR,M,05/16/2012,Zanjero,Polkadot Princess,306,,,"F. Alanis Stables, Agent",,F. Alanis Stables,KY,1,RNA,-2200,,,,,,,,
496,I,2023,Glorify It,DB/BR,F,03/26/2023,Chance It,Posit,307,,,"Love's Equine LLC, Agent IV",,Love's Equine LLC,FL,6,RNA,-9500,,,,,,,,
497,O,2023,,B,C,04/19/2023,Leofric,Proof Inthe Puddin,313,,,"AVP Training and Sales, Agent I",,AVP Training and Sales,KY,2,OUT,,,12/04/2023,,,,,,
498,O,2023,,B,C,05/09/2023,Bolt d'Oro,Proud and Charming,314,,,New Horizons Bloodstock LLC,,New Horizons Bloodstock LLC,FL,11,OUT,,,12/27/2023,,,,,,
499,I,2014,Arc Angel,B,M,01/26/2014,Bodemeister,Pulpit Angel,316,,Khozan,"Summerfield (Francis & Barbara Vanlangendonck), Agent II",,Summerfield (Francis & Barbara Vanlangendonck),KY,9,Matt Kwiatkowski,3000,,,,,,,,
500,O,2014,La Vie Ross,GR/RO,M,03/16/2014,Medaglia d'Oro,Pulsating,317,,Honor Code,Gelfenstein Farm,,Gelfenstein Farm,KY,10,OUT,,,12/28/2023,,,,,,
501,I,2023,,B,C,03/11/2023,Instagrand,Quality Light,322,,,New Horizons Bloodstock LLC,,New Horizons Bloodstock LLC,FL,11,RNA,-22000,,,,,,,,
502,I,2019,Makin It Look Easy,B,M,02/01/2019,Valiant Minister,Queenie's Pride,323,,Bucchero,"Abbie Road Farm (Lisa McGreevy), Agent VI",,Abbie Road Farm (Lisa McGreevy),FL,1,Aloha West Mares,19000,,,,,,,,
503,I,2011,A Day in Oz,DB/BR,M,04/09/2011,Zensational,Rainbow Promise,331,,Win Win Win,"Thoroughstock, Agent I",,Thoroughstock,KY,3,Kathleen J. Frozene,2000,,,,,,,,
504,I,2023,,B,C,02/15/2023,Raging Bull (FR),Rangerette,333,,,"New Hope AB LLC, Agent II",,New Hope AB LLC,KY,3,RNA,-11000,,,,,,,,
505,I,2023,,B,C,03/04/2023,Dialed In,Ready to Tango,336,,,"Summerfield (Francis & Barbara Vanlangendonck), Agent XL",,Summerfield (Francis & Barbara Vanlangendonck),FL,9,Richard Shultz,30000,,,,,,,,
506,I,2023,,B,C,03/23/2023,Neolithic,Real Moon,337,,,"Get Away Farm, Agent II",,Get Away Farm,FL,11,RNA,-14000,,,,,,,,
507,I,2023,,CH,C,01/04/2023,Omaha Beach,Red Robe (GB),340,,,Fly By,,Fly By,FL,2,"Ledesma Racing Stable, Inc.",38000,,,,,,,,
508,I,2023,,CH,C,02/28/2023,Leinster,Renovation,342,,,"Abbie Road Farm (Lisa McGreevy), Agent VII",,Abbie Road Farm (Lisa McGreevy),FL,1,C-G Stables,7000,,,,,,,,
509,O,2010,Rosie Red,GR/RO,M,01/18/2010,Exchange Rate,Restraining Order,344,,Roadster,"Abbie Road Farm (Lisa McGreevy), Agent XXI",,Abbie Road Farm (Lisa McGreevy),FL,1,OUT,,,01/10/2024,,,,,,
510,I,2023,,B,C,02/08/2023,St Patrick's Day,Risky Lady,346,,,"Summerfield (Francis & Barbara Vanlangendonck), Agent XXIX",,Summerfield (Francis & Barbara Vanlangendonck),FL,9,Leonor Ybarra,4500,,,,,,,,
511,I,2023,,GR/RO,F,02/06/2023,Valiant Minister,Roxie Fast Moon,349,,,"Beth Bayer, Agent II",,Beth Bayer,FL,5,Felix M. Fuste,6000,,,,,,,,
512,I,2023,,B,C,04/16/2023,Galilean,Royale Michele,350,,,"Ordonez Thoroughbreds, Agent II",,Ordonez Thoroughbreds,FL,12,Reitman Stables LLC,15000,,,,,,,,
513,I,2020,Light of My Life,B,M,03/06/2020,City of Light,Russian Symbol (IRE),352,,Gretzky the Great,"Abbie Road Farm (Lisa McGreevy), Agent I",,Abbie Road Farm (Lisa McGreevy),KY,1,James R. Pearson,1500,,,,,,,,
514,I,2023,,DB/BR,C,04/27/2023,Mitole,Saintly Spirit,354,,,"Mount Royal Sales LLC, Agent I",,Mount Royal Sales LLC,IN,12,Rancho Monarca LLC,24000,,,,,,,,
515,O,2015,Large Marge,CH,M,01/10/2015,Dialed In,Sally's Song,356,,Brethren,Arindel,,Arindel,FL,12,OUT,,,01/16/2024,,,,,,
516,I,2023,,B,F,04/06/2023,Adios Charlie,Sally's Song,355,,,Arindel,,Arindel,FL,12,Mustang Farms,12000,,,,,,,,
517,I,2023,,B,F,03/16/2023,Rogueish,Sandburg Village,357,,,"Bobby Jones Equine LLC, Agent VII",,Bobby Jones Equine LLC,FL,10,Jenny Alberto,8000,,,,,,,,
518,I,2023,,CH,F,02/27/2023,Breaking Lucky,Sarahcain,358,,,"4 M Ranch, Agent II",,4 M Ranch,LA,4,A Rebel Colt LLC,3500,,,,,,,,
519,I,2023,,B,F,05/15/2023,Maximus Mischief,Sassy Chub,359,,,"Love's Equine LLC, Agent V",,Love's Equine LLC,KY,6,Spearmaco LLC,37000,,,,,,,,
520,O,2023,,CH,C,02/09/2023,Known Agenda,Savedbythebelle,360,,,"Summerfield (Francis & Barbara Vanlangendonck), Agent XXVI",,Summerfield (Francis & Barbara Vanlangendonck),FL,9,OUT,,,01/11/2024,,,,,,
521,I,2017,Risky Lady,DB/BR,M,01/17/2017,Revolving,Scandalous Act,361,,St Patrick's Day,"Summerfield (Francis & Barbara Vanlangendonck), Agent XXIX",,Summerfield (Francis & Barbara Vanlangendonck),FL,9,Reitman Stables LLC,2000,,,,,,,,
522,I,2016,Rouge Wave,DB/BR,M,05/07/2016,Violence,Sea Pegasus,362,,Awesome Slew,"Summerfield (Francis & Barbara Vanlangendonck), Agent XXIX",,Summerfield (Francis & Barbara Vanlangendonck),KY,9,Randy Mendonsa,1500,,,,,,,,
523,O,2018,Blue Eye Kitten,DB/BR,M,03/04/2018,Big Blue Kitten,Sea Song's Grace,363,,Mutasaabeq,"Colin Brennan Bloodstock, Agent VI",,Colin Brennan Bloodstock,KY,6,OUT,,,01/24/2024,,,,,,
524,I,2010,Allison's Alibi,B,M,02/03/2010,The Daddy,Secret Request,365,,Tunwoo,"Summerfield (Francis & Barbara Vanlangendonck), Agent XXIX",,Summerfield (Francis & Barbara Vanlangendonck),FL,9,RNA,-2500,,,,,,,,
525,I,2007,Conga Bella,CH,M,03/21/2007,Congaree,Seeking the Silver,366,,Brethren,Arindel,,Arindel,KY,12,"Michael Slezak, Agent",2000,,,,,,,,
526,O,2008,Southern Spin,B,M,01/15/2008,Sharp Humor,Shaniowa,368,,Colonel Liam,"Beth Bayer, Agent XV",,Beth Bayer,FL,5,OUT,,,01/19/2024,,,,,,
527,O,2023,,B,C,03/02/2023,Gunnevera,She's Salty Too,371,,,"MPK Sales LLC, Agent I",,MPK Sales LLC,FL,8,OUT,,,01/18/2024,,,,,,
528,I,2023,,DB/BR,C,01/28/2023,Mor Spirit,Shezahotmama,372,,,"Summerfield (Francis & Barbara Vanlangendonck), Agent XXXIX",,Summerfield (Francis & Barbara Vanlangendonck),FL,9,CNA,15000,,,,,,,,
529,I,2023,,DB/BR,F,04/16/2023,Caracaro,Silvia Is Golden,379,,,"Noble Oaks Farm LLC, Agent VI",,Noble Oaks Farm LLC,KY,9,Rogelio Lopez-Martinez,10000,Y,,,,,,,
530,O,2023,,CH,F,02/03/2023,Solomini,Sky Gal,382,,,"McMahon of Saratoga Thoroughbreds LLC, Agent",,McMahon of Saratoga Thoroughbreds LLC,NY,3,OUT,,,01/17/2024,,,,,,
531,I,2023,Star Prince,B,C,01/30/2023,Sharp Azteca,Sky Palace,383,,,New Hope AB LLC,,New Hope AB LLC,KY,3,RNA,-11000,,,,,,,,
532,I,2023,Sohandsometome,B,C,03/04/2023,Basin,Sobeautifultome,388,,,On Point Training & Sales,,On Point Training & Sales,KY,1,RNA,-19000,,,,,,,,
533,I,2018,Shades of Cool,CH,M,02/24/2018,Kantharos,Songandashinyband,392,,Win Win Win,"Summerfield (Francis & Barbara Vanlangendonck), Agent XXIX",,Summerfield (Francis & Barbara Vanlangendonck),FL,9,St. Patricks Racing Stable LLC,5200,,,,,,,,
534,I,2015,Soul of Jersey,B,M,04/03/2015,Jersey Town,Soul of Hollywood,393,,Gretzky the Great,"Summerfield (Francis & Barbara Vanlangendonck), Agent XXIX",,Summerfield (Francis & Barbara Vanlangendonck),KY,9,Randy Mendonsa,1000,,,,,,,,
535,I,2023,,B,C,03/20/2023,Tale of Verve,Soul of Jersey,394,,,"Summerfield (Francis & Barbara Vanlangendonck), Agent XXIX",,Summerfield (Francis & Barbara Vanlangendonck),FL,9,Randi Persaud,2000,,,,,,,,
536,I,2023,,B,F,03/13/2023,Uncle Chuck,Speaking Role (GB),396,,,"Journeyman Bloodstock Services, Inc.","(Brent & Crystal Fernung), Agent II","Journeyman Bloodstock Services, Inc. (Brent & Crystal Fernung)",FL,2,Jose Juan Vazquez,4000,,,,,,,,
537,I,2023,,DB/BR,C,03/03/2023,Valid Point,Special Allure,397,,,"Beth Bayer, Agent XXII",,Beth Bayer,FL,5,Jose A. Arce,2500,,,,,,,,
538,I,2023,,B,C,05/11/2023,Custom for Carlos,Starfish Point,400,,,"4 M Ranch, Agent IX",,4 M Ranch,LA,4,Yolanda Gonzales & Francisco Alanis,4000,,,,,,,,
539,I,2023,,B,F,04/15/2023,Big Brown,Starship Flare,401,,,"Beth Bayer, Agent XXI",,Beth Bayer,NY,5,Randi Persaud,2500,,,,,,,,
540,I,2004,Golden Horseshoe,B,M,03/31/2004,Belong to Me,Striking Profile,404,,St Patrick's Day,"Journeyman Bloodstock Services, Inc.","(Brent & Crystal Fernung), Agent","Journeyman Bloodstock Services, Inc. (Brent & Crystal Fernung)",KY,2,RNA,-2000,,,,,,,,
541,I,2023,,B,F,03/17/2023,Uncle Chuck,Strong Azteca,405,,,New Horizons Bloodstock LLC,,New Horizons Bloodstock LLC,FL,11,Pantheon Bloodstock,15000,,,,,,,,
542,I,2015,Distorted Sunrays,B,M,03/12/2015,Drosselmeyer,Sunrise Slew,406,,Roadster,"Abbie Road Farm (Lisa McGreevy), Agent XII",,Abbie Road Farm (Lisa McGreevy),FL,1,Kenneth Venable,10000,,,,,,,,
543,O,2023,,B,F,03/22/2023,Rushie,Superior Sarah,408,,,"Kaizen Sales (Richard Kent), Agent X",,Kaizen Sales (Richard Kent),FL,7,OUT,,,01/23/2024,,,,,,
544,I,2023,Woodrow Winston,CH,C,04/22/2023,Carpe Diem,Surf Ride,410,,,"Noble Oaks Farm LLC, Agent III",,Noble Oaks Farm LLC,LA,9,Jose Arroyo,2000,,,,,,,,
545,I,2023,,DB/BR,C,03/03/2023,Aurelius Maximus,Sweet Alice Benbow,413,,,"Colin Brennan Bloodstock, Agent IX",,Colin Brennan Bloodstock,LA,6,LMB Farms,42000,,,,,,,,
546,I,2023,,CH,C,02/26/2023,Exaggerator,Sweeter Than Ever,414,,,"Noble Oaks Farm LLC, Agent IV",,Noble Oaks Farm LLC,LA,9,Lua Racing Stables LLC,5000,,,,,,,,
547,I,2023,,B,C,04/24/2023,Dak Attack,Sweetheart Lady,416,,,"Summerfield (Francis & Barbara Vanlangendonck), Agent XXIX",,Summerfield (Francis & Barbara Vanlangendonck),FL,9,Jose A. Arce,2000,,,,,,,,
548,I,2023,,CH,F,02/28/2023,Tunwoo,Sweet Talkin Lady,417,,,"Summerfield (Francis & Barbara Vanlangendonck), Agent XXIX",,Summerfield (Francis & Barbara Vanlangendonck),FL,9,RNA,-4000,,,,,,,,
549,I,2023,,B,C,02/23/2023,Frosted,Table for Six,421,,,"Summerfield (Francis & Barbara Vanlangendonck), Agent CIX",,Summerfield (Francis & Barbara Vanlangendonck),FL,9,Grade One Investments LLC,25000,,,,,,,,
550,I,2023,,B,C,04/11/2023,Cloud Computing,Temper Mint Gal,423,,,"Beth Bayer, Agent",,Beth Bayer,FL,5,Fabian Garcia,3000,,,,,,,,
551,I,2021,,B,F,05/26/2021,Take Charge Indy,Tensas Harbor,424,,,"Beth Bayer, Agent XII",,Beth Bayer,KY,5,RNA,0,,,,,,,,
552,I,2023,,B,F,02/26/2023,Aurelius Maximus,Thievery,428,,,"Perrone Sales, Ltd., Agent for McDowell Farm",,Perrone Sales,AR,8,Fast Bird Equine,15000,,,,,,,,
553,O,2023,,DB/BR,F,03/01/2023,Rushie,Till Till,429,,,"Beth Bayer, Agent",,Beth Bayer,FL,5,OUT,,,01/09/2024,,,,,,
554,I,2023,,DB/BR,F,05/07/2023,Mo Tom,Titanium Jane,430,,,"4 M Ranch, Agent X",,4 M Ranch,LA,4,Valentin Avila-Bastida,6500,,,,,,,,
555,I,2023,,B,C,03/05/2023,Echo Town,Tiz Maie's Day,432,,,Fly By,,Fly By,FL,2,Jose Munoz,15000,,,,,,,,
556,I,2023,,DB/BR,C,04/20/2023,Cutting Humor,Tiz Maria,433,,,"4 M Ranch, Agent VII",,4 M Ranch,AR,4,Alejandro Vargas,2000,,,,,,,,
557,I,2023,,DB/BR,C,02/10/2023,Win Win Win,Torchme,435,,,"Bobby Jones Equine LLC, Agent VII",,Bobby Jones Equine LLC,FL,10,Edilberto O. Herrera,10000,,,,,,,,
558,I,2017,Hurricane Breeze,B,M,03/05/2017,Summer Front,Triple o' Five,439,,Magic On Tap,"Bobby Jones Equine LLC, Agent XII",,Bobby Jones Equine LLC,KY,10,Janice Woods,6500,,,,,,,,
559,O,2023,,B,F,03/30/2023,Mitole,Turlington,443,,,New Horizons Bloodstock LLC,,New Horizons Bloodstock LLC,KY,11,OUT,,,01/13/2024,,,,,,
560,I,2008,Arch Support,DB/BR,M,03/02/2008,Arch,Two Ninety Jones,444,,Awesome Slew,"Abbie Road Farm (Lisa McGreevy), Agent IX",,Abbie Road Farm (Lisa McGreevy),KY,1,RNA,0,,,,,,,,
561,I,2008,Yes It's Jackie,B,M,02/28/2008,Yes It's True,Vargas Girl,450,,Uncle Chuck,"Beth Bayer, Agent XIV",,Beth Bayer,KY,5,RNA,0,,,,,,,,
562,I,2023,,CH,F,03/09/2023,Catalina Cruiser,Veiled Vixen,452,,,New Hope AB LLC,,New Hope AB LLC,OK,3,RNA,-6500,,,,,,,,
563,I,2023,,B,C,03/31/2023,Adios Charlie,Viva Nevada,457,,,"Love's Equine LLC, Agent II",,Love's Equine LLC,FL,6,RNA,-3500,,,,,,,,
564,O,2023,,DB/BR,C,03/02/2023,Dialed In,Wildcat Kate,462,,,"Love's Equine LLC, Agent VI",,Love's Equine LLC,FL,6,OUT,,,01/08/2024,,,,,,
565,I,2012,Blue Bird Lady,CH,M,02/16/2012,Congrats,Wonder Lady,466,,Uncle Chuck,"Journeyman Bloodstock Services, Inc.","(Brent & Crystal Fernung), Agent","Journeyman Bloodstock Services, Inc. (Brent & Crystal Fernung)",KY,2,Jon Anthony Rivera,2700,,,,,,,,
566,I,2011,Solved,B,M,04/01/2011,Elusive Quality,Worry Not,468,,Uncle Chuck,"Journeyman Bloodstock Services, Inc.","(Brent & Crystal Fernung), Agent III","Journeyman Bloodstock Services, Inc. (Brent & Crystal Fernung)",VA,2,Bruno Schickedanz,2200,,,,,,,,
567,I,2023,,B,F,01/20/2023,City of Light,Yes It's Jackie,469,,,"Beth Bayer, Agent XIV",,Beth Bayer,FL,5,FMQ Stables,42000,,,,,,,,
568,O,2023,,B,C,03/25/2023,First Dude,Yikes Yikes Yikes,470,,,"Vargas Sales, Agent I",,Vargas Sales,FL,12,OUT,,,01/20/2024,,,,,,
569,O,2023,,GR/RO,F,03/11/2023,Sweetontheladies,Zoya,475,,,"MPK Sales LLC, Agent I",,MPK Sales LLC,FL,8,OUT,,,01/18/2024,,,,,,
570,I,2011,Mine for Life,CH,M,02/02/2011,Distorted Humor,Abby's Angel,1,,Chitu,"Beth Bayer, Agent XI",,Beth Bayer,KY,5,Kathleen J. Frozene,1500,,,,,,,,
571,I,2023,,DB/BR,C,03/27/2023,Good Samaritan,Abuela's Humor,3,,,"Medallion Farms, Agent I",,Medallion Farms,KY,5,Jose Ordonez,16000,,,,,,,,
572,I,2023,,DB/BR,F,05/01/2023,The Hunk,Actif Storm,4,,,"4 M Ranch, Agent I",,4 M Ranch,AR,4,Fast Bird Equine,3000,,,,,,,,
573,I,2023,,CH,F,03/25/2023,St Patrick's Day,Adios Ashley,5,,,"Summerfield (Francis & Barbara Vanlangendonck), Agent XXIX",,Summerfield (Francis & Barbara Vanlangendonck),FL,9,Efrain Gonzalez,3700,,,,,,,,
574,O,2023,,B,F,05/01/2023,Complexity,Afleet Memories,7,,,New Horizons Bloodstock LLC,,New Horizons Bloodstock LLC,KY,11,OUT,,,01/13/2024,,,,,,
575,O,2023,,B,C,03/10/2023,Rushie,Alandras Dream,8,,,"Kaizen Sales (Richard Kent), Agent X",,Kaizen Sales (Richard Kent),FL,7,OUT,,,01/23/2024,,,,,,
576,I,2023,,B,C,05/15/2023,Fog of War,Alinea,9,,,"Mount Royal Sales LLC, Agent III",,Mount Royal Sales LLC,NY,12,Panda Stable LLC,2700,,,,,,,,
577,I,2023,,B,C,01/20/2023,Noble Bird,Allison's Alibi,11,,,"Summerfield (Francis & Barbara Vanlangendonck), Agent XXIX",,Summerfield (Francis & Barbara Vanlangendonck),FL,9,Paulo Batres,4200,,,,,,,,
578,O,2023,,GR/RO,C,02/25/2023,Candy Ride (ARG),Anabella Queen,15,,,"Summerfield (Francis & Barbara Vanlangendonck), Agent XVI",,Summerfield (Francis & Barbara Vanlangendonck),KY,9,OUT,,,01/18/2024,,,,,,
579,I,2014,Pangi,DB/BR,M,03/22/2014,Pioneerof the Nile,Angapanga,17,,,"Bobby Jones Equine LLC, Agent IX",,Bobby Jones Equine LLC,FL,10,RNA,-1700,,,,,,,,
580,I,2023,,B,C,02/06/2023,Silver State,Angel de Cora,18,,,New Horizons Bloodstock LLC,,New Horizons Bloodstock LLC,KY,11,Korina Stables LLC,35000,,,,,,,,
581,I,2017,Bay Jewel,DB/BR,M,01/31/2017,New Year's Day,Apalachee Song,22,,,"Kaizen Sales (Richard Kent), Agent XI",,Kaizen Sales (Richard Kent),KY,7,David A Bernsen LLC,1200,,,,,,,,
582,I,2023,,B,C,02/16/2023,Tapiture,April's Promise,24,,,"Perrone Sales, Ltd., Agent for McDowell Farm",,Perrone Sales,AR,8,Jack B. Wright,8000,,,,,,,,
583,I,2023,,CH,F,02/12/2023,Cajun Breeze,Arc Angel,25,,,"Summerfield (Francis & Barbara Vanlangendonck), Agent II",,Summerfield (Francis & Barbara Vanlangendonck),FL,9,RNA,-15000,,,,,,,,
584,I,2023,,B,F,03/12/2023,Central Banker,August Gala,27,,,"McMahon of Saratoga Thoroughbreds LLC, Agent",,McMahon of Saratoga Thoroughbreds LLC,NY,3,Angel Hernandez,6500,,,,,,,,
585,I,2023,Mahira,DB/BR,F,04/26/2023,Neolithic,Aunt Corina,28,,,"Love's Equine LLC, Agent IV",,Love's Equine LLC,FL,6,Lazaro Alvarez,3200,,,,,,,,
586,I,2015,Bayou's Legacy,CH,M,02/18/2015,Hear No Evil,Awesome Belle,29,,Gunnevera,"Bobby Jones Equine LLC, Agent I",,Bobby Jones Equine LLC,FL,10,Sarah B. de la Cruz,7000,,,,,,,,
587,I,2018,Doittogether,CH,M,03/16/2018,Exaggerator,Azalea Belle,32,,Sweetontheladies,"Thoroughstock, Agent V",,Thoroughstock,KY,3,Norman Franklin,1000,,,,,,,,
588,O,2010,E B Ryder,B,M,02/26/2010,Bluegrass Cat,Back to Earth,33,,Magic On Tap,"Abbie Road Farm (Lisa McGreevy), Agent IX",,Abbie Road Farm (Lisa McGreevy),FL,1,OUT,,,01/21/2024,,,,,,
589,O,2023,,B,C,05/09/2023,Rogueish,Beach Trick,37,,,"Vargas Sales, Agent I",,Vargas Sales,FL,12,OUT,,,01/20/2024,,,,,,
590,I,2012,Infiltrada,B,M,04/09/2012,All American (AUS),Believe in Wonder,41,,Sweetontheladies,"Thoroughstock, Agent IV",,Thoroughstock,KY,3,RNA,-4000,,,,,,,,
591,I,2023,,CH,C,05/05/2023,Mitole,Bello Porte,43,,,New Horizons Bloodstock LLC,,New Horizons Bloodstock LLC,FL,11,RNA,-24000,,,,,,,,
592,I,2023,,DB/BR,F,04/27/2023,Thousand Words,Bessie's Bullet,44,,,"4 M Ranch, Agent VI",,4 M Ranch,LA,4,LMB Farms,25000,,,,,,,,
593,O,2023,Biamonte's Catch,B,F,04/28/2023,Khozan,Biamonte,46,,,"Sue Vacek, Agent I",,Sue Vacek,NY,7,OUT,,,12/07/2023,,,,,,
594,O,2023,,B,C,04/09/2023,Gunnevera,Big Baby's Band,47,,,"MPK Sales LLC, Agent I",,MPK Sales LLC,FL,8,OUT,,,01/17/2024,,,,,,
595,O,2023,,CH,C,05/12/2023,Basin,Big Bad Betty,48,,,Fly By,,Fly By,FL,2,OUT,,,01/19/2024,,,,,,
596,O,2023,,GR/RO,C,04/03/2023,Solomini,Billieholidayblues,50,,,"Ordonez Thoroughbreds, Agent I",,Ordonez Thoroughbreds,NY,12,OUT,,,01/22/2024,,,,,,
597,I,2023,,CH,F,03/12/2023,Good Samaritan,Bit of Joy,51,,,"Abbie Road Farm (Lisa McGreevy), Agent V",,Abbie Road Farm (Lisa McGreevy),FL,1,RNA,-7000,,,,,,,,
598,O,2023,,DB/BR,F,04/28/2023,Solomini,Bitter Gold,52,,,"McMahon of Saratoga Thoroughbreds LLC, Agent",,McMahon of Saratoga Thoroughbreds LLC,NY,3,OUT,,,01/10/2024,,,,,,
599,I,2023,,CH,C,02/23/2023,Volatile,Blameitonthebadboy,53,,,"Beth Bayer, Agent VII",,Beth Bayer,FL,5,"Lambholm, Agent",45000,,,,,,,,
600,I,2015,Blonde and Blue,GR/RO,M,01/30/2015,Exchange Rate,Blondie's Bucks,54,,,"Love's Equine LLC, Agent III",,Love's Equine LLC,WV,6,Norman Franklin,1000,,,,,,,,
601,I,2023,,DB/BR,C,05/06/2023,Higher Power,Blue Claret,55,,,"Dean's List, Agent",,Dean's List,NY,7,Pontiac Bloodstock,13000,,,,,,,,
602,I,2023,,DB/BR,C,01/15/2023,Uncle Chuck,Blue Eye Kitten,56,,,"Colin Brennan Bloodstock, Agent VI",,Colin Brennan Bloodstock,FL,6,Fast Horses,12000,,,,,,,,
603,I,2023,,DB/BR,F,01/29/2023,Global Campaign,Book of Love,58,,,"Abbie Road Farm (Lisa McGreevy), Agent XII",,Abbie Road Farm (Lisa McGreevy),KY,1,Luis A. Quevedo,7000,,,,,,,,
604,I,2015,Walk of Fame,DB/BR,M,03/21/2015,Scat Daddy,Brandolynn,60,,Rock Your World,"Silver Oaks Farm (Danielle Loya), Agent II",,Silver Oaks Farm (Danielle Loya),NY,10,Norman Dellheim for Hudson Horizon TB's,7000,,,,,,,,
605,O,2023,,B,C,05/07/2023,Mo Town,Breezing Bye,62,,,Fly By,,Fly By,FL,2,OUT,,,01/24/2024,,,,,,
606,I,2010,Pure Brew,B,M,03/11/2010,Simon Pure,Brewmatic,63,,Battalion Runner,"Kaizen Sales (Richard Kent), Agent IV",,Kaizen Sales (Richard Kent),FL,7,Colleen Reddy,1000,,,,,,,,
607,O,2014,Dublin Girl,CH,M,05/11/2014,Dublin,Carson City Girl,66,,Jimmy Creed,"Summerfield (Francis & Barbara Vanlangendonck), Agent CXIII",,Summerfield (Francis & Barbara Vanlangendonck),NY,9,OUT,,,12/04/2023,,,,,,
608,I,2009,Fast City,GR/RO,M,04/25/2009,Half Ours,Carson City Sham,67,,Uncle Chuck,"Beth Bayer, Agent XIV",,Beth Bayer,LA,5,Dr. Ricardo Rosario,4000,,,,,,,,
609,O,2014,Bella Vincenza,B,M,04/07/2014,Biondetti,Cascina,68,,Magic On Tap,"Kaizen Sales (Richard Kent), Agent III",,Kaizen Sales (Richard Kent),FL,7,OUT,,,01/19/2024,,,,,,
610,I,2023,,B,F,01/22/2023,Uncle Chuck,Champina,70,,,Fly By,,Fly By,FL,2,Grade One Investments LLC,80000,,,,,,,,
611,O,2023,,B,C,01/28/2023,Bolt d'Oro,Chelsea Ballad,72,,,"Bobby Jones Equine LLC, Agent X",,Bobby Jones Equine LLC,KY,10,OUT,,,01/24/2024,,,,,,
612,I,2023,,B,F,04/21/2023,Mor Spirit,China Seas,73,,,Fly By,,Fly By,FL,2,Little Horse,4000,,,,,,,,
613,I,2023,,B,F,01/27/2023,Modernist,Classy Production,74,,,"Noble Oaks Farm LLC, Agent VI",,Noble Oaks Farm LLC,KY,9,"DSR, Inc.",15000,,,,,,,,
614,I,2016,Mo Than Happy,DB/BR,M,05/05/2016,Uncle Mo,Cobbler's Reef,76,,St Patrick's Day,"Summerfield (Francis & Barbara Vanlangendonck), Agent XXIX",,Summerfield (Francis & Barbara Vanlangendonck),KY,9,Reitman Stables LLC,3000,,,,,,,,
615,I,2023,,GR/RO,F,04/18/2023,Gunnevera,Commissio,79,,,"Bobby Jones Equine LLC, Agent X",,Bobby Jones Equine LLC,FL,10,Little Horse,15000,,,,,,,,
616,I,2023,,B,F,02/12/2023,Tiz the Law,Concerned,80,,,"Colin Brennan Bloodstock, Agent V",,Colin Brennan Bloodstock,KY,6,Terry Gabriel,32000,,,,,,,,
617,O,2013,Ribbing,CH,M,02/14/2013,Distorted Humor,Contentious,82,,Tunwoo,"Beth Bayer, Agent XI",,Beth Bayer,KY,5,OUT,,,12/26/2023,,,,,,
618,I,2023,,GR/RO,F,04/03/2023,Copper Bullet,Counterparty,87,,,"Noble Oaks Farm LLC, Agent IV",,Noble Oaks Farm LLC,LA,9,Cold Front Racing,5500,,,,,,,,
619,O,2023,,B,F,04/10/2023,Uncle Chuck,Country Villa,88,,,"Summerfield (Francis & Barbara Vanlangendonck), Agent XXXII",,Summerfield (Francis & Barbara Vanlangendonck),FL,9,OUT,,,01/24/2024,,,,,,
620,I,2020,Blah Blah World,CH,F,02/08/2020,Chitu,Crumb,92,,,"Abbie Road Farm (Lisa McGreevy), Agent IX",,Abbie Road Farm (Lisa McGreevy),FL,1,Clair Walker,4000,,,,,,,,
621,I,2023,Candle Ina Wind,CH,C,05/20/2023,Flameaway,Curious Luck,94,,,"Summerfield (Francis & Barbara Vanlangendonck), Agent XIV",,Summerfield (Francis & Barbara Vanlangendonck),NY,9,Grade One Investments LLC,40000,,,,,,,,
622,O,2016,Prospective Melody,B,M,02/14/2016,Prospective,Dakota Light,95,,Awesome Slew,"Summerfield (Francis & Barbara Vanlangendonck), Agent XXIX",,Summerfield (Francis & Barbara Vanlangendonck),FL,9,OUT,,,12/18/2023,,,,,,
623,I,2023,,DB/BR,F,02/27/2023,Maximus Mischief,Da River Girl,97,,,"4 M Ranch, Agent VI",,4 M Ranch,LA,4,LMB Farms,27000,,,,,,,,
624,I,2023,,CH,F,04/07/2023,El Deal,Dark Rain,98,,,"4 M Ranch, Agent VI",,4 M Ranch,LA,4,Amador Sanchez,12000,,,,,,,,
625,I,2023,,DB/BR,C,05/29/2023,Dialed In,Dark Street,99,,,"Summerfield (Francis & Barbara Vanlangendonck), Agent LX",,Summerfield (Francis & Barbara Vanlangendonck),FL,9,Edilberto O. Herrera,17000,,,,,,,,
626,O,2015,Champagne All Day,CH,M,02/14/2015,Candy Ride (ARG),Dattt Echo,100,,Coal Front,"Centennial Farm, Agent for",Duane Swingley & Daniel Nasshorn Racing LLC,Centennial Farm,KY,12,OUT,,,01/17/2024,,,,,,
627,I,2016,Lailoni,B,M,04/26/2016,Brethren,Dat You Miz Blue,101,,Noble Bird,Arindel,,Arindel,FL,12,O. V. Moss,1000,,,,,,,,
628,I,2023,,DB/BR,C,03/09/2023,Uncle Chuck,Dazzling Bride,102,,,"Beth Bayer, Agent XIV",,Beth Bayer,FL,5,"NRClub, LLC",11000,,,,,,,,
629,I,2017,Uncaptured Harmony,CH,M,05/23/2017,Uncaptured,Dazzling Princess,103,,,"Thoroughstock, Agent III",,Thoroughstock,FL,3,Norman Franklin,1000,,,,,,,,
630,I,2023,,CH,F,03/14/2023,Engage,Distorted Sunrays,108,,,"Abbie Road Farm (Lisa McGreevy), Agent XII",,Abbie Road Farm (Lisa McGreevy),FL,1,Jose Ordonez,22000,,,,,,,,
631,I,2015,Heir Time,CH,M,04/03/2015,Wildcat Heir,Divine Rockette,109,,Colonel Liam,"Bobby Jones Equine LLC, Agent XI",,Bobby Jones Equine LLC,FL,10,RNA,-4500,,,,,,,,
632,I,2023,,B,C,04/21/2023,Always Dreaming,Dixie Sovereignty,110,,,"Colin Brennan Bloodstock, Agent II",,Colin Brennan Bloodstock,FL,6,George Gurrola,5000,,,,,,,,
633,O,2019,Chitienne,B,M,02/27/2019,Chitu,Donatienne,111,,Valiant Minister,"Beth Bayer, Agent XI",,Beth Bayer,FL,5,OUT,,,01/23/2024,,,,,,
634,I,2023,,DB/BR,F,04/15/2023,Central Banker,Dream Quist,113,,,"McMahon of Saratoga Thoroughbreds LLC, Agent",,McMahon of Saratoga Thoroughbreds LLC,NY,3,Don Wehby,5000,,,,,,,,
635,I,2014,Driving Mrs B,CH,M,01/06/2014,Factum,Drivemecrazy,114,,Khozan,"Summerfield (Francis & Barbara Vanlangendonck), Agent II",,Summerfield (Francis & Barbara Vanlangendonck),FL,9,Dr. Ricardo Rosario,4000,,,,,,,,
636,I,2023,,CH,F,04/14/2023,Cajun Breeze,Driving Mrs B,115,,,"Summerfield (Francis & Barbara Vanlangendonck), Agent II",,Summerfield (Francis & Barbara Vanlangendonck),FL,9,"McMahon & Hill Bloodstock LLC, Agent",6000,,,,,,,,
637,I,2023,,B,F,03/22/2023,Protonico,Dynamic Doll,118,,,"New Hope AB LLC, Agent II",,New Hope AB LLC,KY,3,Randi Persaud,3500,,,,,,,,
638,I,2013,Sunrise Glow,B,M,02/11/2013,Distorted Humor,Dynazaper,119,,Highly Motivated,New Hope AB LLC,,New Hope AB LLC,KY,3,RNA,-9000,,,,,,,,
639,I,2010,Ecstatic,B,M,03/29/2010,Smart Strike,Ebaraya (IRE),121,,Brethren,Arindel,,Arindel,KY,12,Formal Bloodstock LLC,3000,,,,,,,,
640,I,2023,,CH,F,03/13/2023,Lexitonian,Electric Rose,123,,,"4 M Ranch, Agent V",,4 M Ranch,AR,4,Albert Davis,50000,,,,,,,,
641,I,2023,American Fashion,B,F,02/16/2023,Adios Charlie,Emunah,126,,,"Abbie Road Farm (Lisa McGreevy), Agent IV",,Abbie Road Farm (Lisa McGreevy),FL,1,Randi Persaud,4000,,,,,,,,
642,I,2023,,B,C,04/09/2023,Basin,Essence of Audre,127,,,"Colin Brennan Bloodstock, Agent II",,Colin Brennan Bloodstock,FL,6,"McMahon & Hill Bloodstock LLC, Agent",15000,,,,,,,,
643,O,2006,Sally's Song,B,M,01/29/2006,Unbridled's Song,Exit Now,128,,St Patrick's Day,Arindel,,Arindel,KY,12,OUT,,,12/04/2023,,,,,,
644,I,2023,,CH,C,05/22/2023,Hoppertunity,Hawaiian Sunset,163,,,Hare Hill Farm,,Hare Hill Farm,MD,2,Fabian Garcia,3000,,,,,,,,
645,O,2023,,B,C,04/14/2023,Eclipticalspraline,Holiday Hopes,172,,,Hare Hill Farm,,Hare Hill Farm,MD,2,OUT,,,01/16/2024,,,,,,
646,I,2023,Secret Desire,CH,F,03/20/2023,Neolithic,Illicit Secret,176,,,"Beth Bayer, Agent XXVIII",,Beth Bayer,FL,5,Trevor James,2000,,,,,,,,
647,O,2018,Tiz Impressive,DB/BR,M,05/01/2018,Tizway,Impressive Jewel,182,,,"Kaizen Sales (Richard Kent), Agent XV",,Kaizen Sales (Richard Kent),KY,7,OUT,,,01/16/2024,,,,,,
648,I,2009,Redbud Road,CH,M,03/07/2009,Awesome of Course,Ladyinareddress,207,,Gunnevera,"Abbie Road Farm (Lisa McGreevy), Agent XXIII",,Abbie Road Farm (Lisa McGreevy),FL,1,Amanda Thompson Gonzalez,1000,Y,,,,,,,
649,I,2018,Racina,B,M,03/15/2018,Race Day,Merita,239,,Gunnevera,"Beth Bayer, Agent XXVIII",,Beth Bayer,FL,5,Fast Horses,3000,Y,,,,,,,
650,I,2023,,CH,F,03/27/2023,Known Agenda,Metry Kitten,241,,,"Abbie Road Farm (Lisa McGreevy), Agent XXII",,Abbie Road Farm (Lisa McGreevy),KY,1,Korina Stables LLC,27000,,,,,,,,
651,O,2023,,GR/RO,C,05/06/2023,Gift Box,New London,275,,,Hare Hill Farm,,Hare Hill Farm,MD,2,OUT,,,01/16/2024,,,,,,
652,O,2012,Cottina,B,M,03/06/2012,High Cotton,Phaedra,293,,Gunnevera,"Beth Bayer, Agent XXVIII",,Beth Bayer,FL,5,OUT,,,01/17/2024,,,,,,
653,O,2019,Metaxa Grande,DB/BR,M,04/08/2019,Bahamian Squall,Retsina,345,,Gunnevera,"Beth Bayer, Agent XXVIII",,Beth Bayer,FL,5,OUT,,,01/24/2024,,,,,,
654,I,2019,Illicit Secret,B,M,02/23/2019,Gone Astray,Smart Secretary,384,,Brethren,"Beth Bayer, Agent XXVIII",,Beth Bayer,FL,5,Colleen Reddy,1000,,,,,,,,
655,I,2023,Ultra Smart,B,C,02/28/2023,Curlin's Honor,Smart Secretary,385,,,"Beth Bayer, Agent XXVIII",,Beth Bayer,FL,5,KT Thoroughbreds,10000,,,,,,,,
656,I,2023,,CH,C,04/18/2023,Tiz the Law,Susan Elaine,412,,,Hare Hill Farm,,Hare Hill Farm,MD,2,Tamara Huber-Wendt,35000,,,,,,,,
657,I,2019,Karen's Broomstick,B,M,04/25/2019,Into Mischief,Topic,434,,,"Thorostock LLC, Agent I",,Thorostock LLC,KY,4,Afleet Equine Services,4000,,,,,,,,
658,I,2023,,B,F,04/08/2023,Tacitus,Angel of the Nile,20,,,Hare Hill Farm,,Hare Hill Farm,MD,2,RNA,-19000,,,,,,,,
659,I,2023,,B,F,03/21/2023,Girvin,Awesome Dama,30,,,Hare Hill Farm,,Hare Hill Farm,MD,2,Tahoe Bloodstock,65000,,,,,,,,
660,O,2023,,GR/RO,C,02/17/2023,Curlin's Honor,Beautiful Maria,38,,,"Kaizen Sales (Richard Kent), Agent XIV",,Kaizen Sales (Richard Kent),FL,7,OUT,,,01/16/2024,,,,,,
661,I,2023,Really Crafty,DB/BR,C,05/01/2023,Gone Astray,Codera,78,,,"Beth Bayer, Agent XXVIII",,Beth Bayer,FL,5,Shaguanta Kepple,3000,,,,,,,,
662,I,2023,Cantina,DB/BR,F,03/28/2023,Ami's Flatter,Cottina,86,,,"Beth Bayer, Agent XXVIII",,Beth Bayer,FL,5,Alejandro Vargas,3500,,,,,,,,
663,I,2023,,DB/BR,F,03/27/2023,Neolithic,Courageous Julie,89,,,Hare Hill Farm,,Hare Hill Farm,MD,2,Jose Juan Vazquez,3000,,,,,,,,